va	rva	size	module	source	symbol
0x140015930	0x15930	64	achievement	original/achievement.cpp	achievement_checkForPlatinum
0x140015970	0x15970	60	achievement	original/achievement.cpp	achievement_complete
0x1400159B0	0x159B0	3	achievement	original/achievement.cpp	achievement_destroy
0x1400159C0	0x159C0	5	achievement	original/achievement.cpp	achievement_getcomplete
0x1400159D0	0x159D0	14	achievement	original/achievement.cpp	achievement_getcount
0x1400159E0	0x159E0	14	achievement	original/achievement.cpp	achievement_update
0x1400159F0	0x159F0	8	ai	original/ai.c	__local_stdio_printf_options
0x140015A00	0x15A00	204	ai	original/ai.c	ai_CheckBounds
0x140015AD0	0x15AD0	97	ai	original/ai.c	ai_Death
0x140015B40	0x15B40	417	ai	original/ai.c	ai_DefendCheck
0x140015CF0	0x15CF0	270	ai	original/ai.c	ai_FindFarPlayer
0x140015E00	0x15E00	245	ai	original/ai.c	ai_FindNearestPlayer
0x140015F00	0x15F00	870	ai	original/ai.c	ai_FireWeapon
0x140016270	0x16270	22	ai	original/ai.c	ai_GetAIHandle
0x140016290	0x16290	76	ai	original/ai.c	ai_GetAiDataValue
0x1400162E0	0x162E0	32	ai	original/ai.c	ai_GetAiDataValueN
0x140016300	0x16300	33	ai	original/ai.c	ai_GetAiSeqValue
0x140016330	0x16330	386	ai	original/ai.c	ai_HthAttack
0x1400164C0	0x164C0	697	ai	original/ai.c	ai_LoadAI
0x140016780	0x16780	3	ai	original/ai.c	ai_Main
0x140016790	0x16790	386	ai	original/ai.c	ai_RangedAttack
0x140016920	0x16920	581	ai	original/ai.c	ai_SeqAttack
0x140016B70	0x16B70	252	ai	original/ai.c	ai_SetTarget
0x140016C70	0x16C70	382	ai	original/ai.c	ai_Throw
0x140016DF0	0x16DF0	48	ai	original/ai.c	ai_ValidateData
0x140016E20	0x16E20	436	ai	original/ai.c	ai_WalkToPoint
0x140016FE0	0x16FE0	835	ai	original/ai.c	ai_WalkWayPoints
0x140017330	0x17330	212	ai	original/ai.c	ai_WalktoPlayer
0x140017410	0x17410	93	ai	original/ai.c	sprintf
0x140017470	0x17470	201	alloc	original/alloc.c	memalloc
0x140017540	0x17540	165	alloc	original/alloc.c	memfree
0x1400175F0	0x175F0	49	alloc	original/alloc.c	meminit
0x140017630	0x17630	12	alloc	original/alloc.c	memsize
0x140017640	0x17640	119	alltext	original/alltext.c	generateAllText
0x1400176C0	0x176C0	29	alltext	original/alltext.c	getDefaultFontFile
0x1400176E0	0x176E0	109	alltext	original/alltext.c	getFontFile
0x140017750	0x17750	310	anim	original/anim.c	anim_AddNextAnimSeq
0x140017890	0x17890	114	anim	original/anim.c	anim_CheckSlack
0x140017910	0x17910	208	anim	original/anim.c	anim_CreateObject
0x1400179E0	0x179E0	868	anim	original/anim.c	anim_CreateTweenFrame
0x140017D50	0x17D50	672	anim	original/anim.c	anim_ForceNextAnimSeq
0x140017FF0	0x17FF0	1279	anim	original/anim.c	anim_GetAnimFrame
0x1400184F0	0x184F0	143	anim	original/anim.c	anim_GlobalInit
0x140018580	0x18580	837	anim	original/anim.c	anim_GoNextAnimFrame
0x1400188D0	0x188D0	366	anim	original/anim.c	anim_HandleSound
0x140018A40	0x18A40	264	anim	original/anim.c	anim_InitAnimations
0x140018B50	0x18B50	492	anim	original/anim.c	anim_MotionRecovery
0x140018D40	0x18D40	98	anim	original/anim.c	anim_ProcessAnimations
0x140018DB0	0x18DB0	964	anim	original/anim.c	anim_SkipToStartFrame
0x140019180	0x19180	642	anim	original/anim.c	anim_SoundStart
0x140019410	0x19410	361	anim	original/anim.c	console_AnimCommand
0x140019580	0x19580	75	anim	original/anim.c	shouldPlayAnimSound
0x1400195D0	0x195D0	144	anim	original/anim.c	shouldReplayAnimSound
0x140019660	0x19660	33	animctrl	original/animctrl.c	animctrl_MotionChain
0x140019690	0x19690	138	animctrl	original/animctrl.c	animctrl_MotionComboChain
0x140019720	0x19720	74	animctrl	original/animctrl.c	animctrl_MotionEqualLock
0x140019770	0x19770	74	animctrl	original/animctrl.c	animctrl_MotionLock
0x1400197C0	0x197C0	92	animctrl	original/animctrl.c	animctrl_MotionLockLevel
0x140019820	0x19820	61	animctrl	original/animctrl.c	animctrl_MotionNoLock
0x140019860	0x19860	100	animutil	original/animutil.c	anim_CheckFreeze
0x1400198D0	0x198D0	37	animutil	original/animutil.c	anim_GetSeqFrameRange
0x140019900	0x19900	23	animutil	original/animutil.c	anim_GetTargetContext
0x140019920	0x19920	23	animutil	original/animutil.c	anim_GetTargetPartNum
0x140019940	0x19940	31	animutil	original/animutil.c	anim_GetTargetSeqPtr
0x140019960	0x19960	133	animutil	original/animutil.c	anim_ResetJedi
0x1400199F0	0x199F0	3	animutil	original/animutil.c	anim_gDumpSeq
0x140019A00	0x19A00	26	animutil	original/animutil.c	animutl_FlushSeqQueue
0x140019A20	0x19A20	15	animutil	original/animutil.c	animutl_GetCurrentLock
0x140019A30	0x19A30	19	animutil	original/animutil.c	animutl_GetLockLevel
0x140019A50	0x19A50	42	animutil	original/animutil.c	animutl_GetPercentPlayed
0x140019A80	0x19A80	15	animutil	original/animutil.c	animutl_GetTweeningFramesLeft
0x140019A90	0x19A90	121	animutil	original/animutil.c	animutl_GetWindow
0x140019B10	0x19B10	26	animutil	original/animutil.c	animutl_SetCurrentLock
0x140019B30	0x19B30	29	animutil	original/animutil.c	animutl_gGetCurrentAnimLength
0x140019B50	0x19B50	36	animutil	original/animutil.c	animutl_gGetCurrentFrameIndex
0x140019B80	0x19B80	27	animutil	original/animutil.c	animutl_gPauseAnim
0x140019BA0	0x19BA0	179	animutil	original/animutil.c	animutl_gRestartAnim
0x140019C60	0x19C60	35	animutil	original/animutil.c	animutl_gScaleAnimFrameRate
0x140019C90	0x19C90	14	animutil	original/animutil.c	animutl_gSetAnimFrameRate
0x140019CA0	0x19CA0	35	animutil	original/animutil.c	animutl_gSetCurrentFrameIndex
0x140019CD0	0x19CD0	15	animutil	original/animutil.c	animutl_gUnPauseAnim
0x140019CE0	0x19CE0	25	boss	original/boss.c	ai_Deadly
0x140019D00	0x19D00	6	boss	original/boss.c	ai_Destroyer
0x140019D10	0x19D10	448	boss	original/boss.c	ai_JarJar
0x140019ED0	0x19ED0	1977	boss	original/boss.c	ai_Kadu
0x14001A690	0x1A690	51	boss	original/boss.c	ai_Krakis
0x14001A6D0	0x1A6D0	1143	boss	original/boss.c	ai_LoaderDroid
0x14001AB50	0x1AB50	527	boss	original/boss.c	ai_Maul
0x14001AD60	0x1AD60	237	boss	original/boss.c	ai_Mtt
0x14001AE50	0x1AE50	191	boss	original/boss.c	ai_ShowFlags
0x14001AF10	0x1AF10	249	boss	original/boss.c	ai_Sphere
0x14001B010	0x1B010	1148	boss	original/boss.c	ai_StarFighter
0x14001B490	0x1B490	587	boss	original/boss.c	ai_Thug
0x14001B6E0	0x1B6E0	2927	boss	original/boss.c	ai_TurretDroid
0x14001C250	0x1C250	51	boss	original/boss.c	ai_Worm
0x14001C290	0x1C290	414	boss	original/boss.c	boss_StarFighterBlaster
0x14001C430	0x1C430	93	boss	original/boss.c	maul_PushCallBack
0x14001C490	0x1C490	93	boss	original/boss.c	maul_RingCallBack
0x14001C4F0	0x1C4F0	833	boss	original/boss.c	maul_ZapCallBack
0x14001C840	0x1C840	227	brain	original/brain.c	brain_CheckForEffects
0x14001C930	0x1C930	3954	brain	original/brain.c	brain_ControlPlayer
0x14001D8B0	0x1D8B0	125	brain	original/brain.c	brain_DoRingOffEffect
0x14001D930	0x1D930	111	brain	original/brain.c	brain_DoRingOnEffect
0x14001D9A0	0x1D9A0	680	brain	original/brain.c	brain_GroundControl
0x14001DC50	0x1DC50	85	brain	original/brain.c	brain_HangCallback
0x14001DCB0	0x1DCB0	336	brain	original/brain.c	brain_LockOn
0x14001DE00	0x1DE00	68	brain	original/brain.c	brain_SetFallTrajectory
0x14001DE50	0x1DE50	126	brain	original/brain.c	brain_SetJumpTrajectory
0x14001DED0	0x1DED0	258	brain	original/brain.c	brain_SetTrajectory
0x14001DFE0	0x1DFE0	136	brain	original/brain.c	brain_SkidCallBack
0x14001E070	0x1E070	60	brain	original/brain.c	brain_SwapVelDirCallBack
0x14001E0B0	0x1E0B0	154	brain	original/brain.c	brain_TakeOff
0x14001E150	0x1E150	284	brain	original/brain.c	brain_ThrowEnder
0x14001E270	0x1E270	477	brain	original/brain.c	brain_ValidateLockOn
0x14001E450	0x1E450	239	braindmg	original/braindmg.c	braindmg_AirHitReaction
0x14001E540	0x1E540	71	braindmg	original/braindmg.c	braindmg_BlockEffects
0x14001E590	0x1E590	779	braindmg	original/braindmg.c	braindmg_Blocking
0x14001E8A0	0x1E8A0	4255	braindmg	original/braindmg.c	braindmg_DamageControl
0x14001F940	0x1F940	102	braindmg	original/braindmg.c	braindmg_DamageEffects
0x14001F9B0	0x1F9B0	111	braindmg	original/braindmg.c	braindmg_DamageTracker
0x14001FA20	0x1FA20	1577	braindmg	original/braindmg.c	braindmg_DeathReaction
0x140020050	0x20050	161	braindmg	original/braindmg.c	braindmg_FindHitReaction
0x140020100	0x20100	563	braindmg	original/braindmg.c	braindmg_HitReaction
0x140020340	0x20340	462	braindmg	original/braindmg.c	braindmg_LevelDamage
0x140020510	0x20510	38	braindmg	original/braindmg.c	braindmg_LogHits
0x140020540	0x20540	31	braindmg	original/braindmg.c	braindmg_ResetDamageTracker
0x140020560	0x20560	214	brainutl	original/brainutl.c	brainutil_PauseControl
0x140020640	0x20640	286	brainutl	original/brainutl.c	brainutil_PlotMaulTrajectory
0x140020760	0x20760	1086	brainutl	original/brainutl.c	brainutil_PlotTrajectory
0x140020BA0	0x20BA0	109	brainutl	original/brainutl.c	brainutil_ReverseCheck
0x140020C10	0x20C10	17	brainutl	original/brainutl.c	brainutil_limitRange
0x140020C30	0x20C30	69	brainutl	original/brainutl.c	brainutl_AddSabreEdge
0x140020C80	0x20C80	1543	brainutl	original/brainutl.c	brainutl_ConformGeomNodes
0x140021290	0x21290	18	brainutl	original/brainutl.c	brainutl_DeltaTime
0x1400212B0	0x212B0	27	brainutl	original/brainutl.c	brainutl_ElapsedTime
0x1400212D0	0x212D0	30	brainutl	original/brainutl.c	brainutl_FindLSB
0x1400212F0	0x212F0	29	brainutl	original/brainutl.c	brainutl_FindLSB_LV
0x140021310	0x21310	249	brainutl	original/brainutl.c	brainutl_HeldPad
0x140021410	0x21410	382	brainutl	original/brainutl.c	brainutl_Land
0x140021590	0x21590	362	brainutl	original/brainutl.c	brainutl_MultiPad
0x140021700	0x21700	61	brainutl	original/brainutl.c	brainutl_PlayMotionSound
0x140021740	0x21740	363	brainutl	original/brainutl.c	brainutl_gGetNearestTarget
0x1400218B0	0x218B0	398	bucket	original/bucket.c	bucketCopy
0x140021A40	0x21A40	234	bucket	original/bucket.c	bucketDecompressRLRandom
0x140021B30	0x21B30	455	bucket	original/bucket.c	bucketFindFile
0x140021D00	0x21D00	438	bucket	original/bucket.c	bucketFindSubname
0x140021EC0	0x21EC0	42	bucket	original/bucket.c	bucketFront
0x140021EF0	0x21EF0	6	bucket	original/bucket.c	bucketHandleCommand
0x140021F00	0x21F00	6	bucket	original/bucket.c	bucketHandler
0x140021F10	0x21F10	19	bucket	original/bucket.c	bucketJedi
0x140021F30	0x21F30	113	bucket	original/bucket.c	bucketLevelLoad
0x140021FB0	0x21FB0	12	bucket	original/bucket.c	bucketLevels
0x140021FC0	0x21FC0	347	bucket	original/bucket.c	bucketLoadBuk
0x140022120	0x22120	130	bucket	original/bucket.c	bucketRLDecompress
0x1400221B0	0x221B0	72	bucket	original/bucket.c	bucketStringToCaps
0x140022200	0x22200	12	bucket	original/bucket.c	checkBucketFP
0x140022210	0x22210	3	bucket	original/bucket.c	closeBucketLog
0x140022220	0x22220	137	bucket	original/bucket.c	debugBucket
0x1400222B0	0x222B0	148	bucket	original/bucket.c	gammaHandler
0x140022350	0x22350	12	bucket	original/bucket.c	gdirHandler
0x140022360	0x22360	5	bucket	original/bucket.c	gdirOutput
0x140022370	0x22370	42	bucket	original/bucket.c	initBucket
0x1400223A0	0x223A0	173	bucket	original/bucket.c	memConsoleHandler
0x140022450	0x22450	3	bucket	original/bucket.c	openBucket
0x140022460	0x22460	11	bucket	original/bucket.c	openBucketLog
0x140022470	0x22470	3	bucket	original/bucket.c	pauseUnpauseBucket
0x140022480	0x22480	83	bucket	original/bucket.c	printf
0x1400224E0	0x224E0	244	bucket	original/bucket.c	ramBukChecksum
0x1400225E0	0x225E0	3	bucket	original/bucket.c	updateBucket
0x1400225F0	0x225F0	347	bucket	original/bucket.c	updateBucketWrapper
0x140022750	0x22750	17	bucket	original/bucket.c	vmemHandler
0x140022770	0x22770	11	bucket	original/bucket.c	writeBucketFileLog
0x140022780	0x22780	30	bullet	original/bullet.c	TerminateSFXString
0x1400227A0	0x227A0	61	bullet	original/bullet.c	bullet_AllocProjectile
0x1400227E0	0x227E0	2178	bullet	original/bullet.c	bullet_CallBack
0x140023070	0x23070	3	bullet	original/bullet.c	bullet_Dummy
0x140023080	0x23080	124	bullet	original/bullet.c	bullet_Explosion
0x140023100	0x23100	5	bullet	original/bullet.c	bullet_FreeProjectile
0x140023110	0x23110	608	bullet	original/bullet.c	bullet_InitProjectilePool
0x140023370	0x23370	909	bullet	original/bullet.c	bullet_ShootProjectile
0x140023700	0x23700	42	camera	original/camera.c	camLerp
0x140023730	0x23730	279	camera	original/camera.c	camera_Camera2ViewVector
0x140023850	0x23850	578	camera	original/camera.c	camera_CameraSlide
0x140023AA0	0x23AA0	66	camera	original/camera.c	camera_GetCamera
0x140023AF0	0x23AF0	7	camera	original/camera.c	camera_GetCurrentCameraType
0x140023B00	0x23B00	96	camera	original/camera.c	camera_GetLocation
0x140023B60	0x23B60	7	camera	original/camera.c	camera_GetViewType
0x140023B70	0x23B70	331	camera	original/camera.c	camera_RestoreCameras
0x140023CC0	0x23CC0	99	camera	original/camera.c	camera_ScrollCamera
0x140023D30	0x23D30	2093	camera	original/camera.c	camera_SetCameraPos
0x140024560	0x24560	832	camera	original/camera.c	camera_SetCameras
0x1400248A0	0x248A0	97	camera	original/camera.c	camera_SetCurrentCameraType
0x140024910	0x24910	36	camera	original/camera.c	camera_SetFocusedCameraFocus
0x140024940	0x24940	17	camera	original/camera.c	camera_SetShake
0x140024960	0x24960	7	camera	original/camera.c	camera_SetViewType
0x140024970	0x24970	93	camera	original/camera.c	camera_SnapCamera
0x1400249D0	0x249D0	2785	camera	original/camera.c	camera_StuffCamera
0x1400254C0	0x254C0	5	camera	original/camera.c	camera_gGetLocation
0x1400254D0	0x254D0	171	camera	original/camera.c	console_CamerasCommand
0x140025580	0x25580	28	camera	original/camera.c	lerp
0x1400255A0	0x255A0	23	camera	original/camera.c	map
0x1400255C0	0x255C0	67	camera	original/camera.c	mapClamped
0x140025610	0x25610	31	camera	original/camera.c	mapDouble
0x140025630	0x25630	197	collisn	original/collisn.c	coll_4DCollision
0x140025700	0x25700	37	collisn	original/collisn.c	coll_CheckForEventNode
0x140025730	0x25730	37	collisn	original/collisn.c	coll_CheckForHotNode
0x140025760	0x25760	37	collisn	original/collisn.c	coll_CheckForSabreNode
0x140025790	0x25790	952	collisn	original/collisn.c	coll_CheckNodeCollision
0x140025B50	0x25B50	1361	collisn	original/collisn.c	coll_CheckProjectileCollision
0x1400260B0	0x260B0	37	collisn	original/collisn.c	coll_ChkNodeFlags
0x1400260E0	0x260E0	38	collisn	original/collisn.c	coll_ClrNodeFlags
0x140026110	0x26110	28	collisn	original/collisn.c	coll_GetNode
0x140026130	0x26130	62	collisn	original/collisn.c	coll_GetNodeCenter
0x140026170	0x26170	32	collisn	original/collisn.c	coll_GetNodeRotation
0x140026190	0x26190	32	collisn	original/collisn.c	coll_GetNodeRotationAbs
0x1400261B0	0x261B0	57	collisn	original/collisn.c	coll_GetNodeRotationDelta
0x1400261F0	0x261F0	32	collisn	original/collisn.c	coll_GetNodeTranslation
0x140026210	0x26210	32	collisn	original/collisn.c	coll_GetNodeVelocity
0x140026230	0x26230	76	collisn	original/collisn.c	coll_IncNodeRotationAbs
0x140026280	0x26280	76	collisn	original/collisn.c	coll_IncNodeRotationDelta
0x1400262D0	0x262D0	58	collisn	original/collisn.c	coll_ResetCollisionSystem
0x140026310	0x26310	71	collisn	original/collisn.c	coll_ResetPlayerCollision
0x140026360	0x26360	48	collisn	original/collisn.c	coll_SetNodeFlags
0x140026390	0x26390	76	collisn	original/collisn.c	coll_SetNodeRotationAbs
0x1400263E0	0x263E0	76	collisn	original/collisn.c	coll_SetNodeRotationDelta
0x140026430	0x26430	54	collisn	original/collisn.c	coll_SetNodeTranslation
0x140026470	0x26470	33	collisn	original/collisn.c	coll_SetNodeZBufferOffset
0x1400264A0	0x264A0	267	collisn	original/collisn.c	coll_gCheckHotNodes
0x1400265B0	0x265B0	143	collisn	original/collisn.c	coll_gRegisterNode
0x140026640	0x26640	38	collisn	original/collisn.c	old_coll_ZeroNodeTranslation
0x140026670	0x26670	3	colorb	original/colorb.c	cb_DrawList
0x140026680	0x26680	51	colorb	original/colorb.c	cb_FreeList
0x1400266C0	0x266C0	12	colorb	original/colorb.c	cb_InitColorBasic
0x1400266D0	0x266D0	184	colorb	original/colorb.c	console_CircleCommand
0x140026790	0x26790	225	colorb	original/colorb.c	console_LineCommand
0x140026880	0x26880	201	colorb	original/colorb.c	console_MoveCommand
0x140026950	0x26950	434	colorb	original/colorb.c	console_PointCommand
0x140026B10	0x26B10	83	colorb	original/colorb.c	console_ScreenClearCommand
0x140026B70	0x26B70	1680	combo	original/combo.c	combo_CheckCombo
0x140027200	0x27200	209	combo	original/combo.c	combo_CheckHeldPad
0x1400272E0	0x272E0	342	combo	original/combo.c	combo_CheckPreCombo
0x140027440	0x27440	36	combo	original/combo.c	combo_GetHeldTime
0x140027470	0x27470	568	combo	original/combo.c	combo_InitComboData
0x1400276B0	0x276B0	409	combo	original/combo.c	combo_ReadCombo
0x140027850	0x27850	596	combo	original/combo.c	combo_ResetComboEngine
0x140027AB0	0x27AB0	51	combo	original/combo.c	combo_ValidComboAward
0x140027AF0	0x27AF0	265	compress	original/compress.c	comp_AddFrames
0x140027C00	0x27C00	206	compress	original/compress.c	comp_GetDeltaFrame
0x140027CD0	0x27CD0	100	compress	original/compress.c	comp_GetFrameTrans
0x140027D40	0x27D40	1081	compress	original/compress.c	comp_GetSVector
0x140028180	0x28180	100	console	original/console.c	ascii2hex
0x1400281F0	0x281F0	171	console	original/console.c	console_AddCommand
0x1400282A0	0x282A0	163	console	original/console.c	console_AddString
0x140028350	0x28350	131	console	original/console.c	console_BackSpace
0x1400283E0	0x283E0	230	console	original/console.c	console_ClearCommandLine
0x1400284D0	0x284D0	76	console	original/console.c	console_Cls
0x140028520	0x28520	145	console	original/console.c	console_CommandCard
0x1400285C0	0x285C0	81	console	original/console.c	console_CommandCls
0x140028620	0x28620	308	console	original/console.c	console_CommandColor
0x140028760	0x28760	148	console	original/console.c	console_CommandDelete
0x140028800	0x28800	129	console	original/console.c	console_CommandDir
0x140028890	0x28890	64	console	original/console.c	console_CommandDump
0x1400288D0	0x288D0	60	console	original/console.c	console_CommandExit
0x140028910	0x28910	159	console	original/console.c	console_CommandHelp
0x1400289B0	0x289B0	330	console	original/console.c	console_CommandHistory
0x140028B00	0x28B00	657	console	original/console.c	console_CommandKey
0x140028DA0	0x28DA0	97	console	original/console.c	console_CommandList
0x140028E10	0x28E10	428	console	original/console.c	console_CommandLoadKeys
0x140028FC0	0x28FC0	60	console	original/console.c	console_CommandLoadProgram
0x140029000	0x29000	54	console	original/console.c	console_CommandNew
0x140029040	0x29040	61	console	original/console.c	console_CommandRun
0x140029080	0x29080	1186	console	original/console.c	console_CommandSaveKeys
0x140029530	0x29530	60	console	original/console.c	console_CommandSaveProgram
0x140029570	0x29570	358	console	original/console.c	console_Display
0x1400296E0	0x296E0	43	console	original/console.c	console_EnableConsoleCommand
0x140029710	0x29710	211	console	original/console.c	console_Execute
0x1400297F0	0x297F0	1581	console	original/console.c	console_HandleConsole
0x140029E20	0x29E20	11	console	original/console.c	console_HideConsole
0x140029E30	0x29E30	2092	console	original/console.c	console_Init
0x14002A660	0x2A660	28	console	original/console.c	console_NabKeyboard
0x14002A680	0x2A680	81	console	original/console.c	console_NextLine
0x14002A6E0	0x2A6E0	147	console	original/console.c	console_Printf
0x14002A780	0x2A780	617	console	original/console.c	console_ProcessCommandLine
0x14002A9F0	0x2A9F0	13	console	original/console.c	console_ReleaseKeyboard
0x14002AA00	0x2AA00	173	console	original/console.c	console_ResetCommandLine
0x14002AAB0	0x2AAB0	11	console	original/console.c	console_ShowConsole
0x14002AAC0	0x2AAC0	54	console	original/console.c	findbinding
0x14002AB00	0x2AB00	146	console	original/console.c	findkey
0x14002ABA0	0x2ABA0	565	cube	original/cube.c	GPUcluts
0x14002ADE0	0x2ADE0	3	cube	original/cube.c	cube_GetCubeAmbientLight
0x14002ADF0	0x2ADF0	18	cube	original/cube.c	cube_HideMesh
0x14002AE10	0x2AE10	241	cube	original/cube.c	cube_InitVisibility
0x14002AF10	0x2AF10	2156	cube	original/cube.c	cube_NewWorldRender
0x14002B780	0x2B780	18	cube	original/cube.c	cube_ShowMesh
0x14002B7A0	0x2B7A0	1987	cube	original/cube.c	initUVs
0x14002BF70	0x2BF70	2994	cube	original/cube.c	plotsomecubes
0x14002CB30	0x2CB30	515	cube	original/cube.c	twatcameramatrix
0x14002CD40	0x2CD40	8	d3dapp	original/d3d/d3dapp.cpp	Microsoft::WRL::operator!=<IDxcBlobUtf8>
0x14002CD50	0x2CD50	4	d3dapp	original/d3d/d3dapp.cpp	IID_PPV_ARGS_Helper<ID3D12CommandAllocator>
0x14002CD60	0x2CD60	4	d3dapp	original/d3d/d3dapp.cpp	IID_PPV_ARGS_Helper<ID3D12CommandQueue>
0x14002CD70	0x2CD70	4	d3dapp	original/d3d/d3dapp.cpp	IID_PPV_ARGS_Helper<ID3D12DescriptorHeap>
0x14002CD80	0x2CD80	4	d3dapp	original/d3d/d3dapp.cpp	IID_PPV_ARGS_Helper<ID3D12Device>
0x14002CD90	0x2CD90	4	d3dapp	original/d3d/d3dapp.cpp	IID_PPV_ARGS_Helper<ID3D12Fence>
0x14002CDA0	0x2CDA0	4	d3dapp	original/d3d/d3dapp.cpp	IID_PPV_ARGS_Helper<ID3D12GraphicsCommandList>
0x14002CDB0	0x2CDB0	4	d3dapp	original/d3d/d3dapp.cpp	IID_PPV_ARGS_Helper<ID3D12PipelineState>
0x14002CDC0	0x2CDC0	4	d3dapp	original/d3d/d3dapp.cpp	IID_PPV_ARGS_Helper<ID3D12Resource>
0x14002CDD0	0x2CDD0	4	d3dapp	original/d3d/d3dapp.cpp	IID_PPV_ARGS_Helper<ID3D12RootSignature>
0x14002CDE0	0x2CDE0	4	d3dapp	original/d3d/d3dapp.cpp	IID_PPV_ARGS_Helper<IDXGIFactory6>
0x14002CDF0	0x2CDF0	4	d3dapp	original/d3d/d3dapp.cpp	IID_PPV_ARGS_Helper<IDXGISwapChain3>
0x14002CE00	0x2CE00	4	d3dapp	original/d3d/d3dapp.cpp	IID_PPV_ARGS_Helper<IDxcBlob>
0x14002CE10	0x2CE10	4	d3dapp	original/d3d/d3dapp.cpp	IID_PPV_ARGS_Helper<IDxcBlobUtf8>
0x14002CE20	0x2CE20	4	d3dapp	original/d3d/d3dapp.cpp	IID_PPV_ARGS_Helper<IDxcCompiler3>
0x14002CE30	0x2CE30	4	d3dapp	original/d3d/d3dapp.cpp	IID_PPV_ARGS_Helper<IDxcResult>
0x14002CE40	0x2CE40	4	d3dapp	original/d3d/d3dapp.cpp	IID_PPV_ARGS_Helper<IDxcUtils>
0x14002CE50	0x2CE50	4	d3dapp	original/d3d/d3dapp.cpp	IID_PPV_ARGS_Helper<ABI::Windows::Gaming::UI::IGameBarStatics>
0x14002CE60	0x2CE60	40	d3dapp	original/d3d/d3dapp.cpp	IID_PPV_ARGS_Helper<Microsoft::WRL::ComPtr<IDXGIAdapter1> >
0x14002CE90	0x2CE90	40	d3dapp	original/d3d/d3dapp.cpp	IID_PPV_ARGS_Helper<Microsoft::WRL::ComPtr<IDxcBlob> >
0x14002CEC0	0x2CEC0	40	d3dapp	original/d3d/d3dapp.cpp	IID_PPV_ARGS_Helper<Microsoft::WRL::ComPtr<IDxcBlobUtf8> >
0x14002CEF0	0x2CEF0	40	d3dapp	original/d3d/d3dapp.cpp	IID_PPV_ARGS_Helper<Microsoft::WRL::ComPtr<IDxcCompiler3> >
0x14002CF20	0x2CF20	40	d3dapp	original/d3d/d3dapp.cpp	IID_PPV_ARGS_Helper<Microsoft::WRL::ComPtr<IDxcResult> >
0x14002CF50	0x2CF50	40	d3dapp	original/d3d/d3dapp.cpp	IID_PPV_ARGS_Helper<Microsoft::WRL::ComPtr<IDxcUtils> >
0x14002CF80	0x2CF80	58	d3dapp	original/d3d/d3dapp.cpp	std::_Allocate_manually_vector_aligned<std::_Default_allocate_traits>
0x14002CFC0	0x2CFC0	270	d3dapp	original/d3d/d3dapp.cpp	std::basic_string<char,std::char_traits<char>,std::allocator<char> >::_Construct<1,char const *>
0x14002D0D0	0x2D0D0	23	d3dapp	original/d3d/d3dapp.cpp	std::_Copy_backward_memmove<SpriteDraw *,SpriteDraw *>
0x14002D0F0	0x2D0F0	48	d3dapp	original/d3d/d3dapp.cpp	std::_Copy_memmove<unsigned char *,unsigned char *>
0x14002D120	0x2D120	48	d3dapp	original/d3d/d3dapp.cpp	std::_Copy_memmove<wchar_t const * *,wchar_t const * *>
0x14002D150	0x2D150	48	d3dapp	original/d3d/d3dapp.cpp	std::_Copy_memmove<SpriteDraw *,SpriteDraw *>
0x14002D180	0x2D180	569	d3dapp	original/d3d/d3dapp.cpp	std::vector<SpriteDraw,std::allocator<SpriteDraw> >::_Emplace_reallocate<SpriteDraw const &>
0x14026F6B0	0x26F6B0	43	d3dapp	original/d3d/d3dapp.cpp	`std::vector<SpriteDraw,std::allocator<SpriteDraw> >::_Emplace_reallocate<SpriteDraw const &>'::`1'::catch$0
0x14002D3C0	0x2D3C0	415	d3dapp	original/d3d/d3dapp.cpp	std::vector<wchar_t const *,std::allocator<wchar_t const *> >::_Emplace_reallocate<wchar_t const *>
0x14026F6E0	0x26F6E0	40	d3dapp	original/d3d/d3dapp.cpp	`std::vector<wchar_t const *,std::allocator<wchar_t const *> >::_Emplace_reallocate<wchar_t const *>'::`1'::catch$0
0x14002D560	0x2D560	191	d3dapp	original/d3d/d3dapp.cpp	std::_Tree_val<std::_Tree_simple_types<std::pair<std::basic_string<char,std::char_traits<char>,std::allocator<char> > const ,_Material *> > >::_Erase_tree<std::allocator<std::_Tree_node<std::pair<std::basic_string<char,std::char_traits<char>,std::allocator<char> > const ,_Material *>,void *> > >
0x14002D620	0x2D620	15	d3dapp	original/d3d/d3dapp.cpp	std::_Fill_zero_memset<int *>
0x14002D630	0x2D630	8	d3dapp	original/d3d/d3dapp.cpp	std::_Immortalize_memcpy_image<std::_Future_error_category2>
0x14002D640	0x2D640	7	d3dapp	original/d3d/d3dapp.cpp	std::_Is_all_bits_zero<int>
0x14002D650	0x2D650	392	d3dapp	original/d3d/d3dapp.cpp	std::_Med3_unchecked<SpriteDraw *,<lambda_5b4adf6faf65c01d426ffae0d97f784a> >
0x14002D7E0	0x2D7E0	2092	d3dapp	original/d3d/d3dapp.cpp	std::_Partition_by_median_guess_unchecked<SpriteDraw *,<lambda_5b4adf6faf65c01d426ffae0d97f784a> >
0x14002E010	0x2E010	518	d3dapp	original/d3d/d3dapp.cpp	std::_Pop_heap_hole_by_index<SpriteDraw *,SpriteDraw,<lambda_5b4adf6faf65c01d426ffae0d97f784a> >
0x14002E220	0x2E220	323	d3dapp	original/d3d/d3dapp.cpp	std::vector<unsigned char,std::allocator<unsigned char> >::_Resize_reallocate<std::_Value_init_tag>
0x14026F710	0x26F710	40	d3dapp	original/d3d/d3dapp.cpp	`std::vector<unsigned char,std::allocator<unsigned char> >::_Resize_reallocate<std::_Value_init_tag>'::`1'::catch$0
0x14002E370	0x2E370	1421	d3dapp	original/d3d/d3dapp.cpp	std::_Sort_unchecked<SpriteDraw *,<lambda_5b4adf6faf65c01d426ffae0d97f784a> >
0x14002E900	0x2E900	31	d3dapp	original/d3d/d3dapp.cpp	std::_Zero_range<unsigned char *>
0x14002E920	0x2E920	32	d3dapp	original/d3d/d3dapp.cpp	std::uninitialized_fill<std::_List_unchecked_iterator<std::_List_val<std::_List_simple_types<std::pair<std::basic_string<char,std::char_traits<char>,std::allocator<char> > const ,_Material *> > > > *,std::_List_unchecked_iterator<std::_List_val<std::_List_simple_types<std::pair<std::basic_string<char,std::char_traits<char>,std::allocator<char> > const ,_Material *> > > > >
0x14002E940	0x2E940	792	d3dapp	original/d3d/d3dapp.cpp	CD3DApplication::CD3DApplication
0x14026F740	0x26F740	16	d3dapp	original/d3d/d3dapp.cpp	`CD3DApplication::CD3DApplication'::`1'::dtor$0
0x14026F750	0x26F750	16	d3dapp	original/d3d/d3dapp.cpp	`CD3DApplication::CD3DApplication'::`1'::dtor$1
0x14026F760	0x26F760	16	d3dapp	original/d3d/d3dapp.cpp	`CD3DApplication::CD3DApplication'::`1'::dtor$2
0x14026F770	0x26F770	19	d3dapp	original/d3d/d3dapp.cpp	`CD3DApplication::CD3DApplication'::`1'::dtor$3
0x14026F7F0	0x26F7F0	16	d3dapp	original/d3d/d3dapp.cpp	`CD3DApplication::CD3DApplication'::`1'::dtor$12
0x14026F800	0x26F800	16	d3dapp	original/d3d/d3dapp.cpp	`CD3DApplication::CD3DApplication'::`1'::dtor$13
0x14026F790	0x26F790	19	d3dapp	original/d3d/d3dapp.cpp	`CD3DApplication::CD3DApplication'::`1'::dtor$4
0x14026F7B0	0x26F7B0	19	d3dapp	original/d3d/d3dapp.cpp	`CD3DApplication::CD3DApplication'::`1'::dtor$5
0x14026F7D0	0x26F7D0	19	d3dapp	original/d3d/d3dapp.cpp	`CD3DApplication::CD3DApplication'::`1'::dtor$6
0x14002EC60	0x2EC60	32	d3dapp	original/d3d/d3dapp.cpp	Vertex::Vertex
0x14002EC80	0x2EC80	4	d3dapp	original/d3d/d3dapp.cpp	_D3DLVERTEX::_D3DLVERTEX
0x14002EC90	0x2EC90	60	d3dapp	original/d3d/d3dapp.cpp	std::bad_alloc::bad_alloc
0x14002ECD0	0x2ECD0	60	d3dapp	original/d3d/d3dapp.cpp	std::bad_array_new_length::bad_array_new_length
0x14002ED10	0x2ED10	33	d3dapp	original/d3d/d3dapp.cpp	std::bad_array_new_length::bad_array_new_length
0x14002ED40	0x2ED40	60	d3dapp	original/d3d/d3dapp.cpp	std::bad_optional_access::bad_optional_access
0x14002ED80	0x2ED80	50	d3dapp	original/d3d/d3dapp.cpp	std::exception::exception
0x14002EDC0	0x2EDC0	77	d3dapp	original/d3d/d3dapp.cpp	std::future_error::future_error
0x14002EE10	0x2EE10	100	d3dapp	original/d3d/d3dapp.cpp	std::future_error::future_error
0x14002EE80	0x2EE80	60	d3dapp	original/d3d/d3dapp.cpp	std::logic_error::logic_error
0x14002EEC0	0x2EEC0	60	d3dapp	original/d3d/d3dapp.cpp	std::out_of_range::out_of_range
0x14002EF00	0x2EF00	71	d3dapp	original/d3d/d3dapp.cpp	std::out_of_range::out_of_range
0x14002EF50	0x2EF50	24	d3dapp	original/d3d/d3dapp.cpp	ATL::CComPtr<IDxcBlob>::~CComPtr<IDxcBlob>
0x14002EF70	0x2EF70	24	d3dapp	original/d3d/d3dapp.cpp	ATL::CComPtr<IDxcBlobEncoding>::~CComPtr<IDxcBlobEncoding>
0x14002EF90	0x2EF90	24	d3dapp	original/d3d/d3dapp.cpp	ATL::CComPtr<IDxcBlobUtf8>::~CComPtr<IDxcBlobUtf8>
0x14002EFB0	0x2EFB0	24	d3dapp	original/d3d/d3dapp.cpp	ATL::CComPtr<IDxcCompiler3>::~CComPtr<IDxcCompiler3>
0x14002EFD0	0x2EFD0	24	d3dapp	original/d3d/d3dapp.cpp	ATL::CComPtr<IDxcIncludeHandler>::~CComPtr<IDxcIncludeHandler>
0x14002EFF0	0x2EFF0	24	d3dapp	original/d3d/d3dapp.cpp	ATL::CComPtr<IDxcResult>::~CComPtr<IDxcResult>
0x14002F010	0x2F010	24	d3dapp	original/d3d/d3dapp.cpp	ATL::CComPtr<IDxcUtils>::~CComPtr<IDxcUtils>
0x14002F030	0x2F030	34	d3dapp	original/d3d/d3dapp.cpp	Microsoft::WRL::ComPtr<ABI::Windows::Foundation::IEventHandler<IInspectable *> >::~ComPtr<ABI::Windows::Foundation::IEventHandler<IInspectable *> >
0x14002F060	0x2F060	34	d3dapp	original/d3d/d3dapp.cpp	Microsoft::WRL::ComPtr<IDXGIAdapter1>::~ComPtr<IDXGIAdapter1>
0x14002F090	0x2F090	34	d3dapp	original/d3d/d3dapp.cpp	Microsoft::WRL::ComPtr<IDxcBlob>::~ComPtr<IDxcBlob>
0x14002F0C0	0x2F0C0	34	d3dapp	original/d3d/d3dapp.cpp	Microsoft::WRL::ComPtr<IDxcBlobEncoding>::~ComPtr<IDxcBlobEncoding>
0x14002F0F0	0x2F0F0	34	d3dapp	original/d3d/d3dapp.cpp	Microsoft::WRL::ComPtr<IDxcBlobUtf8>::~ComPtr<IDxcBlobUtf8>
0x14002F120	0x2F120	34	d3dapp	original/d3d/d3dapp.cpp	Microsoft::WRL::ComPtr<IDxcCompiler3>::~ComPtr<IDxcCompiler3>
0x14002F150	0x2F150	34	d3dapp	original/d3d/d3dapp.cpp	Microsoft::WRL::ComPtr<IDxcIncludeHandler>::~ComPtr<IDxcIncludeHandler>
0x14002F180	0x2F180	34	d3dapp	original/d3d/d3dapp.cpp	Microsoft::WRL::ComPtr<IDxcResult>::~ComPtr<IDxcResult>
0x14002F1B0	0x2F1B0	34	d3dapp	original/d3d/d3dapp.cpp	Microsoft::WRL::ComPtr<IDxcUtils>::~ComPtr<IDxcUtils>
0x14002F1E0	0x2F1E0	34	d3dapp	original/d3d/d3dapp.cpp	Microsoft::WRL::ComPtr<IUnknown>::~ComPtr<IUnknown>
0x14002F210	0x2F210	8	d3dapp	original/d3d/d3dapp.cpp	Microsoft::WRL::Details::RuntimeClassImpl<Microsoft::WRL::RuntimeClassFlags<2>,1,0,1,ABI::Windows::Foundation::IEventHandler<IInspectable *> >::~RuntimeClassImpl<Microsoft::WRL::RuntimeClassFlags<2>,1,0,1,ABI::Windows::Foundation::IEventHandler<IInspectable *> >
0x14002F220	0x2F220	101	d3dapp	original/d3d/d3dapp.cpp	std::_Hash<std::_Umap_traits<std::basic_string<char,std::char_traits<char>,std::allocator<char> >,_Material *,std::_Uhash_compare<std::basic_string<char,std::char_traits<char>,std::allocator<char> >,std::hash<std::basic_string<char,std::char_traits<char>,std::allocator<char> > >,std::equal_to<std::basic_string<char,std::char_traits<char>,std::allocator<char> > > >,std::allocator<std::pair<std::basic_string<char,std::char_traits<char>,std::allocator<char> > const ,_Material *> >,0> >::~_Hash<std::_Umap_traits<std::basic_string<char,std::char_traits<char>,std::allocator<char> >,_Material *,std::_Uhash_compare<std::basic_string<char,std::char_traits<char>,std::allocator<char> >,std::hash<std::basic_string<char,std::char_traits<char>,std::allocator<char> > >,std::equal_to<std::basic_string<char,std::char_traits<char>,std::allocator<char> > > >,std::allocator<std::pair<std::basic_string<char,std::char_traits<char>,std::allocator<char> > const ,_Material *> >,0> >
0x14002F290	0x2F290	91	d3dapp	original/d3d/d3dapp.cpp	std::_Hash_vec<std::allocator<std::_List_unchecked_iterator<std::_List_val<std::_List_simple_types<std::pair<std::basic_string<char,std::char_traits<char>,std::allocator<char> > const ,_Material *> > > > > >::~_Hash_vec<std::allocator<std::_List_unchecked_iterator<std::_List_val<std::_List_simple_types<std::pair<std::basic_string<char,std::char_traits<char>,std::allocator<char> > const ,_Material *> > > > > >
0x14002F2F0	0x2F2F0	59	d3dapp	original/d3d/d3dapp.cpp	std::future<void>::~future<void>
0x14002F330	0x2F330	182	d3dapp	original/d3d/d3dapp.cpp	std::list<std::pair<std::basic_string<char,std::char_traits<char>,std::allocator<char> > const ,_Material *>,std::allocator<std::pair<std::basic_string<char,std::char_traits<char>,std::allocator<char> > const ,_Material *> > >::~list<std::pair<std::basic_string<char,std::char_traits<char>,std::allocator<char> > const ,_Material *>,std::allocator<std::pair<std::basic_string<char,std::char_traits<char>,std::allocator<char> > const ,_Material *> > >
0x14002F3F0	0x2F3F0	42	d3dapp	original/d3d/d3dapp.cpp	std::map<std::basic_string<char,std::char_traits<char>,std::allocator<char> >,_Material *,std::less<std::basic_string<char,std::char_traits<char>,std::allocator<char> > >,std::allocator<std::pair<std::basic_string<char,std::char_traits<char>,std::allocator<char> > const ,_Material *> > >::~map<std::basic_string<char,std::char_traits<char>,std::allocator<char> >,_Material *,std::less<std::basic_string<char,std::char_traits<char>,std::allocator<char> > >,std::allocator<std::pair<std::basic_string<char,std::char_traits<char>,std::allocator<char> > const ,_Material *> > >
0x14002F420	0x2F420	20	d3dapp	original/d3d/d3dapp.cpp	std::unique_ptr<DirectX::DX12::CommonStates,std::default_delete<DirectX::DX12::CommonStates> >::~unique_ptr<DirectX::DX12::CommonStates,std::default_delete<DirectX::DX12::CommonStates> >
0x14002F440	0x2F440	46	d3dapp	original/d3d/d3dapp.cpp	std::unique_ptr<D3DTransparencyPass,std::default_delete<D3DTransparencyPass> >::~unique_ptr<D3DTransparencyPass,std::default_delete<D3DTransparencyPass> >
0x14002F470	0x2F470	46	d3dapp	original/d3d/d3dapp.cpp	std::unique_ptr<FontAtlas,std::default_delete<FontAtlas> >::~unique_ptr<FontAtlas,std::default_delete<FontAtlas> >
0x14002F4A0	0x2F4A0	20	d3dapp	original/d3d/d3dapp.cpp	std::unique_ptr<DirectX::DX12::SpriteBatch,std::default_delete<DirectX::DX12::SpriteBatch> >::~unique_ptr<DirectX::DX12::SpriteBatch,std::default_delete<DirectX::DX12::SpriteBatch> >
0x14002F4C0	0x2F4C0	5	d3dapp	original/d3d/d3dapp.cpp	std::unordered_map<std::basic_string<char,std::char_traits<char>,std::allocator<char> >,_Material *,std::hash<std::basic_string<char,std::char_traits<char>,std::allocator<char> > >,std::equal_to<std::basic_string<char,std::char_traits<char>,std::allocator<char> > >,std::allocator<std::pair<std::basic_string<char,std::char_traits<char>,std::allocator<char> > const ,_Material *> > >::~unordered_map<std::basic_string<char,std::char_traits<char>,std::allocator<char> >,_Material *,std::hash<std::basic_string<char,std::char_traits<char>,std::allocator<char> > >,std::equal_to<std::basic_string<char,std::char_traits<char>,std::allocator<char> > >,std::allocator<std::pair<std::basic_string<char,std::char_traits<char>,std::allocator<char> > const ,_Material *> > >
0x14002F4D0	0x2F4D0	91	d3dapp	original/d3d/d3dapp.cpp	std::vector<wchar_t const *,std::allocator<wchar_t const *> >::~vector<wchar_t const *,std::allocator<wchar_t const *> >
0x14002F530	0x2F530	118	d3dapp	original/d3d/d3dapp.cpp	std::vector<SpriteDraw,std::allocator<SpriteDraw> >::~vector<SpriteDraw,std::allocator<SpriteDraw> >
0x14002F5B0	0x2F5B0	118	d3dapp	original/d3d/d3dapp.cpp	std::vector<Vertex,std::allocator<Vertex> >::~vector<Vertex,std::allocator<Vertex> >
0x14002F630	0x2F630	533	d3dapp	original/d3d/d3dapp.cpp	CD3DApplication::~CD3DApplication
0x14002F850	0x2F850	450	d3dapp	original/d3d/d3dapp.cpp	D3DTransparencyPass::~D3DTransparencyPass
0x14002FA20	0x2FA20	34	d3dapp	original/d3d/d3dapp.cpp	DirectX::DescriptorHeap::~DescriptorHeap
0x14002FA50	0x2FA50	523	d3dapp	original/d3d/d3dapp.cpp	FontAtlas::~FontAtlas
0x14002FC60	0x2FC60	19	d3dapp	original/d3d/d3dapp.cpp	std::bad_alloc::~bad_alloc
0x14002FC80	0x2FC80	19	d3dapp	original/d3d/d3dapp.cpp	std::bad_array_new_length::~bad_array_new_length
0x14002FCA0	0x2FCA0	19	d3dapp	original/d3d/d3dapp.cpp	std::bad_optional_access::~bad_optional_access
0x14002FCC0	0x2FCC0	3	d3dapp	original/d3d/d3dapp.cpp	std::error_category::~error_category
0x14002FCD0	0x2FCD0	19	d3dapp	original/d3d/d3dapp.cpp	std::exception::~exception
0x14002FCF0	0x2FCF0	19	d3dapp	original/d3d/d3dapp.cpp	std::future_error::~future_error
0x14002FD10	0x2FD10	19	d3dapp	original/d3d/d3dapp.cpp	std::out_of_range::~out_of_range
0x14002FD30	0x2FD30	153	d3dapp	original/d3d/d3dapp.cpp	Microsoft::WRL::ComPtr<IUnknown>::`vector deleting destructor'
0x14002FDD0	0x2FDD0	40	d3dapp	original/d3d/d3dapp.cpp	Microsoft::WRL::Details::DelegateArgTraits<long (__cdecl ABI::Windows::Foundation::IEventHandler_impl<IInspectable *>::*)(IInspectable *,IInspectable *)>::DelegateInvokeHelper<ABI::Windows::Foundation::IEventHandler<IInspectable *>,<lambda_4f71b6447fa15199118d91075b9a45ed>,1,IInspectable *,IInspectable *>::`scalar deleting destructor'
0x14002FE00	0x2FE00	40	d3dapp	original/d3d/d3dapp.cpp	Microsoft::WRL::Details::DelegateArgTraits<long (__cdecl ABI::Windows::Foundation::IEventHandler_impl<IInspectable *>::*)(IInspectable *,IInspectable *)>::DelegateInvokeHelper<ABI::Windows::Foundation::IEventHandler<IInspectable *>,<lambda_675d0a2d57fd62d4f0e34fd501361d84>,1,IInspectable *,IInspectable *>::`scalar deleting destructor'
0x14002FE30	0x2FE30	40	d3dapp	original/d3d/d3dapp.cpp	Microsoft::WRL::RuntimeClass<Microsoft::WRL::RuntimeClassFlags<2>,ABI::Windows::Foundation::IEventHandler<IInspectable *> >::`scalar deleting destructor'
0x14002FE60	0x2FE60	33	d3dapp	original/d3d/d3dapp.cpp	std::_Future_error_category2::`scalar deleting destructor'
0x14002FE90	0x2FE90	66	d3dapp	original/d3d/d3dapp.cpp	std::bad_alloc::`scalar deleting destructor'
0x14002FEE0	0x2FEE0	66	d3dapp	original/d3d/d3dapp.cpp	std::bad_array_new_length::`scalar deleting destructor'
0x14002FF30	0x2FF30	66	d3dapp	original/d3d/d3dapp.cpp	std::bad_optional_access::`scalar deleting destructor'
0x14002FF80	0x2FF80	66	d3dapp	original/d3d/d3dapp.cpp	std::exception::`scalar deleting destructor'
0x14002FFD0	0x2FFD0	66	d3dapp	original/d3d/d3dapp.cpp	std::future_error::`scalar deleting destructor'
0x140030020	0x30020	66	d3dapp	original/d3d/d3dapp.cpp	std::logic_error::`scalar deleting destructor'
0x140030070	0x30070	66	d3dapp	original/d3d/d3dapp.cpp	std::out_of_range::`scalar deleting destructor'
0x1400300C0	0x300C0	72	d3dapp	original/d3d/d3dapp.cpp	`vector constructor iterator'
0x140001000	0x1000	28	d3dapp	original/d3d/d3dapp.cpp	`dynamic initializer for 'gQueryResult''
0x140001020	0x1020	25	d3dapp	original/d3d/d3dapp.cpp	`dynamic initializer for 'gSecondsPerFrame''
0x140001040	0x1040	12	d3dapp	original/d3d/d3dapp.cpp	`dynamic initializer for 'g_gameBarStatics''
0x140279740	0x279740	97	d3dapp	original/d3d/d3dapp.cpp	`CD3DApplication::RenderMenuTexture'::`2'::`dynamic atexit destructor for 'data''
0x1402797B0	0x2797B0	39	d3dapp	original/d3d/d3dapp.cpp	`dynamic atexit destructor for 'g_gameBarStatics''
0x140030110	0x30110	45	d3dapp	original/d3d/d3dapp.cpp	Microsoft::WRL::Details::RuntimeClassImpl<Microsoft::WRL::RuntimeClassFlags<2>,1,0,1,ABI::Windows::Foundation::IEventHandler<IInspectable *> >::AddRef
0x140030140	0x30140	119	d3dapp	original/d3d/d3dapp.cpp	CD3DApplication::CapFrameRate
0x1400301C0	0x301C0	440	d3dapp	original/d3d/d3dapp.cpp	CD3DApplication::Change3DEnvironment
0x140030380	0x30380	67	d3dapp	original/d3d/d3dapp.cpp	CD3DApplication::CheckGameBarInput
0x1400303D0	0x303D0	72	d3dapp	original/d3d/d3dapp.cpp	CD3DApplication::CheckGameBarVisibility
0x140030420	0x30420	97	d3dapp	original/d3d/d3dapp.cpp	CD3DApplication::Cleanup3DEnvironment
0x140030490	0x30490	266	d3dapp	original/d3d/d3dapp.cpp	CD3DApplication::ConvertMatrixToDXMatrix
0x1400305A0	0x305A0	29	d3dapp	original/d3d/d3dapp.cpp	CD3DApplication::ConvertWindowSettingToFlags
0x1400305C0	0x305C0	1623	d3dapp	original/d3d/d3dapp.cpp	CD3DApplication::Create
0x14026F810	0x26F810	29	d3dapp	original/d3d/d3dapp.cpp	`CD3DApplication::Create'::`1'::dtor$0
0x14026F830	0x26F830	12	d3dapp	original/d3d/d3dapp.cpp	`CD3DApplication::Create'::`1'::dtor$2
0x14026F840	0x26F840	12	d3dapp	original/d3d/d3dapp.cpp	`CD3DApplication::Create'::`1'::dtor$3
0x14026F850	0x26F850	29	d3dapp	original/d3d/d3dapp.cpp	`CD3DApplication::Create'::`1'::dtor$19
0x140030C20	0x30C20	169	d3dapp	original/d3d/d3dapp.cpp	CD3DApplication::CreateFence
0x140030CD0	0x30CD0	2313	d3dapp	original/d3d/d3dapp.cpp	CD3DApplication::CreateLevelPipelineStateObject
0x14026F870	0x26F870	12	d3dapp	original/d3d/d3dapp.cpp	`CD3DApplication::CreateLevelPipelineStateObject'::`1'::dtor$0
0x14026F880	0x26F880	12	d3dapp	original/d3d/d3dapp.cpp	`CD3DApplication::CreateLevelPipelineStateObject'::`1'::dtor$1
0x14026F890	0x26F890	12	d3dapp	original/d3d/d3dapp.cpp	`CD3DApplication::CreateLevelPipelineStateObject'::`1'::dtor$2
0x14026F8A0	0x26F8A0	12	d3dapp	original/d3d/d3dapp.cpp	`CD3DApplication::CreateLevelPipelineStateObject'::`1'::dtor$3
0x14026F8B0	0x26F8B0	12	d3dapp	original/d3d/d3dapp.cpp	`CD3DApplication::CreateLevelPipelineStateObject'::`1'::dtor$4
0x14026F8C0	0x26F8C0	12	d3dapp	original/d3d/d3dapp.cpp	`CD3DApplication::CreateLevelPipelineStateObject'::`1'::dtor$5
0x14026F8D0	0x26F8D0	12	d3dapp	original/d3d/d3dapp.cpp	`CD3DApplication::CreateLevelPipelineStateObject'::`1'::dtor$6
0x14026F8E0	0x26F8E0	12	d3dapp	original/d3d/d3dapp.cpp	`CD3DApplication::CreateLevelPipelineStateObject'::`1'::dtor$7
0x14026F8F0	0x26F8F0	12	d3dapp	original/d3d/d3dapp.cpp	`CD3DApplication::CreateLevelPipelineStateObject'::`1'::dtor$8
0x14026F900	0x26F900	12	d3dapp	original/d3d/d3dapp.cpp	`CD3DApplication::CreateLevelPipelineStateObject'::`1'::dtor$9
0x1400315E0	0x315E0	2789	d3dapp	original/d3d/d3dapp.cpp	CD3DApplication::CreatePipelineStateObject
0x14026F910	0x26F910	12	d3dapp	original/d3d/d3dapp.cpp	`CD3DApplication::CreatePipelineStateObject'::`1'::dtor$0
0x14026F920	0x26F920	12	d3dapp	original/d3d/d3dapp.cpp	`CD3DApplication::CreatePipelineStateObject'::`1'::dtor$1
0x14026F930	0x26F930	12	d3dapp	original/d3d/d3dapp.cpp	`CD3DApplication::CreatePipelineStateObject'::`1'::dtor$2
0x14026F940	0x26F940	12	d3dapp	original/d3d/d3dapp.cpp	`CD3DApplication::CreatePipelineStateObject'::`1'::dtor$3
0x14026F950	0x26F950	12	d3dapp	original/d3d/d3dapp.cpp	`CD3DApplication::CreatePipelineStateObject'::`1'::dtor$4
0x14026F960	0x26F960	12	d3dapp	original/d3d/d3dapp.cpp	`CD3DApplication::CreatePipelineStateObject'::`1'::dtor$5
0x14026F970	0x26F970	12	d3dapp	original/d3d/d3dapp.cpp	`CD3DApplication::CreatePipelineStateObject'::`1'::dtor$6
0x14026F980	0x26F980	12	d3dapp	original/d3d/d3dapp.cpp	`CD3DApplication::CreatePipelineStateObject'::`1'::dtor$7
0x14026F990	0x26F990	12	d3dapp	original/d3d/d3dapp.cpp	`CD3DApplication::CreatePipelineStateObject'::`1'::dtor$8
0x1400320D0	0x320D0	228	d3dapp	original/d3d/d3dapp.cpp	CD3DApplication::CreateSRVHeap
0x1400321C0	0x321C0	2616	d3dapp	original/d3d/d3dapp.cpp	CD3DApplication::CreateTransparentPipelineStateObject
0x14026F9A0	0x26F9A0	12	d3dapp	original/d3d/d3dapp.cpp	`CD3DApplication::CreateTransparentPipelineStateObject'::`1'::dtor$0
0x14026F9B0	0x26F9B0	12	d3dapp	original/d3d/d3dapp.cpp	`CD3DApplication::CreateTransparentPipelineStateObject'::`1'::dtor$1
0x14026F9C0	0x26F9C0	12	d3dapp	original/d3d/d3dapp.cpp	`CD3DApplication::CreateTransparentPipelineStateObject'::`1'::dtor$2
0x14026F9D0	0x26F9D0	12	d3dapp	original/d3d/d3dapp.cpp	`CD3DApplication::CreateTransparentPipelineStateObject'::`1'::dtor$3
0x14026F9E0	0x26F9E0	12	d3dapp	original/d3d/d3dapp.cpp	`CD3DApplication::CreateTransparentPipelineStateObject'::`1'::dtor$4
0x14026F9F0	0x26F9F0	12	d3dapp	original/d3d/d3dapp.cpp	`CD3DApplication::CreateTransparentPipelineStateObject'::`1'::dtor$5
0x14026FA00	0x26FA00	12	d3dapp	original/d3d/d3dapp.cpp	`CD3DApplication::CreateTransparentPipelineStateObject'::`1'::dtor$6
0x14026FA10	0x26FA10	12	d3dapp	original/d3d/d3dapp.cpp	`CD3DApplication::CreateTransparentPipelineStateObject'::`1'::dtor$7
0x140032C00	0x32C00	3	d3dapp	original/d3d/d3dapp.cpp	CD3DApplication::DeleteDeviceObjects
0x140032C10	0x32C10	233	d3dapp	original/d3d/d3dapp.cpp	CD3DApplication::DestroyD3D12Objects
0x140032D00	0x32D00	608	d3dapp	original/d3d/d3dapp.cpp	CD3DApplication::DisplayFrameworkError
0x140032F60	0x32F60	1535	d3dapp	original/d3d/d3dapp.cpp	CD3DApplication::DrawLevel
0x140033560	0x33560	1446	d3dapp	original/d3d/d3dapp.cpp	CD3DApplication::DrawLevelTransparent
0x140033B10	0x33B10	1422	d3dapp	original/d3d/d3dapp.cpp	CD3DApplication::DrawLevelTransparentGlass
0x1400340A0	0x340A0	89	d3dapp	original/d3d/d3dapp.cpp	CD3DApplication::DrawTexture
0x140034100	0x34100	175	d3dapp	original/d3d/d3dapp.cpp	CD3DApplication::ERRTRACE
0x1400341B0	0x341B0	1072	d3dapp	original/d3d/d3dapp.cpp	CD3DApplication::EndRender
0x1400345E0	0x345E0	3	d3dapp	original/d3d/d3dapp.cpp	CD3DApplication::FinalCleanup
0x1400345F0	0x345F0	205	d3dapp	original/d3d/d3dapp.cpp	CD3DApplication::FrameBegin
0x1400346C0	0x346C0	2250	d3dapp	original/d3d/d3dapp.cpp	CD3DApplication::FrameEnd
0x140034F90	0x34F90	259	d3dapp	original/d3d/d3dapp.cpp	CD3DApplication::GetRegistryBinary
0x1400350A0	0x350A0	155	d3dapp	original/d3d/d3dapp.cpp	CD3DApplication::GetRegistryDWord
0x140035140	0x35140	149	d3dapp	original/d3d/d3dapp.cpp	CD3DApplication::GetRegistryString
0x1400351E0	0x351E0	3709	d3dapp	original/d3d/d3dapp.cpp	CD3DApplication::InitD3D12Framework
0x14026FA20	0x26FA20	29	d3dapp	original/d3d/d3dapp.cpp	`CD3DApplication::InitD3D12Framework'::`1'::dtor$0
0x14026FA60	0x26FA60	29	d3dapp	original/d3d/d3dapp.cpp	`CD3DApplication::InitD3D12Framework'::`1'::dtor$6
0x14026FA40	0x26FA40	12	d3dapp	original/d3d/d3dapp.cpp	`CD3DApplication::InitD3D12Framework'::`1'::dtor$2
0x14026FA80	0x26FA80	29	d3dapp	original/d3d/d3dapp.cpp	`CD3DApplication::InitD3D12Framework'::`1'::dtor$8
0x14026FAA0	0x26FAA0	29	d3dapp	original/d3d/d3dapp.cpp	`CD3DApplication::InitD3D12Framework'::`1'::dtor$10
0x14026FA50	0x26FA50	12	d3dapp	original/d3d/d3dapp.cpp	`CD3DApplication::InitD3D12Framework'::`1'::dtor$5
0x140036060	0x36060	3	d3dapp	original/d3d/d3dapp.cpp	CD3DApplication::InitDeviceObjects
0x140036070	0x36070	140	d3dapp	original/d3d/d3dapp.cpp	CD3DApplication::InitializeCommandList
0x140036100	0x36100	406	d3dapp	original/d3d/d3dapp.cpp	CD3DApplication::InitializeDepthStencilBuffer
0x1400362A0	0x362A0	523	d3dapp	original/d3d/d3dapp.cpp	CD3DApplication::InitializeDevice
0x14026FAC0	0x26FAC0	12	d3dapp	original/d3d/d3dapp.cpp	`CD3DApplication::InitializeDevice'::`1'::dtor$0
0x1400364B0	0x364B0	320	d3dapp	original/d3d/d3dapp.cpp	CD3DApplication::InitializeRenderTargets
0x1400365F0	0x365F0	469	d3dapp	original/d3d/d3dapp.cpp	CD3DApplication::InitializeRootSignature
0x1400367D0	0x367D0	421	d3dapp	original/d3d/d3dapp.cpp	CD3DApplication::InitializeSwapChain
0x140036980	0x36980	154	d3dapp	original/d3d/d3dapp.cpp	CD3DApplication::InitializeViewportAndScissorRect
0x140036A20	0x36A20	81	d3dapp	original/d3d/d3dapp.cpp	Microsoft::WRL::Details::DelegateArgTraits<long (__cdecl ABI::Windows::Foundation::IEventHandler_impl<IInspectable *>::*)(IInspectable *,IInspectable *)>::DelegateInvokeHelper<ABI::Windows::Foundation::IEventHandler<IInspectable *>,<lambda_4f71b6447fa15199118d91075b9a45ed>,1,IInspectable *,IInspectable *>::Invoke
0x140036A80	0x36A80	86	d3dapp	original/d3d/d3dapp.cpp	Microsoft::WRL::Details::DelegateArgTraits<long (__cdecl ABI::Windows::Foundation::IEventHandler_impl<IInspectable *>::*)(IInspectable *,IInspectable *)>::DelegateInvokeHelper<ABI::Windows::Foundation::IEventHandler<IInspectable *>,<lambda_675d0a2d57fd62d4f0e34fd501361d84>,1,IInspectable *,IInspectable *>::Invoke
0x140036AE0	0x36AE0	42	d3dapp	original/d3d/d3dapp.cpp	CD3DApplication::IsWindowed
0x140036B10	0x36B10	163	d3dapp	original/d3d/d3dapp.cpp	CD3DApplication::MessagePump
0x140036BC0	0x36BC0	342	d3dapp	original/d3d/d3dapp.cpp	CD3DApplication::MoveToNextFrame
0x140036D20	0x36D20	1642	d3dapp	original/d3d/d3dapp.cpp	CD3DApplication::MsgProc
0x140037390	0x37390	3	d3dapp	original/d3d/d3dapp.cpp	CD3DApplication::OnKeyDown
0x1400373A0	0x373A0	3	d3dapp	original/d3d/d3dapp.cpp	CD3DApplication::OnKeyUp
0x1400373B0	0x373B0	26	d3dapp	original/d3d/d3dapp.cpp	CD3DApplication::OnQuerySuspend
0x1400373D0	0x373D0	22	d3dapp	original/d3d/d3dapp.cpp	CD3DApplication::OnResumeSuspend
0x1400373F0	0x373F0	3	d3dapp	original/d3d/d3dapp.cpp	CD3DApplication::OneTimeSceneInit
0x140037400	0x37400	3	d3dapp	original/d3d/d3dapp.cpp	CD3DApplication::OutputText
0x140037410	0x37410	3	d3dapp	original/d3d/d3dapp.cpp	CD3DApplication::OutputTextXY
0x140037420	0x37420	101	d3dapp	original/d3d/d3dapp.cpp	CD3DApplication::Pause
0x140037490	0x37490	138	d3dapp	original/d3d/d3dapp.cpp	Microsoft::WRL::Details::RuntimeClassImpl<Microsoft::WRL::RuntimeClassFlags<2>,1,0,1,ABI::Windows::Foundation::IEventHandler<IInspectable *> >::QueryInterface
0x140037520	0x37520	13	d3dapp	original/d3d/d3dapp.cpp	Microsoft::WRL::Details::RaiseException
0x140037530	0x37530	83	d3dapp	original/d3d/d3dapp.cpp	CD3DApplication::RegCreate
0x140037590	0x37590	122	d3dapp	original/d3d/d3dapp.cpp	CD3DApplication::RegKeyName
0x140037610	0x37610	59	d3dapp	original/d3d/d3dapp.cpp	CD3DApplication::RegOpen
0x140037650	0x37650	108	d3dapp	original/d3d/d3dapp.cpp	Microsoft::WRL::Details::RuntimeClassImpl<Microsoft::WRL::RuntimeClassFlags<2>,1,0,1,ABI::Windows::Foundation::IEventHandler<IInspectable *> >::Release
0x1400376C0	0x376C0	424	d3dapp	original/d3d/d3dapp.cpp	CD3DApplication::Render3DEnvironment
0x140037870	0x37870	3	d3dapp	original/d3d/d3dapp.cpp	CD3DApplication::Render
0x140037880	0x37880	1362	d3dapp	original/d3d/d3dapp.cpp	CD3DApplication::RenderMenuTexture
0x140037DE0	0x37DE0	1124	d3dapp	original/d3d/d3dapp.cpp	CD3DApplication::RenderUI
0x14026FAD0	0x26FAD0	12	d3dapp	original/d3d/d3dapp.cpp	`CD3DApplication::RenderUI'::`1'::dtor$0
0x140038250	0x38250	3	d3dapp	original/d3d/d3dapp.cpp	CD3DApplication::RestoreSurfaces
0x140038260	0x38260	646	d3dapp	original/d3d/d3dapp.cpp	CD3DApplication::Run
0x1400384F0	0x384F0	3	d3dapp	original/d3d/d3dapp.cpp	CD3DApplication::SelectTexture
0x140038500	0x38500	18	d3dapp	original/d3d/d3dapp.cpp	CD3DApplication::SetAppTitle
0x140038520	0x38520	7	d3dapp	original/d3d/d3dapp.cpp	CD3DApplication::SetBitDepth
0x140038530	0x38530	18	d3dapp	original/d3d/d3dapp.cpp	CD3DApplication::SetCompanyTitle
0x140038550	0x38550	7	d3dapp	original/d3d/d3dapp.cpp	CD3DApplication::SetFullScreen
0x140038560	0x38560	151	d3dapp	original/d3d/d3dapp.cpp	CD3DApplication::SetRegistryBinary
0x140038600	0x38600	232	d3dapp	original/d3d/d3dapp.cpp	CD3DApplication::SetRegistryDWord
0x1400386F0	0x386F0	161	d3dapp	original/d3d/d3dapp.cpp	CD3DApplication::SetRegistryString
0x1400387A0	0x387A0	3	d3dapp	original/d3d/d3dapp.cpp	CD3DApplication::SetRenderState
0x1400387B0	0x387B0	7	d3dapp	original/d3d/d3dapp.cpp	CD3DApplication::SetUseZBuffer
0x1400387C0	0x387C0	12	d3dapp	original/d3d/d3dapp.cpp	CD3DApplication::SetViewParams
0x1400387D0	0x387D0	14	d3dapp	original/d3d/d3dapp.cpp	CD3DApplication::SetWidthHeight
0x1400387E0	0x387E0	7	d3dapp	original/d3d/d3dapp.cpp	CD3DApplication::SetWindowFlags
0x1400387F0	0x387F0	33	d3dapp	original/d3d/d3dapp.cpp	CD3DApplication::ShutDown
0x140038820	0x38820	953	d3dapp	original/d3d/d3dapp.cpp	CD3DApplication::StartRender
0x140038BE0	0x38BE0	33	d3dapp	original/d3d/d3dapp.cpp	SteamInternal_Init_SteamUtils
0x140038C10	0x38C10	185	d3dapp	original/d3d/d3dapp.cpp	CD3DApplication::SystemErrorReport
0x140038CD0	0x38CD0	6	d3dapp	original/d3d/d3dapp.cpp	CD3DApplication::ToggleFullScreen
0x140038CE0	0x38CE0	62	d3dapp	original/d3d/d3dapp.cpp	TransitionResource
0x140038D20	0x38D20	28	d3dapp	original/d3d/d3dapp.cpp	CD3DApplication::UpdateResolution
0x140038D40	0x38D40	896	d3dapp	original/d3d/d3dapp.cpp	UpdateSubresources
0x1400390C0	0x390C0	139	d3dapp	original/d3d/d3dapp.cpp	CD3DApplication::WaitForGpu
0x140039150	0x39150	195	d3dapp	original/d3d/d3dapp.cpp	DirectX::XMMatrixPerspectiveFovLH
0x140039220	0x39220	305	d3dapp	original/d3d/d3dapp.cpp	DirectX::XMScalarSinCos
0x140039360	0x39360	7	d3dapp	original/d3d/d3dapp.cpp	ATL::_AtlInitializeCriticalSectionEx
0x140039370	0x39370	32	d3dapp	original/d3d/d3dapp.cpp	std::_Throw_bad_array_new_length
0x140039390	0x39390	34	d3dapp	original/d3d/d3dapp.cpp	std::_Throw_future_error2
0x1400393C0	0x393C0	17	d3dapp	original/d3d/d3dapp.cpp	std::_Xlen_string
0x1400393E0	0x393E0	17	d3dapp	original/d3d/d3dapp.cpp	std::vector<unsigned char,std::allocator<unsigned char> >::_Xlength
0x140039400	0x39400	17	d3dapp	original/d3d/d3dapp.cpp	std::vector<wchar_t const *,std::allocator<wchar_t const *> >::_Xlength
0x140039420	0x39420	17	d3dapp	original/d3d/d3dapp.cpp	std::vector<SpriteDraw,std::allocator<SpriteDraw> >::_Xlength
0x140039440	0x39440	61	d3dapp	original/d3d/d3dapp.cpp	std::allocator<unsigned char>::deallocate
0x140039480	0x39480	66	d3dapp	original/d3d/d3dapp.cpp	std::allocator<wchar_t const *>::deallocate
0x1400394D0	0x394D0	62	d3dapp	original/d3d/d3dapp.cpp	std::allocator<SpriteDraw>::deallocate
0x140039510	0x39510	109	d3dapp	original/d3d/d3dapp.cpp	CD3DApplication::debug_line
0x140039580	0x39580	223	d3dapp	original/d3d/d3dapp.cpp	CD3DApplication::debug_point
0x140039660	0x39660	262	d3dapp	original/d3d/d3dapp.cpp	CD3DApplication::debug_printf
0x140039770	0x39770	132	d3dapp	original/d3d/d3dapp.cpp	CD3DApplication::debugtrace
0x140039800	0x39800	11	d3dapp	original/d3d/d3dapp.cpp	std::error_category::default_error_condition
0x140039810	0x39810	25	d3dapp	original/d3d/d3dapp.cpp	std::error_category::equivalent
0x140039830	0x39830	63	d3dapp	original/d3d/d3dapp.cpp	std::error_category::equivalent
0x140039870	0x39870	168	d3dapp	original/d3d/d3dapp.cpp	getasciicodefromvirtualkey
0x140039920	0x39920	175	d3dapp	original/d3d/d3dapp.cpp	std::_Future_error_category2::message
0x1400399D0	0x399D0	8	d3dapp	original/d3d/d3dapp.cpp	std::_Future_error_category2::name
0x1400399E0	0x399E0	318	d3dapp	original/d3d/d3dapp.cpp	CD3DApplication::svprintf
0x140039B20	0x39B20	8	d3dapp	original/d3d/d3dapp.cpp	std::bad_optional_access::what
0x140039B30	0x39B30	19	d3dapp	original/d3d/d3dapp.cpp	std::exception::what
0x140039B50	0x39B50	58	d3dapp	original/d3d/d3dapp.cpp	std::future_error::what
0x140039B90	0x39B90	40	d3denum	original/d3d/d3denum.cpp	IID_PPV_ARGS_Helper<Microsoft::WRL::ComPtr<IDXGIFactory6> >
0x140039BC0	0x39BC0	75	d3denum	original/d3d/d3denum.cpp	std::_Destroy_range<std::allocator<Microsoft::WRL::ComPtr<IDXGIAdapter1> > >
0x140039C10	0x39C10	629	d3denum	original/d3d/d3denum.cpp	std::vector<Microsoft::WRL::ComPtr<IDXGIAdapter1>,std::allocator<Microsoft::WRL::ComPtr<IDXGIAdapter1> > >::_Emplace_reallocate<Microsoft::WRL::ComPtr<IDXGIAdapter1> const &>
0x14026FAE0	0x26FAE0	70	d3denum	original/d3d/d3denum.cpp	`std::vector<Microsoft::WRL::ComPtr<IDXGIAdapter1>,std::allocator<Microsoft::WRL::ComPtr<IDXGIAdapter1> > >::_Emplace_reallocate<Microsoft::WRL::ComPtr<IDXGIAdapter1> const &>'::`1'::catch$12
0x140039E90	0x39E90	34	d3denum	original/d3d/d3denum.cpp	Microsoft::WRL::ComPtr<IDXGIFactory6>::~ComPtr<IDXGIFactory6>
0x140039EC0	0x39EC0	165	d3denum	original/d3d/d3denum.cpp	std::vector<Microsoft::WRL::ComPtr<IDXGIAdapter1>,std::allocator<Microsoft::WRL::ComPtr<IDXGIAdapter1> > >::~vector<Microsoft::WRL::ComPtr<IDXGIAdapter1>,std::allocator<Microsoft::WRL::ComPtr<IDXGIAdapter1> > >
0x140039F70	0x39F70	113	d3denum	original/d3d/d3denum.cpp	D3DEnum_FreeResources
0x140039FF0	0x39FF0	266	d3denum	original/d3d/d3denum.cpp	D3DEnum_GetAdapters
0x14026FB30	0x26FB30	12	d3denum	original/d3d/d3denum.cpp	`D3DEnum_GetAdapters'::`1'::dtor$0
0x14026FB40	0x26FB40	12	d3denum	original/d3d/d3denum.cpp	`D3DEnum_GetAdapters'::`1'::dtor$1
0x14003A100	0x3A100	29	d3denum	original/d3d/d3denum.cpp	D3DEnum_GetDevices
0x14003A120	0x3A120	854	d3denum	original/d3d/d3denum.cpp	D3DEnum_SelectDefaultAdapter
0x14026FB50	0x26FB50	12	d3denum	original/d3d/d3denum.cpp	`D3DEnum_SelectDefaultAdapter'::`1'::dtor$0
0x14026FB80	0x26FB80	12	d3denum	original/d3d/d3denum.cpp	`D3DEnum_SelectDefaultAdapter'::`1'::dtor$10
0x14026FB90	0x26FB90	12	d3denum	original/d3d/d3denum.cpp	`D3DEnum_SelectDefaultAdapter'::`1'::dtor$11
0x14026FB60	0x26FB60	12	d3denum	original/d3d/d3denum.cpp	`D3DEnum_SelectDefaultAdapter'::`1'::dtor$1
0x14026FB70	0x26FB70	12	d3denum	original/d3d/d3denum.cpp	`D3DEnum_SelectDefaultAdapter'::`1'::dtor$2
0x14003A480	0x3A480	302	d3denum	original/d3d/d3denum.cpp	D3DEnum_SelectDefaultDevice
0x14003A5B0	0x3A5B0	1244	d3denum	original/d3d/d3denum.cpp	DeviceEnumCallback
0x14003AA90	0x3AA90	441	d3denum	original/d3d/d3denum.cpp	DriverEnumCallback
0x14003AC50	0x3AC50	82	d3denum	original/d3d/d3denum.cpp	EnumerateD3DDevices
0x14003ACB0	0x3ACB0	240	d3denum	original/d3d/d3denum.cpp	ModeEnumCallback
0x14003ADA0	0x3ADA0	53	d3denum	original/d3d/d3denum.cpp	SortModesCallback
0x14003ADE0	0x3ADE0	17	d3denum	original/d3d/d3denum.cpp	std::vector<Microsoft::WRL::ComPtr<IDXGIAdapter1>,std::allocator<Microsoft::WRL::ComPtr<IDXGIAdapter1> > >::_Xlength
0x14003AE00	0x3AE00	66	d3denum	original/d3d/d3denum.cpp	std::allocator<Microsoft::WRL::ComPtr<IDXGIAdapter1> >::deallocate
0x14003AE50	0x3AE50	171	d3derr	original/d3d/d3derr.cpp	d3derr
0x14003AF00	0x3AF00	67	d3derr	original/d3d/d3derr.cpp	dderrmsg
0x14003AF50	0x3AF50	48	d3dframe	original/d3d/d3dframe.cpp	std::_Copy_memmove<unsigned __int64 *,unsigned __int64 *>
0x14003AF80	0x3AF80	415	d3dframe	original/d3d/d3dframe.cpp	std::vector<unsigned __int64,std::allocator<unsigned __int64> >::_Emplace_reallocate<unsigned __int64 const &>
0x14026FBA0	0x26FBA0	40	d3dframe	original/d3d/d3dframe.cpp	`std::vector<unsigned __int64,std::allocator<unsigned __int64> >::_Emplace_reallocate<unsigned __int64 const &>'::`1'::catch$0
0x14003B120	0x3B120	326	d3dframe	original/d3d/d3dframe.cpp	CD3DFramework12::CD3DFramework12
0x14003B270	0x3B270	43	d3dframe	original/d3d/d3dframe.cpp	CD3DFramework7::CD3DFramework7
0x14003B2A0	0x3B2A0	238	d3dframe	original/d3d/d3dframe.cpp	CD3DFramework12::~CD3DFramework12
0x14003B390	0x3B390	15	d3dframe	original/d3d/d3dframe.cpp	CD3DFramework7::~CD3DFramework7
0x14003B3A0	0x3B3A0	190	d3dframe	original/d3d/d3dframe.cpp	CD3DFramework12::AllocateShaderResourceDescriptor
0x14003B460	0x3B460	187	d3dframe	original/d3d/d3dframe.cpp	CD3DFramework7::CreateDirect3D
0x14003B520	0x3B520	215	d3dframe	original/d3d/d3dframe.cpp	CD3DFramework7::CreateDirectDraw
0x14003B600	0x3B600	1390	d3dframe	original/d3d/d3dframe.cpp	CD3DFramework7::CreateEnvironment
0x14003BB70	0x3BB70	406	d3dframe	original/d3d/d3dframe.cpp	CD3DFramework7::CreateFullscreenBuffers
0x14003BD10	0x3BD10	165	d3dframe	original/d3d/d3dframe.cpp	CD3DFramework12::CreateRenderTargetViews
0x14003BDC0	0x3BDC0	446	d3dframe	original/d3d/d3dframe.cpp	CD3DFramework7::CreateWindowedBuffers
0x14003BF80	0x3BF80	342	d3dframe	original/d3d/d3dframe.cpp	CD3DFramework7::CreateZBuffer
0x14003C0E0	0x3C0E0	717	d3dframe	original/d3d/d3dframe.cpp	CD3DFramework12::DestroyObjects
0x14003C3B0	0x3C3B0	208	d3dframe	original/d3d/d3dframe.cpp	CD3DFramework7::DestroyObjects
0x14003C480	0x3C480	31	d3dframe	original/d3d/d3dframe.cpp	EnumZBufferFormatsCallback
0x14003C4A0	0x3C4A0	82	d3dframe	original/d3d/d3dframe.cpp	CD3DFramework7::FlipToGDISurface
0x14003C500	0x3C500	66	d3dframe	original/d3d/d3dframe.cpp	CD3DFramework12::FreeShaderResourceDescriptor
0x14003C550	0x3C550	72	d3dframe	original/d3d/d3dframe.cpp	CD3DFramework12::GetShaderResourceDescriptorIndex
0x14003C5A0	0x3C5A0	128	d3dframe	original/d3d/d3dframe.cpp	CD3DFramework7::Initialize
0x14003C620	0x3C620	8	d3dframe	original/d3d/d3dframe.cpp	CD3DFramework12::IsCommandListOpen
0x14003C630	0x3C630	144	d3dframe	original/d3d/d3dframe.cpp	CD3DFramework12::LoadTextureTGA
0x14003C6C0	0x3C6C0	45	d3dframe	original/d3d/d3dframe.cpp	CD3DFramework12::Move
0x14003C6F0	0x3C6F0	44	d3dframe	original/d3d/d3dframe.cpp	CD3DFramework7::Move
0x14003C720	0x3C720	29	d3dframe	original/d3d/d3dframe.cpp	CD3DFramework12::Present
0x14003C740	0x3C740	59	d3dframe	original/d3d/d3dframe.cpp	CD3DFramework12::RenderTexture
0x14003C780	0x3C780	320	d3dframe	original/d3d/d3dframe.cpp	CD3DFramework12::RenderTextureInUI
0x14003C8C0	0x3C8C0	283	d3dframe	original/d3d/d3dframe.cpp	CD3DFramework12::RenderUI
0x14003C9E0	0x3C9E0	298	d3dframe	original/d3d/d3dframe.cpp	CD3DFramework7::Repaint
0x14003CB10	0x3CB10	348	d3dframe	original/d3d/d3dframe.cpp	CD3DFramework12::ResizeDepthBuffer
0x14003CC70	0x3CC70	692	d3dframe	original/d3d/d3dframe.cpp	CD3DFramework12::ResizeResources
0x14003CF30	0x3CF30	24	d3dframe	original/d3d/d3dframe.cpp	CD3DFramework7::RestoreSurfaces
0x14003CF50	0x3CF50	86	d3dframe	original/d3d/d3dframe.cpp	CD3DFramework7::ShowFrame
0x14003CFB0	0x3CFB0	47	d3dframe	original/d3d/d3dframe.cpp	CD3DFramework12::TryCloseCommandList
0x14003CFE0	0x3CFE0	17	d3dframe	original/d3d/d3dframe.cpp	std::vector<unsigned __int64,std::allocator<unsigned __int64> >::_Xlength
0x14003D000	0x3D000	66	d3dframe	original/d3d/d3dframe.cpp	std::allocator<unsigned __int64>::deallocate
0x14003D050	0x3D050	341	d3dmath	original/d3d/d3dmath.cpp	D3DMath_MatrixFromQuaternion
0x14003D1B0	0x3D1B0	711	d3dmath	original/d3d/d3dmath.cpp	D3DMath_MatrixInvert
0x14003D480	0x3D480	254	d3dmath	original/d3d/d3dmath.cpp	D3DMath_MatrixMultiply
0x14003D580	0x3D580	365	d3dmath	original/d3d/d3dmath.cpp	D3DMath_QuaternionFromAngles
0x14003D6F0	0x3D6F0	569	d3dmath	original/d3d/d3dmath.cpp	D3DMath_QuaternionFromMatrix
0x14003D930	0x3D930	158	d3dmath	original/d3d/d3dmath.cpp	D3DMath_QuaternionFromRotation
0x14003D9D0	0x3D9D0	337	d3dmath	original/d3d/d3dmath.cpp	D3DMath_QuaternionMultiply
0x14003DB30	0x3DB30	484	d3dmath	original/d3d/d3dmath.cpp	D3DMath_QuaternionSlerp
0x14003DD20	0x3DD20	156	d3dmath	original/d3d/d3dmath.cpp	D3DMath_RotationFromQuaternion
0x14003DDC0	0x3DDC0	265	d3dmath	original/d3d/d3dmath.cpp	D3DMath_VectorMatrixMultiply
0x14003DED0	0x3DED0	40	d3dtextr	original/d3d/d3dtextr.cpp	IID_PPV_ARGS_Helper<Microsoft::WRL::ComPtr<ID3D12Resource> >
0x14003DF00	0x3DF00	8	d3dtextr	original/d3d/d3dtextr.cpp	std::_Fill_memset<unsigned char *,unsigned char>
0x14003DF10	0x3DF10	288	d3dtextr	original/d3d/d3dtextr.cpp	Texture::Texture
0x14003E030	0x3E030	213	d3dtextr	original/d3d/d3dtextr.cpp	Texture::Texture
0x14026FBD0	0x26FBD0	12	d3dtextr	original/d3d/d3dtextr.cpp	`Texture::Texture'::`1'::dtor$0
0x14026FBE0	0x26FBE0	19	d3dtextr	original/d3d/d3dtextr.cpp	`Texture::Texture'::`1'::dtor$1
0x14026FC00	0x26FC00	19	d3dtextr	original/d3d/d3dtextr.cpp	`Texture::Texture'::`1'::dtor$2
0x14026FC20	0x26FC20	19	d3dtextr	original/d3d/d3dtextr.cpp	`Texture::Texture'::`1'::dtor$3
0x14003E110	0x3E110	34	d3dtextr	original/d3d/d3dtextr.cpp	Microsoft::WRL::ComPtr<ID3D12DescriptorHeap>::~ComPtr<ID3D12DescriptorHeap>
0x14003E140	0x3E140	34	d3dtextr	original/d3d/d3dtextr.cpp	Microsoft::WRL::ComPtr<ID3D12Resource>::~ComPtr<ID3D12Resource>
0x14003E170	0x3E170	94	d3dtextr	original/d3d/d3dtextr.cpp	std::basic_string<char,std::char_traits<char>,std::allocator<char> >::~basic_string<char,std::char_traits<char>,std::allocator<char> >
0x14003E1D0	0x3E1D0	87	d3dtextr	original/d3d/d3dtextr.cpp	std::vector<unsigned char,std::allocator<unsigned char> >::~vector<unsigned char,std::allocator<unsigned char> >
0x14003E230	0x3E230	11	d3dtextr	original/d3d/d3dtextr.cpp	PHL::Texture2D::~Texture2D
0x14003E240	0x3E240	303	d3dtextr	original/d3d/d3dtextr.cpp	Texture::~Texture
0x14003E370	0x3E370	43	d3dtextr	original/d3d/d3dtextr.cpp	PHL::Texture2D::`scalar deleting destructor'
0x14003E3A0	0x3E3A0	341	d3dtextr	original/d3d/d3dtextr.cpp	Texture::`scalar deleting destructor'
0x14003E500	0x3E500	894	d3dtextr	original/d3d/d3dtextr.cpp	Texture::CopyBitmapToSurface
0x14026FC40	0x26FC40	12	d3dtextr	original/d3d/d3dtextr.cpp	`Texture::CopyBitmapToSurface'::`1'::dtor$0
0x14026FC50	0x26FC50	12	d3dtextr	original/d3d/d3dtextr.cpp	`Texture::CopyBitmapToSurface'::`1'::dtor$1
0x14026FC60	0x26FC60	12	d3dtextr	original/d3d/d3dtextr.cpp	`Texture::CopyBitmapToSurface'::`1'::dtor$2
0x14003E880	0x3E880	683	d3dtextr	original/d3d/d3dtextr.cpp	Texture::CopyRGBADataToSurface
0x14026FC70	0x26FC70	12	d3dtextr	original/d3d/d3dtextr.cpp	`Texture::CopyRGBADataToSurface'::`1'::dtor$0
0x14003EB30	0x3EB30	104	d3dtextr	original/d3d/d3dtextr.cpp	CreateEmptyTexture
0x14026FC80	0x26FC80	29	d3dtextr	original/d3d/d3dtextr.cpp	`CreateEmptyTexture'::`1'::dtor$0
0x14003EBA0	0x3EBA0	111	d3dtextr	original/d3d/d3dtextr.cpp	CreateNonTexturedTexture
0x14026FCA0	0x26FCA0	29	d3dtextr	original/d3d/d3dtextr.cpp	`CreateNonTexturedTexture'::`1'::dtor$0
0x14003EC10	0x3EC10	1705	d3dtextr	original/d3d/d3dtextr.cpp	Texture::CreateSRVHeap
0x14026FCC0	0x26FCC0	12	d3dtextr	original/d3d/d3dtextr.cpp	`Texture::CreateSRVHeap'::`1'::dtor$0
0x14026FCD0	0x26FCD0	12	d3dtextr	original/d3d/d3dtextr.cpp	`Texture::CreateSRVHeap'::`1'::dtor$2
0x14026FCE0	0x26FCE0	12	d3dtextr	original/d3d/d3dtextr.cpp	`Texture::CreateSRVHeap'::`1'::dtor$3
0x14003F2C0	0x3F2C0	564	d3dtextr	original/d3d/d3dtextr.cpp	CreateTextureFromFile
0x14026FCF0	0x26FCF0	29	d3dtextr	original/d3d/d3dtextr.cpp	`CreateTextureFromFile'::`1'::dtor$0
0x14003F500	0x3F500	1290	d3dtextr	original/d3d/d3dtextr.cpp	Texture::CreateTextureResource
0x14026FD10	0x26FD10	12	d3dtextr	original/d3d/d3dtextr.cpp	`Texture::CreateTextureResource'::`1'::dtor$0
0x14003FA10	0x3FA10	118	d3dtextr	original/d3d/d3dtextr.cpp	DeleteAllTextures
0x14003FA90	0x3FA90	14	d3dtextr	original/d3d/d3dtextr.cpp	Texture::GetBitsPerPixel
0x14003FAA0	0x3FAA0	8	d3dtextr	original/d3d/d3dtextr.cpp	Texture::GetNativeResource
0x14003FAB0	0x3FAB0	191	d3dtextr	original/d3d/d3dtextr.cpp	GetRequiredIntermediateSize
0x14003FB70	0x3FB70	64	d3dtextr	original/d3d/d3dtextr.cpp	Texture::Invalidate
0x14003FBB0	0x3FBB0	99	d3dtextr	original/d3d/d3dtextr.cpp	InvalidateAllTextures
0x14003FC20	0x3FC20	231	d3dtextr	original/d3d/d3dtextr.cpp	Texture::LoadBitmapFile
0x14003FD10	0x3FD10	749	d3dtextr	original/d3d/d3dtextr.cpp	Texture::LoadImageData
0x14026FD20	0x26FD20	12	d3dtextr	original/d3d/d3dtextr.cpp	`Texture::LoadImageData'::`1'::dtor$0
0x140040000	0x40000	486	d3dtextr	original/d3d/d3dtextr.cpp	Texture::LoadPNGFile
0x1400401F0	0x401F0	681	d3dtextr	original/d3d/d3dtextr.cpp	Texture::LoadTargaFile
0x1400404A0	0x404A0	6	d3dtextr	original/d3d/d3dtextr.cpp	Texture::LoadTimFile
0x1400404B0	0x404B0	48	d3dtextr	original/d3d/d3dtextr.cpp	Texture::Restore
0x1400404E0	0x404E0	3	d3dtextr	original/d3d/d3dtextr.cpp	RestoreAllTextures
0x1400404F0	0x404F0	3	d3dtextr	original/d3d/d3dtextr.cpp	Texture::SetDebugName
0x140040500	0x40500	28	d3dtextr	original/d3d/d3dtextr.cpp	SetTexturePath
0x140040520	0x40520	376	d3dtextr	original/d3d/d3dtextr.cpp	UpdateSubresources
0x1400406A0	0x406A0	511	d3dtextr	original/d3d/d3dtextr.cpp	Texture::UpdateTexture
0x1400408A0	0x408A0	116	d3dtextr	original/d3d/d3dtextr.cpp	WaitForGpuTexture
0x140040920	0x40920	17	d3dtextr	original/d3d/d3dtextr.cpp	std::_String_val<std::_Simple_types<char> >::_Xran
0x140040940	0x40940	40	d3dtransparencypass	original/d3d/d3dtransparencypass.cpp	IID_PPV_ARGS_Helper<Microsoft::WRL::ComPtr<ID3D12PipelineState> >
0x140040970	0x40970	23	d3dtransparencypass	original/d3d/d3dtransparencypass.cpp	std::_Copy_backward_memmove<Vertex *,Vertex *>
0x140040990	0x40990	48	d3dtransparencypass	original/d3d/d3dtransparencypass.cpp	std::_Copy_memmove<unsigned int *,unsigned int *>
0x1400409C0	0x409C0	48	d3dtransparencypass	original/d3d/d3dtransparencypass.cpp	std::_Copy_memmove<Vertex *,Vertex *>
0x1400409F0	0x409F0	48	d3dtransparencypass	original/d3d/d3dtransparencypass.cpp	std::_Copy_memmove<Vertex const *,Vertex *>
0x140040A20	0x40A20	46	d3dtransparencypass	original/d3d/d3dtransparencypass.cpp	std::_Copy_memmove_n<Vertex const *,Vertex *>
0x140040A50	0x40A50	414	d3dtransparencypass	original/d3d/d3dtransparencypass.cpp	std::vector<unsigned int,std::allocator<unsigned int> >::_Emplace_reallocate<unsigned int>
0x14026FD30	0x26FD30	40	d3dtransparencypass	original/d3d/d3dtransparencypass.cpp	`std::vector<unsigned int,std::allocator<unsigned int> >::_Emplace_reallocate<unsigned int>'::`1'::catch$0
0x140040BF0	0x40BF0	864	d3dtransparencypass	original/d3d/d3dtransparencypass.cpp	std::vector<Vertex,std::allocator<Vertex> >::_Insert_counted_range<Vertex const *>
0x14026FD60	0x26FD60	49	d3dtransparencypass	original/d3d/d3dtransparencypass.cpp	`std::vector<Vertex,std::allocator<Vertex> >::_Insert_counted_range<Vertex const *>'::`1'::catch$0
0x14026FDD0	0x26FDD0	102	d3dtransparencypass	original/d3d/d3dtransparencypass.cpp	`std::vector<Vertex,std::allocator<Vertex> >::_Insert_counted_range<Vertex const *>'::`1'::catch$2
0x14026FDA0	0x26FDA0	37	d3dtransparencypass	original/d3d/d3dtransparencypass.cpp	`std::vector<Vertex,std::allocator<Vertex> >::_Insert_counted_range<Vertex const *>'::`1'::catch$1
0x14026FE70	0x26FE70	65	d3dtransparencypass	original/d3d/d3dtransparencypass.cpp	`std::vector<Vertex,std::allocator<Vertex> >::_Insert_counted_range<Vertex const *>'::`1'::catch$4
0x14026FE40	0x26FE40	37	d3dtransparencypass	original/d3d/d3dtransparencypass.cpp	`std::vector<Vertex,std::allocator<Vertex> >::_Insert_counted_range<Vertex const *>'::`1'::catch$3
0x140040F50	0x40F50	48	d3dtransparencypass	original/d3d/d3dtransparencypass.cpp	std::_Move_unchecked<Vertex *,Vertex *>
0x140040F80	0x40F80	78	d3dtransparencypass	original/d3d/d3dtransparencypass.cpp	std::_Uninitialized_move<Vertex *,std::allocator<Vertex> >
0x140040FD0	0x40FD0	199	d3dtransparencypass	original/d3d/d3dtransparencypass.cpp	D3DTransparencyPass::D3DTransparencyPass
0x14026FEC0	0x26FEC0	12	d3dtransparencypass	original/d3d/d3dtransparencypass.cpp	`D3DTransparencyPass::D3DTransparencyPass'::`1'::dtor$0
0x14026FED0	0x26FED0	16	d3dtransparencypass	original/d3d/d3dtransparencypass.cpp	`D3DTransparencyPass::D3DTransparencyPass'::`1'::dtor$1
0x14026FEE0	0x26FEE0	16	d3dtransparencypass	original/d3d/d3dtransparencypass.cpp	`D3DTransparencyPass::D3DTransparencyPass'::`1'::dtor$2
0x14026FEF0	0x26FEF0	16	d3dtransparencypass	original/d3d/d3dtransparencypass.cpp	`D3DTransparencyPass::D3DTransparencyPass'::`1'::dtor$3
0x14026FF00	0x26FF00	16	d3dtransparencypass	original/d3d/d3dtransparencypass.cpp	`D3DTransparencyPass::D3DTransparencyPass'::`1'::dtor$4
0x14026FF10	0x26FF10	16	d3dtransparencypass	original/d3d/d3dtransparencypass.cpp	`D3DTransparencyPass::D3DTransparencyPass'::`1'::dtor$5
0x14026FF20	0x26FF20	16	d3dtransparencypass	original/d3d/d3dtransparencypass.cpp	`D3DTransparencyPass::D3DTransparencyPass'::`1'::dtor$6
0x14026FF30	0x26FF30	16	d3dtransparencypass	original/d3d/d3dtransparencypass.cpp	`D3DTransparencyPass::D3DTransparencyPass'::`1'::dtor$7
0x14026FF40	0x26FF40	19	d3dtransparencypass	original/d3d/d3dtransparencypass.cpp	`D3DTransparencyPass::D3DTransparencyPass'::`1'::dtor$8
0x14026FF60	0x26FF60	19	d3dtransparencypass	original/d3d/d3dtransparencypass.cpp	`D3DTransparencyPass::D3DTransparencyPass'::`1'::dtor$9
0x14026FF80	0x26FF80	19	d3dtransparencypass	original/d3d/d3dtransparencypass.cpp	`D3DTransparencyPass::D3DTransparencyPass'::`1'::dtor$10
0x14026FFA0	0x26FFA0	19	d3dtransparencypass	original/d3d/d3dtransparencypass.cpp	`D3DTransparencyPass::D3DTransparencyPass'::`1'::dtor$11
0x14026FFC0	0x26FFC0	19	d3dtransparencypass	original/d3d/d3dtransparencypass.cpp	`D3DTransparencyPass::D3DTransparencyPass'::`1'::dtor$12
0x14026FFE0	0x26FFE0	19	d3dtransparencypass	original/d3d/d3dtransparencypass.cpp	`D3DTransparencyPass::D3DTransparencyPass'::`1'::dtor$13
0x140270000	0x270000	19	d3dtransparencypass	original/d3d/d3dtransparencypass.cpp	`D3DTransparencyPass::D3DTransparencyPass'::`1'::dtor$14
0x1400410A0	0x410A0	34	d3dtransparencypass	original/d3d/d3dtransparencypass.cpp	Microsoft::WRL::ComPtr<ID3D12PipelineState>::~ComPtr<ID3D12PipelineState>
0x1400410D0	0x410D0	91	d3dtransparencypass	original/d3d/d3dtransparencypass.cpp	std::vector<unsigned int,std::allocator<unsigned int> >::~vector<unsigned int,std::allocator<unsigned int> >
0x140041130	0x41130	389	d3dtransparencypass	original/d3d/d3dtransparencypass.cpp	D3DTransparencyPass::AddIndexed
0x1400412C0	0x412C0	1411	d3dtransparencypass	original/d3d/d3dtransparencypass.cpp	D3DTransparencyPass::CreateBuffers
0x140041850	0x41850	1460	d3dtransparencypass	original/d3d/d3dtransparencypass.cpp	D3DTransparencyPass::CreatePipelineState
0x140041E10	0x41E10	1226	d3dtransparencypass	original/d3d/d3dtransparencypass.cpp	D3DTransparencyPass::CreateShaders
0x140270020	0x270020	12	d3dtransparencypass	original/d3d/d3dtransparencypass.cpp	`D3DTransparencyPass::CreateShaders'::`1'::dtor$0
0x140270030	0x270030	12	d3dtransparencypass	original/d3d/d3dtransparencypass.cpp	`D3DTransparencyPass::CreateShaders'::`1'::dtor$1
0x140270040	0x270040	12	d3dtransparencypass	original/d3d/d3dtransparencypass.cpp	`D3DTransparencyPass::CreateShaders'::`1'::dtor$2
0x140270050	0x270050	12	d3dtransparencypass	original/d3d/d3dtransparencypass.cpp	`D3DTransparencyPass::CreateShaders'::`1'::dtor$3
0x140270060	0x270060	12	d3dtransparencypass	original/d3d/d3dtransparencypass.cpp	`D3DTransparencyPass::CreateShaders'::`1'::dtor$4
0x140270070	0x270070	12	d3dtransparencypass	original/d3d/d3dtransparencypass.cpp	`D3DTransparencyPass::CreateShaders'::`1'::dtor$5
0x140270080	0x270080	12	d3dtransparencypass	original/d3d/d3dtransparencypass.cpp	`D3DTransparencyPass::CreateShaders'::`1'::dtor$6
0x1400422E0	0x422E0	1076	d3dtransparencypass	original/d3d/d3dtransparencypass.cpp	D3DTransparencyPass::Render
0x140042720	0x42720	1199	d3dtransparencypass	original/d3d/d3dtransparencypass.cpp	D3DTransparencyPass::Update
0x140042BD0	0x42BD0	17	d3dtransparencypass	original/d3d/d3dtransparencypass.cpp	std::vector<unsigned int,std::allocator<unsigned int> >::_Xlength
0x140042BF0	0x42BF0	17	d3dtransparencypass	original/d3d/d3dtransparencypass.cpp	std::vector<Vertex,std::allocator<Vertex> >::_Xlength
0x140042C10	0x42C10	66	d3dtransparencypass	original/d3d/d3dtransparencypass.cpp	std::allocator<unsigned int>::deallocate
0x140042C60	0x42C60	62	d3dtransparencypass	original/d3d/d3dtransparencypass.cpp	std::allocator<Vertex>::deallocate
0x140042CA0	0x42CA0	162	d3dutil	original/d3d/d3dutil.cpp	D3DUtil_InitLight
0x140042D50	0x42D50	67	d3dutil	original/d3d/d3dutil.cpp	D3DUtil_InitMaterial
0x140042DA0	0x42DA0	64	d3dutil	original/d3d/d3dutil.cpp	D3DUtil_InitSurfaceDesc
0x140042DE0	0x42DE0	287	d3dutil	original/d3d/d3dutil.cpp	D3DUtil_SetProjectionMatrix
0x140042F00	0x42F00	122	d3dutil	original/d3d/d3dutil.cpp	D3DUtil_SetRotateXMatrix
0x140042F80	0x42F80	124	d3dutil	original/d3d/d3dutil.cpp	D3DUtil_SetRotateYMatrix
0x140043000	0x43000	122	d3dutil	original/d3d/d3dutil.cpp	D3DUtil_SetRotateZMatrix
0x140043080	0x43080	418	d3dutil	original/d3d/d3dutil.cpp	D3DUtil_SetRotationMatrix
0x140043230	0x43230	939	d3dutil	original/d3d/d3dutil.cpp	D3DUtil_SetViewMatrix
0x1400435E0	0x435E0	155	d3dutil	original/d3d/d3dutil.cpp	_DbgOut
0x140043680	0x43680	671	debugtext	original/debugtext.c	DebugString
0x140043920	0x43920	108	debugtext	original/debugtext.c	DebugStringSize
0x140043990	0x43990	126	debugtext	original/debugtext.c	DebugText
0x140043A10	0x43A10	195	debugtext	original/debugtext.c	DebugTextSize
0x140043AE0	0x43AE0	192	debugtext	original/debugtext.c	Draw2dBox
0x140043BA0	0x43BA0	588	debugtext	original/debugtext.c	Draw3dText
0x140043DF0	0x43DF0	362	debugtext	original/debugtext.c	DrawRectangle
0x140043F60	0x43F60	1323	debugtext	original/debugtext.c	DrawString
0x140044490	0x44490	1560	debugtext	original/debugtext.c	DrawString2D
0x140044AB0	0x44AB0	1323	debugtext	original/debugtext.c	DrawString3D
0x140044FE0	0x44FE0	359	debugtext	original/debugtext.c	DrawZRectangle
0x140045150	0x45150	22	debugtext	original/debugtext.c	FreeFont
0x140045170	0x45170	159	debugtext	original/debugtext.c	GetStringSize
0x140045210	0x45210	254	debugtext	original/debugtext.c	GetTextSize
0x140045310	0x45310	52	debugtext	original/debugtext.c	InitFont
0x140045350	0x45350	179	debugtext	original/debugtext.c	_DrawText
0x140045410	0x45410	11	debugtext	original/debugtext.c	clearTextClip
0x140045420	0x45420	60	debugtext	original/debugtext.c	console_loadfont
0x140045460	0x45460	362	debugtext	original/debugtext.c	console_rectangle
0x1400455D0	0x455D0	611	debugtext	original/debugtext.c	console_text
0x140045840	0x45840	21	debugtext	original/debugtext.c	debugReset
0x140045860	0x45860	16	debugtext	original/debugtext.c	scr_debugPrintf
0x140045870	0x45870	172	debugtext	original/debugtext.c	scr_debugPrintfRed
0x140045920	0x45920	194	debugtext	original/debugtext.c	scr_debugPrintfXY
0x1400459F0	0x459F0	192	debugtext	original/debugtext.c	scr_debugPrintfXYC
0x140045AB0	0x45AB0	194	debugtext	original/debugtext.c	scr_debugPrintfXYRed
0x140045B80	0x45B80	441	debugtext	original/debugtext.c	scr_debugPrintfXYZ
0x140045D40	0x45D40	161	debugtext	original/debugtext.c	scr_debugPrintfXYZRed
0x140045DF0	0x45DF0	86	debugtext	original/debugtext.c	setTextClip
0x140045E50	0x45E50	69	debugtext	original/debugtext.c	setTextClipF
0x140045EA0	0x45EA0	61	debugtext	original/debugtext.c	setTextClipFAllSides
0x140045EE0	0x45EE0	526	debugtext	original/debugtext.c	textClip
0x1400460F0	0x460F0	211	enemy	original/enemy.c	_addEnemy
0x1400461D0	0x461D0	328	enemy	original/enemy.c	_checkForNewEnemies
0x140046320	0x46320	90	enemy	original/enemy.c	_countChildNodes
0x140046380	0x46380	3	enemy	original/enemy.c	_debugEnemy
0x140046390	0x46390	3	enemy	original/enemy.c	_debugEnemyFlags
0x1400463A0	0x463A0	305	enemy	original/enemy.c	_deleteEnemy
0x1400464E0	0x464E0	321	enemy	original/enemy.c	_initEnemy
0x140046630	0x46630	36	enemy	original/enemy.c	aisub_arithmeticFVariables
0x140046660	0x46660	192	enemy	original/enemy.c	aisub_arithmeticSIVariables
0x140046720	0x46720	20	enemy	original/enemy.c	aisub_checkFlag
0x140046740	0x46740	1352	enemy	original/enemy.c	aisub_clearglobalflags
0x140046C90	0x46C90	112	enemy	original/enemy.c	aisub_compareFVariables
0x140046D00	0x46D00	60	enemy	original/enemy.c	aisub_compareLogicSense
0x140046D40	0x46D40	112	enemy	original/enemy.c	aisub_compareSIVariables
0x140046DB0	0x46DB0	207	enemy	original/enemy.c	aisub_findNearestWaypnt
0x140046E80	0x46E80	137	enemy	original/enemy.c	aisub_flagsManager
0x140046F10	0x46F10	904	enemy	original/enemy.c	aisub_handleMoveFunction
0x1400472A0	0x472A0	960	enemy	original/enemy.c	aisub_handleRangeFunction
0x140047660	0x47660	496	enemy	original/enemy.c	aisub_handleScanFunction
0x140047850	0x47850	34	enemy	original/enemy.c	aisub_setFlag
0x140047880	0x47880	31	enemy	original/enemy.c	aisub_setNextWaypoint
0x1400478A0	0x478A0	3	enemy	original/enemy.c	aisub_showflags
0x1400478B0	0x478B0	71	enemy	original/enemy.c	aisub_timedFlag
0x140047900	0x47900	188	enemy	original/enemy.c	bapEnemyDoModeJump
0x1400479C0	0x479C0	68	enemy	original/enemy.c	bapEnemyGetNextOpcode
0x140047A10	0x47A10	55	enemy	original/enemy.c	bapEnemySetContinue
0x140047A50	0x47A50	71	enemy	original/enemy.c	bapEnemyStartCycleLoop
0x140047AA0	0x47AA0	63	enemy	original/enemy.c	bapenemy_changeAIMode
0x140047AE0	0x47AE0	83	enemy	original/enemy.c	bapenemy_postFrame
0x140047B40	0x47B40	206	enemy	original/enemy.c	bapenemy_preFrame
0x140047C10	0x47C10	64	enemy	original/enemy.c	bapenemy_returnAIMode
0x140047C50	0x47C50	796	enemy	original/enemy.c	console_EnemyCommand
0x140047F70	0x47F70	42	enemy	original/enemy.c	enemy_ActivateEnemy
0x140047FA0	0x47FA0	280	enemy	original/enemy.c	enemy_CalcPoints
0x1400480C0	0x480C0	1008	enemy	original/enemy.c	enemy_CheckTeleport
0x1400484B0	0x484B0	35	enemy	original/enemy.c	enemy_GetNodePointer
0x1400484E0	0x484E0	1929	enemy	original/enemy.c	enemy_HandleEnemies
0x140048C70	0x48C70	114	enemy	original/enemy.c	enemy_HandleMapTriggers
0x140048CF0	0x48CF0	195	enemy	original/enemy.c	enemy_InitEnemies
0x140048DC0	0x48DC0	146	enemy	original/enemy.c	enemy_KillKill
0x140048E60	0x48E60	7884	enemy	original/enemy.c	enemy_ParseOpcodes
0x14004AD30	0x4AD30	947	enemy	original/enemy.c	enemy_Radar
0x14004B0F0	0x4B0F0	1623	enemy	original/enemy.c	enemy_ResetEnemies
0x14004B750	0x4B750	112	enemy	original/enemy.c	enemy_SetTeleport
0x14004B7C0	0x4B7C0	189	enemy	original/enemy.c	enemy_SetTeleportReturn
0x14004B880	0x4B880	118	enemy	original/enemy.c	enemy_getPointerIndex
0x14004B900	0x4B900	289	enemy	original/enemy.c	getintank
0x14004BA30	0x4BA30	296	enemy	original/enemy.c	getonstap
0x14004BB60	0x4BB60	46	extracharacters	original/extracharacters.c	GetCharacterByID
0x14004BB90	0x4BB90	67	extracharacters	original/extracharacters.c	IsExtraCharacter
0x14004BBE0	0x4BBE0	54	extracharacters	original/extracharacters.c	extracharacter_CanForcePower
0x14004BC20	0x4BC20	57	extracharacters	original/extracharacters.c	extracharacter_CanLedgeClimb
0x14004BC60	0x4BC60	54	extracharacters	original/extracharacters.c	extracharacter_CanReflect
0x14004BE80	0x4BE80	68	ufbx	original/fbx/ufbx.c	fprintf
0x14004BED0	0x4BED0	592	ufbx	original/fbx/ufbx.c	ufbx_add_blend_shape_vertex_offsets
0x14004C120	0x4C120	751	ufbx	original/fbx/ufbx.c	ufbx_add_blend_vertex_offsets
0x14004C410	0x4C410	18	ufbx	original/fbx/ufbx.c	ufbx_as_anim_curve
0x14004C430	0x4C430	18	ufbx	original/fbx/ufbx.c	ufbx_as_anim_layer
0x14004C450	0x4C450	18	ufbx	original/fbx/ufbx.c	ufbx_as_anim_stack
0x14004C470	0x4C470	18	ufbx	original/fbx/ufbx.c	ufbx_as_anim_value
0x14004C490	0x4C490	18	ufbx	original/fbx/ufbx.c	ufbx_as_blend_channel
0x14004C4B0	0x4C4B0	18	ufbx	original/fbx/ufbx.c	ufbx_as_blend_deformer
0x14004C4D0	0x4C4D0	18	ufbx	original/fbx/ufbx.c	ufbx_as_blend_shape
0x14004C4F0	0x4C4F0	18	ufbx	original/fbx/ufbx.c	ufbx_as_bone
0x14004C510	0x4C510	18	ufbx	original/fbx/ufbx.c	ufbx_as_cache_deformer
0x14004C530	0x4C530	18	ufbx	original/fbx/ufbx.c	ufbx_as_cache_file
0x14004C550	0x4C550	18	ufbx	original/fbx/ufbx.c	ufbx_as_camera
0x14004C570	0x4C570	18	ufbx	original/fbx/ufbx.c	ufbx_as_camera_switcher
0x14004C590	0x4C590	18	ufbx	original/fbx/ufbx.c	ufbx_as_character
0x14004C5B0	0x4C5B0	18	ufbx	original/fbx/ufbx.c	ufbx_as_constraint
0x14004C5D0	0x4C5D0	18	ufbx	original/fbx/ufbx.c	ufbx_as_display_layer
0x14004C5F0	0x4C5F0	18	ufbx	original/fbx/ufbx.c	ufbx_as_empty
0x14004C610	0x4C610	18	ufbx	original/fbx/ufbx.c	ufbx_as_light
0x14004C630	0x4C630	18	ufbx	original/fbx/ufbx.c	ufbx_as_line_curve
0x14004C650	0x4C650	18	ufbx	original/fbx/ufbx.c	ufbx_as_lod_group
0x14004C670	0x4C670	18	ufbx	original/fbx/ufbx.c	ufbx_as_marker
0x14004C690	0x4C690	18	ufbx	original/fbx/ufbx.c	ufbx_as_material
0x14004C6B0	0x4C6B0	18	ufbx	original/fbx/ufbx.c	ufbx_as_mesh
0x14004C6D0	0x4C6D0	18	ufbx	original/fbx/ufbx.c	ufbx_as_metadata_object
0x14004C6F0	0x4C6F0	18	ufbx	original/fbx/ufbx.c	ufbx_as_node
0x14004C710	0x4C710	18	ufbx	original/fbx/ufbx.c	ufbx_as_nurbs_curve
0x14004C730	0x4C730	18	ufbx	original/fbx/ufbx.c	ufbx_as_nurbs_surface
0x14004C750	0x4C750	18	ufbx	original/fbx/ufbx.c	ufbx_as_nurbs_trim_boundary
0x14004C770	0x4C770	18	ufbx	original/fbx/ufbx.c	ufbx_as_nurbs_trim_surface
0x14004C790	0x4C790	18	ufbx	original/fbx/ufbx.c	ufbx_as_pose
0x14004C7B0	0x4C7B0	18	ufbx	original/fbx/ufbx.c	ufbx_as_procedural_geometry
0x14004C7D0	0x4C7D0	18	ufbx	original/fbx/ufbx.c	ufbx_as_selection_node
0x14004C7F0	0x4C7F0	18	ufbx	original/fbx/ufbx.c	ufbx_as_selection_set
0x14004C810	0x4C810	18	ufbx	original/fbx/ufbx.c	ufbx_as_shader
0x14004C830	0x4C830	18	ufbx	original/fbx/ufbx.c	ufbx_as_shader_binding
0x14004C850	0x4C850	18	ufbx	original/fbx/ufbx.c	ufbx_as_skin_cluster
0x14004C870	0x4C870	18	ufbx	original/fbx/ufbx.c	ufbx_as_skin_deformer
0x14004C890	0x4C890	18	ufbx	original/fbx/ufbx.c	ufbx_as_stereo_camera
0x14004C8B0	0x4C8B0	18	ufbx	original/fbx/ufbx.c	ufbx_as_texture
0x14004C8D0	0x4C8D0	18	ufbx	original/fbx/ufbx.c	ufbx_as_unknown
0x14004C8F0	0x4C8F0	18	ufbx	original/fbx/ufbx.c	ufbx_as_video
0x14004C910	0x4C910	1158	ufbx	original/fbx/ufbx.c	ufbx_catch_compute_normals
0x14004CDA0	0x4CDA0	41	ufbx	original/fbx/ufbx.c	ufbx_catch_compute_topology
0x14004CDD0	0x4CDD0	571	ufbx	original/fbx/ufbx.c	ufbx_catch_generate_normal_mapping
0x14004D010	0x4D010	3315	ufbx	original/fbx/ufbx.c	ufbx_catch_get_skin_vertex_matrix
0x14004DD10	0x4DD10	100	ufbx	original/fbx/ufbx.c	ufbx_catch_get_vertex_real
0x14004DD80	0x4DD80	107	ufbx	original/fbx/ufbx.c	ufbx_catch_get_vertex_vec2
0x14004DDF0	0x4DDF0	177	ufbx	original/fbx/ufbx.c	ufbx_catch_get_vertex_vec3
0x14004DEB0	0x4DEB0	145	ufbx	original/fbx/ufbx.c	ufbx_catch_get_vertex_vec4
0x14004DF50	0x4DF50	2490	ufbx	original/fbx/ufbx.c	ufbx_catch_get_weighted_face_normal
0x14004E910	0x4E910	110	ufbx	original/fbx/ufbx.c	ufbx_catch_topo_next_vertex_edge
0x14004E980	0x4E980	70	ufbx	original/fbx/ufbx.c	ufbx_catch_topo_prev_vertex_edge
0x14004E9D0	0x4E9D0	2282	ufbx	original/fbx/ufbx.c	ufbx_catch_triangulate_face
0x14004F2C0	0x4F2C0	50	ufbx	original/fbx/ufbx.c	ufbx_compute_normals
0x14004F300	0x4F300	60	ufbx	original/fbx/ufbx.c	ufbx_coordinate_axes_valid
0x14004F340	0x4F340	232	ufbx	original/fbx/ufbx.c	ufbx_default_open_file
0x14004F430	0x4F430	134	ufbx	original/fbx/ufbx.c	ufbx_dom_find_len
0x14004F4C0	0x4F4C0	1020	ufbx	original/fbx/ufbx.c	ufbx_euler_to_quat
0x14004F8C0	0x4F8C0	38	ufbx	original/fbx/ufbx.c	ufbx_evaluate_anim_value_real
0x14004F8F0	0x4F8F0	149	ufbx	original/fbx/ufbx.c	ufbx_evaluate_anim_value_vec2
0x14004F990	0x4F990	184	ufbx	original/fbx/ufbx.c	ufbx_evaluate_anim_value_vec3
0x14004FA50	0x4FA50	164	ufbx	original/fbx/ufbx.c	ufbx_evaluate_blend_weight
0x14004FB00	0x4FB00	1187	ufbx	original/fbx/ufbx.c	ufbx_evaluate_curve
0x14004FFB0	0x4FFB0	1064	ufbx	original/fbx/ufbx.c	ufbx_evaluate_nurbs_basis
0x1400503E0	0x503E0	586	ufbx	original/fbx/ufbx.c	ufbx_evaluate_nurbs_curve
0x140050630	0x50630	2495	ufbx	original/fbx/ufbx.c	ufbx_evaluate_nurbs_surface
0x140050FF0	0x50FF0	431	ufbx	original/fbx/ufbx.c	ufbx_evaluate_prop_len
0x1400511A0	0x511A0	1032	ufbx	original/fbx/ufbx.c	ufbx_evaluate_props
0x1400515B0	0x515B0	158	ufbx	original/fbx/ufbx.c	ufbx_evaluate_scene
0x140051650	0x51650	467	ufbx	original/fbx/ufbx.c	ufbx_evaluate_transform
0x140051830	0x51830	53	ufbx	original/fbx/ufbx.c	ufbx_ffi_euler_to_quat
0x140051870	0x51870	29	ufbx	original/fbx/ufbx.c	ufbx_ffi_evaluate_anim_value_vec2
0x140051890	0x51890	39	ufbx	original/fbx/ufbx.c	ufbx_ffi_evaluate_anim_value_vec3
0x1400518C0	0x518C0	164	ufbx	original/fbx/ufbx.c	ufbx_ffi_evaluate_blend_weight
0x140051970	0x51970	47	ufbx	original/fbx/ufbx.c	ufbx_ffi_evaluate_nurbs_curve
0x1400519A0	0x519A0	49	ufbx	original/fbx/ufbx.c	ufbx_ffi_evaluate_nurbs_surface
0x1400519E0	0x519E0	107	ufbx	original/fbx/ufbx.c	ufbx_ffi_evaluate_prop_len
0x140051A50	0x51A50	65	ufbx	original/fbx/ufbx.c	ufbx_ffi_evaluate_props
0x140051AA0	0x51AA0	49	ufbx	original/fbx/ufbx.c	ufbx_ffi_evaluate_transform
0x140051AE0	0x51AE0	31	ufbx	original/fbx/ufbx.c	ufbx_ffi_find_anim_props
0x140051B00	0x51B00	49	ufbx	original/fbx/ufbx.c	ufbx_ffi_find_int_len
0x140051B40	0x51B40	57	ufbx	original/fbx/ufbx.c	ufbx_ffi_find_string_len
0x140051B80	0x51B80	74	ufbx	original/fbx/ufbx.c	ufbx_ffi_find_vec3_len
0x140051BD0	0x51BD0	39	ufbx	original/fbx/ufbx.c	ufbx_ffi_get_blend_shape_vertex_offset
0x140051C00	0x51C00	39	ufbx	original/fbx/ufbx.c	ufbx_ffi_get_blend_vertex_offset
0x140051C30	0x51C30	47	ufbx	original/fbx/ufbx.c	ufbx_ffi_get_compatible_matrix_for_normals
0x140051C60	0x51C60	60	ufbx	original/fbx/ufbx.c	ufbx_ffi_get_skin_vertex_matrix
0x140051CA0	0x51CA0	22	ufbx	original/fbx/ufbx.c	ufbx_ffi_get_triangulate_face_num_indices
0x140051CC0	0x51CC0	47	ufbx	original/fbx/ufbx.c	ufbx_ffi_get_weighted_face_normal
0x140051CF0	0x51CF0	47	ufbx	original/fbx/ufbx.c	ufbx_ffi_matrix_for_normals
0x140051D20	0x51D20	47	ufbx	original/fbx/ufbx.c	ufbx_ffi_matrix_invert
0x140051D50	0x51D50	47	ufbx	original/fbx/ufbx.c	ufbx_ffi_matrix_mul
0x140051D80	0x51D80	49	ufbx	original/fbx/ufbx.c	ufbx_ffi_matrix_to_transform
0x140051DC0	0x51DC0	447	ufbx	original/fbx/ufbx.c	ufbx_ffi_prepare_prop_overrides
0x140051F80	0x51F80	58	ufbx	original/fbx/ufbx.c	ufbx_ffi_quat_fix_antipodal
0x140051FC0	0x51FC0	316	ufbx	original/fbx/ufbx.c	ufbx_ffi_quat_mul
0x140052100	0x52100	44	ufbx	original/fbx/ufbx.c	ufbx_ffi_quat_normalize
0x140052130	0x52130	76	ufbx	original/fbx/ufbx.c	ufbx_ffi_quat_rotate_vec3
0x140052180	0x52180	58	ufbx	original/fbx/ufbx.c	ufbx_ffi_quat_slerp
0x1400521C0	0x521C0	52	ufbx	original/fbx/ufbx.c	ufbx_ffi_quat_to_euler
0x140052200	0x52200	63	ufbx	original/fbx/ufbx.c	ufbx_ffi_transform_direction
0x140052240	0x52240	63	ufbx	original/fbx/ufbx.c	ufbx_ffi_transform_position
0x140052280	0x52280	47	ufbx	original/fbx/ufbx.c	ufbx_ffi_transform_to_matrix
0x1400522B0	0x522B0	33	ufbx	original/fbx/ufbx.c	ufbx_ffi_triangulate_face
0x1400522E0	0x522E0	332	ufbx	original/fbx/ufbx.c	ufbx_find_anim_prop_len
0x140052430	0x52430	364	ufbx	original/fbx/ufbx.c	ufbx_find_anim_props
0x1400525A0	0x525A0	16	ufbx	original/fbx/ufbx.c	ufbx_find_anim_stack_len
0x1400525B0	0x525B0	70	ufbx	original/fbx/ufbx.c	ufbx_find_blob_len
0x140052600	0x52600	43	ufbx	original/fbx/ufbx.c	ufbx_find_bool_len
0x140052630	0x52630	453	ufbx	original/fbx/ufbx.c	ufbx_find_element_len
0x140052800	0x52800	38	ufbx	original/fbx/ufbx.c	ufbx_find_int_len
0x140052830	0x52830	16	ufbx	original/fbx/ufbx.c	ufbx_find_material_len
0x140052840	0x52840	16	ufbx	original/fbx/ufbx.c	ufbx_find_node_len
0x140052850	0x52850	286	ufbx	original/fbx/ufbx.c	ufbx_find_prop_concat
0x140052970	0x52970	416	ufbx	original/fbx/ufbx.c	ufbx_find_prop_len
0x140052B10	0x52B10	287	ufbx	original/fbx/ufbx.c	ufbx_find_prop_texture_len
0x140052C30	0x52C30	50	ufbx	original/fbx/ufbx.c	ufbx_find_real_len
0x140052C70	0x52C70	626	ufbx	original/fbx/ufbx.c	ufbx_find_shader_prop_bindings_len
0x140052EF0	0x52EF0	103	ufbx	original/fbx/ufbx.c	ufbx_find_shader_prop_len
0x140052F60	0x52F60	243	ufbx	original/fbx/ufbx.c	ufbx_find_shader_texture_input_len
0x140053060	0x53060	70	ufbx	original/fbx/ufbx.c	ufbx_find_string_len
0x1400530B0	0x530B0	86	ufbx	original/fbx/ufbx.c	ufbx_find_vec3_len
0x140053110	0x53110	379	ufbx	original/fbx/ufbx.c	ufbx_format_error
0x140053290	0x53290	38	ufbx	original/fbx/ufbx.c	ufbx_free_geometry_cache
0x1400532C0	0x532C0	38	ufbx	original/fbx/ufbx.c	ufbx_free_line_curve
0x1400532F0	0x532F0	47	ufbx	original/fbx/ufbx.c	ufbx_free_mesh
0x140053320	0x53320	29	ufbx	original/fbx/ufbx.c	ufbx_free_scene
0x140053340	0x53340	109	ufbx	original/fbx/ufbx.c	ufbx_generate_indices
0x1400533B0	0x533B0	49	ufbx	original/fbx/ufbx.c	ufbx_generate_normal_mapping
0x1400533F0	0x533F0	188	ufbx	original/fbx/ufbx.c	ufbx_get_blend_shape_vertex_offset
0x1400534B0	0x534B0	434	ufbx	original/fbx/ufbx.c	ufbx_get_blend_vertex_offset
0x140053670	0x53670	291	ufbx	original/fbx/ufbx.c	ufbx_get_compatible_matrix_for_normals
0x1400537A0	0x537A0	26	ufbx	original/fbx/ufbx.c	ufbx_get_prop_element
0x1400537C0	0x537C0	19	ufbx	original/fbx/ufbx.c	ufbx_get_triangulate_face_num_indices
0x1400537E0	0x537E0	1188	ufbx	original/fbx/ufbx.c	ufbx_inflate
0x140053C90	0x53C90	3	ufbx	original/fbx/ufbx.c	ufbx_is_thread_safe
0x140053CA0	0x53CA0	18	ufbx	original/fbx/ufbx.c	ufbx_load_file
0x140053CC0	0x53CC0	653	ufbx	original/fbx/ufbx.c	ufbx_load_file_len
0x140053F50	0x53F50	64	ufbx	original/fbx/ufbx.c	ufbx_load_geometry_cache
0x140053F90	0x53F90	52	ufbx	original/fbx/ufbx.c	ufbx_load_geometry_cache_len
0x140053FD0	0x53FD0	204	ufbx	original/fbx/ufbx.c	ufbx_load_memory
0x1400540A0	0x540A0	27	ufbx	original/fbx/ufbx.c	ufbx_load_stdio
0x1400540C0	0x540C0	376	ufbx	original/fbx/ufbx.c	ufbx_load_stdio_prefix
0x140054240	0x54240	27	ufbx	original/fbx/ufbx.c	ufbx_load_stream
0x140054260	0x54260	235	ufbx	original/fbx/ufbx.c	ufbx_load_stream_prefix
0x140054350	0x54350	164	ufbx	original/fbx/ufbx.c	ufbx_matrix_determinant
0x140054400	0x54400	509	ufbx	original/fbx/ufbx.c	ufbx_matrix_for_normals
0x140054600	0x54600	886	ufbx	original/fbx/ufbx.c	ufbx_matrix_invert
0x140054980	0x54980	907	ufbx	original/fbx/ufbx.c	ufbx_matrix_mul
0x140054D10	0x54D10	1552	ufbx	original/fbx/ufbx.c	ufbx_matrix_to_transform
0x140055320	0x55320	232	ufbx	original/fbx/ufbx.c	ufbx_open_file
0x140055410	0x55410	537	ufbx	original/fbx/ufbx.c	ufbx_open_memory
0x140055630	0x55630	450	ufbx	original/fbx/ufbx.c	ufbx_prepare_prop_overrides
0x140055800	0x55800	51	ufbx	original/fbx/ufbx.c	ufbx_quat_dot
0x140055840	0x55840	89	ufbx	original/fbx/ufbx.c	ufbx_quat_fix_antipodal
0x1400558A0	0x558A0	326	ufbx	original/fbx/ufbx.c	ufbx_quat_mul
0x1400559F0	0x559F0	119	ufbx	original/fbx/ufbx.c	ufbx_quat_normalize
0x140055A70	0x55A70	297	ufbx	original/fbx/ufbx.c	ufbx_quat_rotate_vec3
0x140055BA0	0x55BA0	588	ufbx	original/fbx/ufbx.c	ufbx_quat_slerp
0x140055DF0	0x55DF0	2116	ufbx	original/fbx/ufbx.c	ufbx_quat_to_euler
0x140056640	0x56640	3778	ufbx	original/fbx/ufbx.c	ufbx_read_geometry_cache_real
0x140057510	0x57510	62	ufbx	original/fbx/ufbx.c	ufbx_read_geometry_cache_vec3
0x140057550	0x57550	38	ufbx	original/fbx/ufbx.c	ufbx_retain_geometry_cache
0x140057580	0x57580	38	ufbx	original/fbx/ufbx.c	ufbx_retain_line_curve
0x1400575B0	0x575B0	47	ufbx	original/fbx/ufbx.c	ufbx_retain_mesh
0x1400575E0	0x575E0	29	ufbx	original/fbx/ufbx.c	ufbx_retain_scene
0x140057600	0x57600	638	ufbx	original/fbx/ufbx.c	ufbx_sample_geometry_cache_real
0x140057880	0x57880	72	ufbx	original/fbx/ufbx.c	ufbx_sample_geometry_cache_vec3
0x1400578D0	0x578D0	22	ufbx	original/fbx/ufbx.c	ufbx_subdivide_mesh
0x1400578F0	0x578F0	481	ufbx	original/fbx/ufbx.c	ufbx_tessellate_nurbs_curve
0x140057AE0	0x57AE0	528	ufbx	original/fbx/ufbx.c	ufbx_tessellate_nurbs_surface
0x140057CF0	0x57CF0	279	ufbx	original/fbx/ufbx.c	ufbx_transform_direction
0x140057E10	0x57E10	344	ufbx	original/fbx/ufbx.c	ufbx_transform_position
0x140057F70	0x57F70	566	ufbx	original/fbx/ufbx.c	ufbx_transform_to_matrix
0x1400581B0	0x581B0	126	ufbx	original/fbx/ufbx.c	ufbxi_aa_tree_find
0x140058230	0x58230	263	ufbx	original/fbx/ufbx.c	ufbxi_aa_tree_insert
0x140058340	0x58340	672	ufbx	original/fbx/ufbx.c	ufbxi_absolute_to_relative_path
0x1400585E0	0x585E0	1737	ufbx	original/fbx/ufbx.c	ufbxi_add_connections_to_elements
0x140058CB0	0x58CB0	356	ufbx	original/fbx/ufbx.c	ufbxi_add_constraint_prop
0x140058E20	0x58E20	707	ufbx	original/fbx/ufbx.c	ufbxi_adler32
0x1400590F0	0x590F0	293	ufbx	original/fbx/ufbx.c	ufbxi_alloc_size
0x140059220	0x59220	133	ufbx	original/fbx/ufbx.c	ufbxi_array_type_size
0x1400592B0	0x592B0	82	ufbx	original/fbx/ufbx.c	ufbxi_ascii_accept
0x140059310	0x59310	2449	ufbx	original/fbx/ufbx.c	ufbxi_ascii_next_token
0x140059CB0	0x59CB0	4561	ufbx	original/fbx/ufbx.c	ufbxi_ascii_parse_node
0x14005AE90	0x5AE90	356	ufbx	original/fbx/ufbx.c	ufbxi_ascii_parse_version
0x14005B000	0x5B000	641	ufbx	original/fbx/ufbx.c	ufbxi_ascii_read_float_array
0x14005B290	0x5B290	591	ufbx	original/fbx/ufbx.c	ufbxi_ascii_read_int_array
0x14005B4E0	0x5B4E0	330	ufbx	original/fbx/ufbx.c	ufbxi_ascii_refill
0x14005B630	0x5B630	205	ufbx	original/fbx/ufbx.c	ufbxi_ascii_skip_until
0x14005B700	0x5B700	663	ufbx	original/fbx/ufbx.c	ufbxi_ascii_skip_whitespace
0x14005B9A0	0x5B9A0	275	ufbx	original/fbx/ufbx.c	ufbxi_ascii_try_ignore_string
0x14005BAC0	0x5BAC0	157	ufbx	original/fbx/ufbx.c	ufbxi_ascii_yield
0x14005BB60	0x5BB60	1054	ufbx	original/fbx/ufbx.c	ufbxi_assign_face_groups
0x14005BF80	0x5BF80	13	ufbx	original/fbx/ufbx.c	ufbxi_ator_alloc
0x14005BF90	0x5BF90	16	ufbx	original/fbx/ufbx.c	ufbxi_ator_free
0x14005BFA0	0x5BFA0	30	ufbx	original/fbx/ufbx.c	ufbxi_ator_realloc
0x14005BFC0	0x5BFC0	196	ufbx	original/fbx/ufbx.c	ufbxi_axis_matrix
0x14005C090	0x5C090	446	ufbx	original/fbx/ufbx.c	ufbxi_begin_parse
0x14005C250	0x5C250	1829	ufbx	original/fbx/ufbx.c	ufbxi_binary_convert_array
0x14005C980	0x5C980	2732	ufbx	original/fbx/ufbx.c	ufbxi_binary_parse_multivalue_array
0x14005D430	0x5D430	3475	ufbx	original/fbx/ufbx.c	ufbxi_binary_parse_node
0x14005E1D0	0x5E1D0	207	ufbx	original/fbx/ufbx.c	ufbxi_bit_chunk_refill
0x14005E2A0	0x5E2A0	203	ufbx	original/fbx/ufbx.c	ufbxi_bit_copy_bytes
0x14005E370	0x5E370	309	ufbx	original/fbx/ufbx.c	ufbxi_bit_stream_init
0x14005E4B0	0x5E4B0	249	ufbx	original/fbx/ufbx.c	ufbxi_bit_yield
0x14005E5B0	0x5E5B0	14	ufbx	original/fbx/ufbx.c	ufbxi_blend_keyframe_less
0x14005E5C0	0x5E5C0	9	ufbx	original/fbx/ufbx.c	ufbxi_blend_offset_less
0x14005E5D0	0x5E5D0	181	ufbx	original/fbx/ufbx.c	ufbxi_buf_clear
0x14005E690	0x5E690	181	ufbx	original/fbx/ufbx.c	ufbxi_buf_free
0x14005E750	0x5E750	201	ufbx	original/fbx/ufbx.c	ufbxi_buf_free_unused
0x14005E820	0x5E820	278	ufbx	original/fbx/ufbx.c	ufbxi_cache_load
0x14005E940	0x5E940	277	ufbx	original/fbx/ufbx.c	ufbxi_cache_load_file
0x14005EA60	0x5EA60	700	ufbx	original/fbx/ufbx.c	ufbxi_cache_load_frame_files
0x14005ED20	0x5ED20	923	ufbx	original/fbx/ufbx.c	ufbxi_cache_load_imp
0x14005F0C0	0x5F0C0	1068	ufbx	original/fbx/ufbx.c	ufbxi_cache_load_mc
0x14005F4F0	0x5F4F0	1017	ufbx	original/fbx/ufbx.c	ufbxi_cache_load_pc2
0x14005F8F0	0x5F8F0	182	ufbx	original/fbx/ufbx.c	ufbxi_cache_load_xml
0x14005F9B0	0x5F9B0	1121	ufbx	original/fbx/ufbx.c	ufbxi_cache_load_xml_imp
0x14005FE20	0x5FE20	145	ufbx	original/fbx/ufbx.c	ufbxi_cache_mc_read_tag
0x14005FEC0	0x5FEC0	169	ufbx	original/fbx/ufbx.c	ufbxi_cache_mc_read_u32
0x14005FF70	0x5FF70	221	ufbx	original/fbx/ufbx.c	ufbxi_cache_mc_read_u64
0x140060050	0x60050	381	ufbx	original/fbx/ufbx.c	ufbxi_cache_read
0x1400601D0	0x601D0	627	ufbx	original/fbx/ufbx.c	ufbxi_cache_setup_channels
0x140060450	0x60450	361	ufbx	original/fbx/ufbx.c	ufbxi_cache_skip
0x1400605C0	0x605C0	181	ufbx	original/fbx/ufbx.c	ufbxi_cache_sort_frames
0x140060680	0x60680	177	ufbx	original/fbx/ufbx.c	ufbxi_cache_sort_tmp_channels
0x140060740	0x60740	175	ufbx	original/fbx/ufbx.c	ufbxi_cache_try_open_file
0x1400607F0	0x607F0	344	ufbx	original/fbx/ufbx.c	ufbxi_check_indices
0x140060950	0x60950	41	ufbx	original/fbx/ufbx.c	ufbxi_clear_error
0x140060980	0x60980	124	ufbx	original/fbx/ufbx.c	ufbxi_cmp_cache_frame_less
0x140060A00	0x60A00	144	ufbx	original/fbx/ufbx.c	ufbxi_cmp_external_file
0x140060A90	0x60A90	25	ufbx	original/fbx/ufbx.c	ufbxi_cmp_int32
0x140060AB0	0x60AB0	77	ufbx	original/fbx/ufbx.c	ufbxi_cmp_node_less
0x140060B00	0x60B00	72	ufbx	original/fbx/ufbx.c	ufbxi_cmp_prop_override
0x140060B50	0x60B50	77	ufbx	original/fbx/ufbx.c	ufbxi_cmp_subdivision_weight
0x140060BA0	0x60BA0	131	ufbx	original/fbx/ufbx.c	ufbxi_cmp_tmp_material_texture_less
0x140060C30	0x60C30	25	ufbx	original/fbx/ufbx.c	ufbxi_cmp_topo_index_index
0x140060C50	0x60C50	37	ufbx	original/fbx/ufbx.c	ufbxi_cmp_topo_index_prev_next
0x140060C80	0x60C80	11	ufbx	original/fbx/ufbx.c	ufbxi_color_set_less
0x140060C90	0x60C90	1527	ufbx	original/fbx/ufbx.c	ufbxi_combine_anim_layer
0x140061290	0x61290	921	ufbx	original/fbx/ufbx.c	ufbxi_compute_topology
0x140061630	0x61630	170	ufbx	original/fbx/ufbx.c	ufbxi_concat_str_cmp
0x1400616E0	0x616E0	140	ufbx	original/fbx/ufbx.c	ufbxi_connect_oo
0x140061770	0x61770	136	ufbx	original/fbx/ufbx.c	ufbxi_connect_op
0x140061800	0x61800	137	ufbx	original/fbx/ufbx.c	ufbxi_connect_pp
0x140061890	0x61890	330	ufbx	original/fbx/ufbx.c	ufbxi_decode_base64
0x1400619E0	0x619E0	148	ufbx	original/fbx/ufbx.c	ufbxi_deduplicate_properties
0x140061A80	0x61A80	370	ufbx	original/fbx/ufbx.c	ufbxi_deduplicate_textures
0x140061C00	0x61C00	565	ufbx	original/fbx/ufbx.c	ufbxi_determine_format
0x140061E40	0x61E40	239	ufbx	original/fbx/ufbx.c	ufbxi_evaluate_connected_prop
0x140061F30	0x61F30	6264	ufbx	original/fbx/ufbx.c	ufbxi_evaluate_imp
0x1400637B0	0x637B0	976	ufbx	original/fbx/ufbx.c	ufbxi_evaluate_props
0x140063B80	0x63B80	692	ufbx	original/fbx/ufbx.c	ufbxi_evaluate_scene
0x140063E40	0x63E40	1490	ufbx	original/fbx/ufbx.c	ufbxi_evaluate_selected_props
0x140064420	0x64420	1501	ufbx	original/fbx/ufbx.c	ufbxi_evaluate_skinning
0x140064A00	0x64A00	5	ufbx	original/fbx/ufbx.c	ufbxi_fail_imp
0x140064A10	0x64A10	48	ufbx	original/fbx/ufbx.c	ufbxi_fail_imp_err
0x140064A40	0x64A40	250	ufbx	original/fbx/ufbx.c	ufbxi_fetch_blend_keyframes
0x140064B40	0x64B40	318	ufbx	original/fbx/ufbx.c	ufbxi_fetch_deformers
0x140064C80	0x64C80	164	ufbx	original/fbx/ufbx.c	ufbxi_fetch_dst_element
0x140064D30	0x64D30	335	ufbx	original/fbx/ufbx.c	ufbxi_fetch_dst_elements
0x140064E80	0x64E80	1409	ufbx	original/fbx/ufbx.c	ufbxi_fetch_file_textures
0x140065410	0x65410	1160	ufbx	original/fbx/ufbx.c	ufbxi_fetch_mapping_maps
0x1400658A0	0x658A0	1579	ufbx	original/fbx/ufbx.c	ufbxi_fetch_maps
0x140065ED0	0x65ED0	368	ufbx	original/fbx/ufbx.c	ufbxi_fetch_mesh_materials
0x140066040	0x66040	165	ufbx	original/fbx/ufbx.c	ufbxi_fetch_src_element
0x1400660F0	0x660F0	339	ufbx	original/fbx/ufbx.c	ufbxi_fetch_src_elements
0x140066250	0x66250	365	ufbx	original/fbx/ufbx.c	ufbxi_fetch_texture_layers
0x1400663C0	0x663C0	316	ufbx	original/fbx/ufbx.c	ufbxi_fetch_textures
0x140066500	0x66500	5	ufbx	original/fbx/ufbx.c	ufbxi_file_close
0x140066510	0x66510	90	ufbx	original/fbx/ufbx.c	ufbxi_file_read
0x140066570	0x66570	51	ufbx	original/fbx/ufbx.c	ufbxi_file_skip
0x1400665B0	0x665B0	703	ufbx	original/fbx/ufbx.c	ufbxi_finalize_lod_group
0x140066870	0x66870	1091	ufbx	original/fbx/ufbx.c	ufbxi_finalize_mesh
0x140066CC0	0x66CC0	410	ufbx	original/fbx/ufbx.c	ufbxi_finalize_mesh_material
0x140066E60	0x66E60	479	ufbx	original/fbx/ufbx.c	ufbxi_finalize_nurbs_basis
0x140067040	0x67040	13656	ufbx	original/fbx/ufbx.c	ufbxi_finalize_scene
0x14006A5A0	0x6A5A0	1485	ufbx	original/fbx/ufbx.c	ufbxi_finalize_shader_texture
0x14006AB70	0x6AB70	131	ufbx	original/fbx/ufbx.c	ufbxi_find_anim_prop_start
0x14006AC00	0x6AC00	39	ufbx	original/fbx/ufbx.c	ufbxi_find_array
0x14006AC30	0x6AC30	228	ufbx	original/fbx/ufbx.c	ufbxi_find_axis
0x14006AD20	0x6AD20	250	ufbx	original/fbx/ufbx.c	ufbxi_find_bool3
0x14006AE20	0x6AE20	250	ufbx	original/fbx/ufbx.c	ufbxi_find_canonical_string
0x14006AF20	0x6AF20	37	ufbx	original/fbx/ufbx.c	ufbxi_find_child
0x14006AF50	0x6AF50	439	ufbx	original/fbx/ufbx.c	ufbxi_find_dst_connections
0x14006B110	0x6B110	45	ufbx	original/fbx/ufbx.c	ufbxi_find_element_by_fbx_id
0x14006B140	0x6B140	325	ufbx	original/fbx/ufbx.c	ufbxi_find_element_prop_overrides
0x14006B290	0x6B290	213	ufbx	original/fbx/ufbx.c	ufbxi_find_external_file
0x14006B370	0x6B370	84	ufbx	original/fbx/ufbx.c	ufbxi_find_fbx_id
0x14006B3D0	0x6B3D0	223	ufbx	original/fbx/ufbx.c	ufbxi_find_prop_connection
0x14006B4B0	0x6B4B0	357	ufbx	original/fbx/ufbx.c	ufbxi_find_prop_override
0x14006B620	0x6B620	178	ufbx	original/fbx/ufbx.c	ufbxi_find_prop_with_key
0x14006B6E0	0x6B6E0	439	ufbx	original/fbx/ufbx.c	ufbxi_find_src_connections
0x14006B8A0	0x6B8A0	51	ufbx	original/fbx/ufbx.c	ufbxi_find_uint32_list
0x14006B8E0	0x6B8E0	504	ufbx	original/fbx/ufbx.c	ufbxi_fix_error_type
0x14006BAE0	0x6BAE0	245	ufbx	original/fbx/ufbx.c	ufbxi_fix_index
0x14006BBE0	0x6BBE0	125	ufbx	original/fbx/ufbx.c	ufbxi_fixup_opts_string
0x14006BC60	0x6BC60	69	ufbx	original/fbx/ufbx.c	ufbxi_fmt_err_info
0x14006BCB0	0x6BCB0	488	ufbx	original/fbx/ufbx.c	ufbxi_fopen
0x14006BEA0	0x6BEA0	17	ufbx	original/fbx/ufbx.c	ufbxi_free_ator
0x14006BEC0	0x6BEC0	283	ufbx	original/fbx/ufbx.c	ufbxi_free_geometry_cache_imp
0x14006BFE0	0x6BFE0	227	ufbx	original/fbx/ufbx.c	ufbxi_free_line_curve_imp
0x14006C0D0	0x6C0D0	227	ufbx	original/fbx/ufbx.c	ufbxi_free_mesh_imp
0x14006C1C0	0x6C1C0	50	ufbx	original/fbx/ufbx.c	ufbxi_free_result
0x14006C200	0x6C200	270	ufbx	original/fbx/ufbx.c	ufbxi_free_scene_imp
0x14006C310	0x6C310	86	ufbx	original/fbx/ufbx.c	ufbxi_free_size
0x14006C370	0x6C370	523	ufbx	original/fbx/ufbx.c	ufbxi_free_temp
0x14006C580	0x6C580	57	ufbx	original/fbx/ufbx.c	ufbxi_free_xml
0x14006C5C0	0x6C5C0	1147	ufbx	original/fbx/ufbx.c	ufbxi_generate_indices
0x14006CA40	0x6CA40	546	ufbx	original/fbx/ufbx.c	ufbxi_generate_normals
0x14006CC70	0x6CC70	53	ufbx	original/fbx/ufbx.c	ufbxi_get_array
0x14006CCB0	0x6CCB0	123	ufbx	original/fbx/ufbx.c	ufbxi_get_concat_key
0x14006CD30	0x6CD30	484	ufbx	original/fbx/ufbx.c	ufbxi_get_constraint_transform
0x14006CF20	0x6CF20	126	ufbx	original/fbx/ufbx.c	ufbxi_get_dom_node_imp
0x14006CFA0	0x6CFA0	27	ufbx	original/fbx/ufbx.c	ufbxi_get_element_extra
0x14006CFC0	0x6CFC0	382	ufbx	original/fbx/ufbx.c	ufbxi_get_geometry_transform
0x14006D140	0x6D140	30	ufbx	original/fbx/ufbx.c	ufbxi_get_geometry_transform_node
0x14006D160	0x6D160	784	ufbx	original/fbx/ufbx.c	ufbxi_get_texture_transform
0x14006D470	0x6D470	1320	ufbx	original/fbx/ufbx.c	ufbxi_get_transform
0x14006D9A0	0x6D9A0	116	ufbx	original/fbx/ufbx.c	ufbxi_grow_array_size
0x14006DA20	0x6DA20	1393	ufbx	original/fbx/ufbx.c	ufbxi_handle_geometry_transforms
0x14006DFA0	0x6DFA0	131	ufbx	original/fbx/ufbx.c	ufbxi_hash_string
0x14006E030	0x6E030	218	ufbx	original/fbx/ufbx.c	ufbxi_hash_string_check_ascii
0x14006E110	0x6E110	149	ufbx	original/fbx/ufbx.c	ufbxi_huff_build
0x14006E1B0	0x6E1B0	1385	ufbx	original/fbx/ufbx.c	ufbxi_huff_build_imp
0x14006E720	0x6E720	992	ufbx	original/fbx/ufbx.c	ufbxi_inflate_block_fast
0x14006EB00	0x6EB00	906	ufbx	original/fbx/ufbx.c	ufbxi_inflate_block_slow
0x14006EE90	0x6EE90	186	ufbx	original/fbx/ufbx.c	ufbxi_init_ator
0x14006EF50	0x6EF50	610	ufbx	original/fbx/ufbx.c	ufbxi_init_dynamic_huff
0x14006F1C0	0x6F1C0	746	ufbx	original/fbx/ufbx.c	ufbxi_init_dynamic_huff_tree
0x14006F4B0	0x6F4B0	435	ufbx	original/fbx/ufbx.c	ufbxi_init_file_paths
0x14006F670	0x6F670	334	ufbx	original/fbx/ufbx.c	ufbxi_init_node_prop_names
0x14006F7C0	0x6F7C0	46	ufbx	original/fbx/ufbx.c	ufbxi_init_ref
0x14006F7F0	0x6F7F0	326	ufbx	original/fbx/ufbx.c	ufbxi_init_skin_weights
0x14006F940	0x6F940	186	ufbx	original/fbx/ufbx.c	ufbxi_init_source_vertex_weights
0x14006FA00	0x6FA00	305	ufbx	original/fbx/ufbx.c	ufbxi_init_static_huff
0x14006FB40	0x6FB40	168	ufbx	original/fbx/ufbx.c	ufbxi_init_synthetic_vec3_prop
0x14006FBF0	0x6FBF0	204	ufbx	original/fbx/ufbx.c	ufbxi_insert_fbx_attr
0x14006FCC0	0x6FCC0	240	ufbx	original/fbx/ufbx.c	ufbxi_insert_fbx_id
0x14006FDB0	0x6FDB0	500	ufbx	original/fbx/ufbx.c	ufbxi_insert_texture_file
0x14006FFB0	0x6FFB0	2236	ufbx	original/fbx/ufbx.c	ufbxi_is_array_node
0x140070870	0x70870	414	ufbx	original/fbx/ufbx.c	ufbxi_is_edge_smooth
0x140070A10	0x70A10	191	ufbx	original/fbx/ufbx.c	ufbxi_is_edge_split
0x140070AD0	0x70AD0	327	ufbx	original/fbx/ufbx.c	ufbxi_is_format
0x140070C20	0x70C20	446	ufbx	original/fbx/ufbx.c	ufbxi_is_raw_string
0x140070DE0	0x70DE0	616	ufbx	original/fbx/ufbx.c	ufbxi_kd_build
0x140071050	0x71050	876	ufbx	original/fbx/ufbx.c	ufbxi_kd_check_fast
0x1400713C0	0x713C0	760	ufbx	original/fbx/ufbx.c	ufbxi_kd_check_slow
0x1400716C0	0x716C0	188	ufbx	original/fbx/ufbx.c	ufbxi_kd_index_less
0x140071780	0x71780	792	ufbx	original/fbx/ufbx.c	ufbxi_linearize_nodes
0x140071AA0	0x71AA0	1405	ufbx	original/fbx/ufbx.c	ufbxi_load
0x140072020	0x72020	936	ufbx	original/fbx/ufbx.c	ufbxi_load_external_cache
0x1400723D0	0x723D0	804	ufbx	original/fbx/ufbx.c	ufbxi_load_external_files
0x140072700	0x72700	852	ufbx	original/fbx/ufbx.c	ufbxi_load_geometry_cache
0x140072A60	0x72A60	1813	ufbx	original/fbx/ufbx.c	ufbxi_load_imp
0x140073180	0x73180	340	ufbx	original/fbx/ufbx.c	ufbxi_load_maps
0x1400732E0	0x732E0	147	ufbx	original/fbx/ufbx.c	ufbxi_load_strings
0x140073380	0x73380	444	ufbx	original/fbx/ufbx.c	ufbxi_load_xml
0x140073540	0x73540	26	ufbx	original/fbx/ufbx.c	ufbxi_map_cmp_const_char_ptr
0x140073560	0x73560	96	ufbx	original/fbx/ufbx.c	ufbxi_map_cmp_string
0x1400735C0	0x735C0	26	ufbx	original/fbx/ufbx.c	ufbxi_map_cmp_uint64
0x1400735E0	0x735E0	26	ufbx	original/fbx/ufbx.c	ufbxi_map_cmp_uintptr
0x140073600	0x73600	60	ufbx	original/fbx/ufbx.c	ufbxi_map_cmp_vertex
0x140073640	0x73640	196	ufbx	original/fbx/ufbx.c	ufbxi_map_find_size
0x140073710	0x73710	66	ufbx	original/fbx/ufbx.c	ufbxi_map_free
0x140073760	0x73760	749	ufbx	original/fbx/ufbx.c	ufbxi_map_grow_size_imp
0x140073A50	0x73A50	16	ufbx	original/fbx/ufbx.c	ufbxi_map_init
0x140073A60	0x73A60	295	ufbx	original/fbx/ufbx.c	ufbxi_map_insert_size
0x140073B90	0x73B90	17	ufbx	original/fbx/ufbx.c	ufbxi_mat_transform_blender_opacity
0x140073BB0	0x73BB0	102	ufbx	original/fbx/ufbx.c	ufbxi_mat_transform_blender_shininess
0x140073C20	0x73C20	17	ufbx	original/fbx/ufbx.c	ufbxi_mat_transform_invert_x
0x140073C40	0x73C40	102	ufbx	original/fbx/ufbx.c	ufbxi_mat_transform_unknown_shininess
0x140073CB0	0x73CB0	69	ufbx	original/fbx/ufbx.c	ufbxi_match
0x140073D00	0x73D00	739	ufbx	original/fbx/ufbx.c	ufbxi_match_exporter
0x140073FF0	0x73FF0	1005	ufbx	original/fbx/ufbx.c	ufbxi_match_imp
0x1400743E0	0x743E0	305	ufbx	original/fbx/ufbx.c	ufbxi_match_skip
0x140074520	0x74520	373	ufbx	original/fbx/ufbx.c	ufbxi_match_version_string
0x1400746A0	0x746A0	85	ufbx	original/fbx/ufbx.c	ufbxi_material_texture_less
0x140074700	0x74700	32	ufbx	original/fbx/ufbx.c	ufbxi_matrix_all_zero
0x140074720	0x74720	179	ufbx	original/fbx/ufbx.c	ufbxi_memory_close
0x1400747E0	0x747E0	70	ufbx	original/fbx/ufbx.c	ufbxi_memory_read
0x140074830	0x74830	30	ufbx	original/fbx/ufbx.c	ufbxi_memory_skip
0x140074850	0x74850	110	ufbx	original/fbx/ufbx.c	ufbxi_mtl_load
0x1400748C0	0x748C0	731	ufbx	original/fbx/ufbx.c	ufbxi_mul_inv_rotate
0x140074BA0	0x74BA0	663	ufbx	original/fbx/ufbx.c	ufbxi_mul_rotate
0x140074E40	0x74E40	640	ufbx	original/fbx/ufbx.c	ufbxi_mul_rotate_quat
0x1400750C0	0x750C0	235	ufbx	original/fbx/ufbx.c	ufbxi_next_line
0x1400751B0	0x751B0	33	ufbx	original/fbx/ufbx.c	ufbxi_next_path_segment
0x1400751E0	0x751E0	260	ufbx	original/fbx/ufbx.c	ufbxi_normalize_vec3_list
0x1400752F0	0x752F0	104	ufbx	original/fbx/ufbx.c	ufbxi_obj_flush_material
0x140075360	0x75360	219	ufbx	original/fbx/ufbx.c	ufbxi_obj_flush_mesh
0x140075440	0x75440	264	ufbx	original/fbx/ufbx.c	ufbxi_obj_free
0x140075550	0x75550	371	ufbx	original/fbx/ufbx.c	ufbxi_obj_init
0x1400756D0	0x756D0	122	ufbx	original/fbx/ufbx.c	ufbxi_obj_load
0x140075750	0x75750	1004	ufbx	original/fbx/ufbx.c	ufbxi_obj_load_mtl
0x140075B40	0x75B40	202	ufbx	original/fbx/ufbx.c	ufbxi_obj_pad_colors
0x140075C10	0x75C10	542	ufbx	original/fbx/ufbx.c	ufbxi_obj_parse_comment
0x140075E30	0x75E30	1172	ufbx	original/fbx/ufbx.c	ufbxi_obj_parse_file
0x1400762D0	0x762D0	411	ufbx	original/fbx/ufbx.c	ufbxi_obj_parse_index
0x140076470	0x76470	1355	ufbx	original/fbx/ufbx.c	ufbxi_obj_parse_indices
0x1400769C0	0x769C0	417	ufbx	original/fbx/ufbx.c	ufbxi_obj_parse_material
0x140076B70	0x76B70	386	ufbx	original/fbx/ufbx.c	ufbxi_obj_parse_mtl
0x140076D00	0x76D00	650	ufbx	original/fbx/ufbx.c	ufbxi_obj_parse_mtl_map
0x140076F90	0x76F90	143	ufbx	original/fbx/ufbx.c	ufbxi_obj_parse_multi_indices
0x140077020	0x77020	864	ufbx	original/fbx/ufbx.c	ufbxi_obj_parse_prop
0x140077380	0x77380	359	ufbx	original/fbx/ufbx.c	ufbxi_obj_parse_vertex
0x1400774F0	0x774F0	2000	ufbx	original/fbx/ufbx.c	ufbxi_obj_pop_meshes
0x140077CC0	0x77CC0	451	ufbx	original/fbx/ufbx.c	ufbxi_obj_pop_props
0x140077E90	0x77E90	241	ufbx	original/fbx/ufbx.c	ufbxi_obj_pop_vertices
0x140077F90	0x77F90	529	ufbx	original/fbx/ufbx.c	ufbxi_obj_push_mesh
0x1400781B0	0x781B0	479	ufbx	original/fbx/ufbx.c	ufbxi_obj_read_line
0x140078390	0x78390	457	ufbx	original/fbx/ufbx.c	ufbxi_obj_setup_attrib
0x140078560	0x78560	78	ufbx	original/fbx/ufbx.c	ufbxi_obj_span_token
0x1400785B0	0x785B0	414	ufbx	original/fbx/ufbx.c	ufbxi_obj_tokenize
0x140078750	0x78750	98	ufbx	original/fbx/ufbx.c	ufbxi_obj_tokenize_line
0x1400787C0	0x787C0	151	ufbx	original/fbx/ufbx.c	ufbxi_open_file
0x140078860	0x78860	12	ufbx	original/fbx/ufbx.c	ufbxi_ordered_texture_less_order
0x140078870	0x78870	10	ufbx	original/fbx/ufbx.c	ufbxi_ordered_texture_less_texture
0x140078880	0x78880	209	ufbx	original/fbx/ufbx.c	ufbxi_panicf_imp
0x140078960	0x78960	681	ufbx	original/fbx/ufbx.c	ufbxi_parse_double
0x140078C10	0x78C10	107	ufbx	original/fbx/ufbx.c	ufbxi_parse_hex
0x140078C80	0x78C80	267	ufbx	original/fbx/ufbx.c	ufbxi_parse_legacy_toplevel
0x140078D90	0x78D90	813	ufbx	original/fbx/ufbx.c	ufbxi_parse_toplevel
0x1400790C0	0x790C0	346	ufbx	original/fbx/ufbx.c	ufbxi_parse_toplevel_child
0x140079220	0x79220	242	ufbx	original/fbx/ufbx.c	ufbxi_patch_mesh_reals
0x140079320	0x79320	358	ufbx	original/fbx/ufbx.c	ufbxi_pop_size
0x140079490	0x79490	212	ufbx	original/fbx/ufbx.c	ufbxi_pop_texture_files
0x140079570	0x79570	165	ufbx	original/fbx/ufbx.c	ufbxi_pop_warnings
0x140079620	0x79620	245	ufbx	original/fbx/ufbx.c	ufbxi_postprocess_scene
0x140079720	0x79720	88	ufbx	original/fbx/ufbx.c	ufbxi_pow_abs
0x140079780	0x79780	830	ufbx	original/fbx/ufbx.c	ufbxi_pre_finalize_scene
0x140079AC0	0x79AC0	699	ufbx	original/fbx/ufbx.c	ufbxi_process_indices
0x140079D80	0x79D80	492	ufbx	original/fbx/ufbx.c	ufbxi_propagate_main_textures
0x140079F70	0x79F70	206	ufbx	original/fbx/ufbx.c	ufbxi_push_array_data
0x14007A040	0x7A040	238	ufbx	original/fbx/ufbx.c	ufbxi_push_element_extra_size
0x14007A130	0x7A130	373	ufbx	original/fbx/ufbx.c	ufbxi_push_element_size
0x14007A2B0	0x7A2B0	94	ufbx	original/fbx/ufbx.c	ufbxi_push_peek_size
0x14007A310	0x7A310	94	ufbx	original/fbx/ufbx.c	ufbxi_push_pop_size
0x14007A370	0x7A370	244	ufbx	original/fbx/ufbx.c	ufbxi_push_prop_prefix
0x14007A470	0x7A470	469	ufbx	original/fbx/ufbx.c	ufbxi_push_sanitized_string
0x14007A650	0x7A650	232	ufbx	original/fbx/ufbx.c	ufbxi_push_size
0x14007A740	0x7A740	605	ufbx	original/fbx/ufbx.c	ufbxi_push_size_new_block
0x14007A9A0	0x7A9A0	467	ufbx	original/fbx/ufbx.c	ufbxi_push_string_imp
0x14007AB80	0x7AB80	114	ufbx	original/fbx/ufbx.c	ufbxi_push_string_place_blob
0x14007AC00	0x7AC00	160	ufbx	original/fbx/ufbx.c	ufbxi_push_string_place_str
0x14007ACA0	0x7ACA0	437	ufbx	original/fbx/ufbx.c	ufbxi_push_synthetic_element_size
0x14007AE60	0x7AE60	112	ufbx	original/fbx/ufbx.c	ufbxi_push_synthetic_id
0x14007AED0	0x7AED0	1498	ufbx	original/fbx/ufbx.c	ufbxi_read_animation_curve
0x14007B4B0	0x7B4B0	754	ufbx	original/fbx/ufbx.c	ufbxi_read_binding_table
0x14007B7B0	0x7B7B0	181	ufbx	original/fbx/ufbx.c	ufbxi_read_blend_channel
0x14007B870	0x7B870	111	ufbx	original/fbx/ufbx.c	ufbxi_read_bone
0x14007B8E0	0x7B8E0	73	ufbx	original/fbx/ufbx.c	ufbxi_read_character
0x14007B930	0x7B930	1167	ufbx	original/fbx/ufbx.c	ufbxi_read_connections
0x14007BDC0	0x7BDC0	330	ufbx	original/fbx/ufbx.c	ufbxi_read_constraint
0x14007BF10	0x7BF10	577	ufbx	original/fbx/ufbx.c	ufbxi_read_definitions
0x14007C160	0x7C160	193	ufbx	original/fbx/ufbx.c	ufbxi_read_document
0x14007C230	0x7C230	74	ufbx	original/fbx/ufbx.c	ufbxi_read_element
0x14007C280	0x7C280	422	ufbx	original/fbx/ufbx.c	ufbxi_read_embedded_blob
0x14007C430	0x7C430	66	ufbx	original/fbx/ufbx.c	ufbxi_read_global_settings
0x14007C480	0x7C480	325	ufbx	original/fbx/ufbx.c	ufbxi_read_header_extension
0x14007C5D0	0x7C5D0	279	ufbx	original/fbx/ufbx.c	ufbxi_read_layered_texture
0x14007C6F0	0x7C6F0	271	ufbx	original/fbx/ufbx.c	ufbxi_read_legacy_camera
0x14007C800	0x7C800	271	ufbx	original/fbx/ufbx.c	ufbxi_read_legacy_light
0x14007C910	0x7C910	320	ufbx	original/fbx/ufbx.c	ufbxi_read_legacy_limb_node
0x14007CA50	0x7CA50	355	ufbx	original/fbx/ufbx.c	ufbxi_read_legacy_link
0x14007CBC0	0x7CBC0	312	ufbx	original/fbx/ufbx.c	ufbxi_read_legacy_material
0x14007CD00	0x7CD00	328	ufbx	original/fbx/ufbx.c	ufbxi_read_legacy_media
0x14007CE50	0x7CE50	2136	ufbx	original/fbx/ufbx.c	ufbxi_read_legacy_mesh
0x14007D6B0	0x7D6B0	1111	ufbx	original/fbx/ufbx.c	ufbxi_read_legacy_model
0x14007DB10	0x7DB10	596	ufbx	original/fbx/ufbx.c	ufbxi_read_legacy_prop
0x14007DD70	0x7DD70	361	ufbx	original/fbx/ufbx.c	ufbxi_read_legacy_props
0x14007DEE0	0x7DEE0	807	ufbx	original/fbx/ufbx.c	ufbxi_read_legacy_root
0x14007E210	0x7E210	592	ufbx	original/fbx/ufbx.c	ufbxi_read_line
0x14007E460	0x7E460	86	ufbx	original/fbx/ufbx.c	ufbxi_read_marker
0x14007E4C0	0x7E4C0	236	ufbx	original/fbx/ufbx.c	ufbxi_read_material
0x14007E5B0	0x7E5B0	5390	ufbx	original/fbx/ufbx.c	ufbxi_read_mesh
0x14007FAC0	0x7FAC0	171	ufbx	original/fbx/ufbx.c	ufbxi_read_model
0x14007FB70	0x7FB70	472	ufbx	original/fbx/ufbx.c	ufbxi_read_nurbs_curve
0x14007FD50	0x7FD50	897	ufbx	original/fbx/ufbx.c	ufbxi_read_nurbs_surface
0x1400800E0	0x800E0	137	ufbx	original/fbx/ufbx.c	ufbxi_read_nurbs_topology
0x140080170	0x80170	2379	ufbx	original/fbx/ufbx.c	ufbxi_read_objects
0x140080AC0	0x80AC0	489	ufbx	original/fbx/ufbx.c	ufbxi_read_pose
0x140080CB0	0x80CB0	335	ufbx	original/fbx/ufbx.c	ufbxi_read_properties
0x140080E00	0x80E00	1255	ufbx	original/fbx/ufbx.c	ufbxi_read_property
0x1400812F0	0x812F0	837	ufbx	original/fbx/ufbx.c	ufbxi_read_root
0x140081640	0x81640	66	ufbx	original/fbx/ufbx.c	ufbxi_read_scene_info
0x140081690	0x81690	213	ufbx	original/fbx/ufbx.c	ufbxi_read_selection_node
0x140081770	0x81770	73	ufbx	original/fbx/ufbx.c	ufbxi_read_selection_set
0x1400817C0	0x817C0	835	ufbx	original/fbx/ufbx.c	ufbxi_read_shape
0x140081B10	0x81B10	479	ufbx	original/fbx/ufbx.c	ufbxi_read_skin
0x140081CF0	0x81CF0	347	ufbx	original/fbx/ufbx.c	ufbxi_read_skin_cluster
0x140081E50	0x81E50	1632	ufbx	original/fbx/ufbx.c	ufbxi_read_synthetic_attribute
0x1400824B0	0x824B0	892	ufbx	original/fbx/ufbx.c	ufbxi_read_synthetic_blend_shapes
0x140082830	0x82830	599	ufbx	original/fbx/ufbx.c	ufbxi_read_take
0x140082A90	0x82A90	1926	ufbx	original/fbx/ufbx.c	ufbxi_read_take_anim_channel
0x140083220	0x83220	326	ufbx	original/fbx/ufbx.c	ufbxi_read_take_object
0x140083370	0x83370	939	ufbx	original/fbx/ufbx.c	ufbxi_read_take_prop_channel
0x140083720	0x83720	129	ufbx	original/fbx/ufbx.c	ufbxi_read_takes
0x1400837B0	0x837B0	811	ufbx	original/fbx/ufbx.c	ufbxi_read_texture
0x140083AE0	0x83AE0	316	ufbx	original/fbx/ufbx.c	ufbxi_read_to
0x140083C20	0x83C20	71	ufbx	original/fbx/ufbx.c	ufbxi_read_transform_matrix
0x140083C70	0x83C70	372	ufbx	original/fbx/ufbx.c	ufbxi_read_truncated_array
0x140083DF0	0x83DF0	280	ufbx	original/fbx/ufbx.c	ufbxi_read_unknown
0x140083F10	0x83F10	1043	ufbx	original/fbx/ufbx.c	ufbxi_read_vertex_element
0x140084330	0x84330	845	ufbx	original/fbx/ufbx.c	ufbxi_read_video
0x140084680	0x84680	478	ufbx	original/fbx/ufbx.c	ufbxi_realloc_size
0x140084860	0x84860	459	ufbx	original/fbx/ufbx.c	ufbxi_refill
0x140084A30	0x84A30	141	ufbx	original/fbx/ufbx.c	ufbxi_release_ref
0x140084AC0	0x84AC0	67	ufbx	original/fbx/ufbx.c	ufbxi_remove_prefix_len
0x140084B10	0x84B10	73	ufbx	original/fbx/ufbx.c	ufbxi_remove_suffix_len
0x140084B60	0x84B60	193	ufbx	original/fbx/ufbx.c	ufbxi_report_progress
0x140084C30	0x84C30	1311	ufbx	original/fbx/ufbx.c	ufbxi_resolve_connections
0x140085150	0x85150	157	ufbx	original/fbx/ufbx.c	ufbxi_resolve_filenames
0x1400851F0	0x851F0	649	ufbx	original/fbx/ufbx.c	ufbxi_resolve_relative_filename
0x140085480	0x85480	133	ufbx	original/fbx/ufbx.c	ufbxi_resume_progress
0x140085510	0x85510	1315	ufbx	original/fbx/ufbx.c	ufbxi_retain_dom_node
0x140085A40	0x85A40	6	ufbx	original/fbx/ufbx.c	ufbxi_retain_ref
0x140085A50	0x85A50	320	ufbx	original/fbx/ufbx.c	ufbxi_retain_toplevel
0x140085B90	0x85B90	69	ufbx	original/fbx/ufbx.c	ufbxi_retain_toplevel_child
0x140085BE0	0x85BE0	174	ufbx	original/fbx/ufbx.c	ufbxi_round_if_near
0x140085C90	0x85C90	1031	ufbx	original/fbx/ufbx.c	ufbxi_sanitize_string
0x1400860A0	0x860A0	55	ufbx	original/fbx/ufbx.c	ufbxi_scale_anim_curve
0x1400860E0	0x860E0	57	ufbx	original/fbx/ufbx.c	ufbxi_scale_anim_value
0x140086120	0x86120	1434	ufbx	original/fbx/ufbx.c	ufbxi_scale_units
0x1400866C0	0x866C0	94	ufbx	original/fbx/ufbx.c	ufbxi_set_err_info
0x140086720	0x86720	114	ufbx	original/fbx/ufbx.c	ufbxi_set_own_prop_vec3_uniform
0x1400867A0	0x867A0	45	ufbx	original/fbx/ufbx.c	ufbxi_setup_ator_allocator
0x1400867D0	0x867D0	929	ufbx	original/fbx/ufbx.c	ufbxi_setup_geometry_transform_helper
0x140086B80	0x86B80	213	ufbx	original/fbx/ufbx.c	ufbxi_setup_root_node
0x140086C60	0x86C60	595	ufbx	original/fbx/ufbx.c	ufbxi_shader_texture_find_prefix
0x140086EC0	0x86EC0	485	ufbx	original/fbx/ufbx.c	ufbxi_skip_bytes
0x1400870B0	0x870B0	213	ufbx	original/fbx/ufbx.c	ufbxi_slow_normalize3
0x140087190	0x87190	302	ufbx	original/fbx/ufbx.c	ufbxi_slow_normalized_cross3
0x1400872C0	0x872C0	29	ufbx	original/fbx/ufbx.c	ufbxi_snprintf
0x1400872E0	0x872E0	1325	ufbx	original/fbx/ufbx.c	ufbxi_sort_anim_props
0x140087810	0x87810	178	ufbx	original/fbx/ufbx.c	ufbxi_sort_blend_keyframes
0x1400878D0	0x878D0	175	ufbx	original/fbx/ufbx.c	ufbxi_sort_blend_offsets
0x140087980	0x87980	179	ufbx	original/fbx/ufbx.c	ufbxi_sort_color_sets
0x140087A40	0x87A40	1248	ufbx	original/fbx/ufbx.c	ufbxi_sort_connections
0x140087F20	0x87F20	179	ufbx	original/fbx/ufbx.c	ufbxi_sort_material_textures
0x140087FE0	0x87FE0	1051	ufbx	original/fbx/ufbx.c	ufbxi_sort_name_elements
0x140088400	0x88400	748	ufbx	original/fbx/ufbx.c	ufbxi_sort_node_ptrs
0x1400886F0	0x886F0	1284	ufbx	original/fbx/ufbx.c	ufbxi_sort_properties
0x140088C00	0x88C00	1206	ufbx	original/fbx/ufbx.c	ufbxi_sort_shader_prop_bindings
0x1400890C0	0x890C0	890	ufbx	original/fbx/ufbx.c	ufbxi_sort_skin_weights
0x140089440	0x89440	1091	ufbx	original/fbx/ufbx.c	ufbxi_sort_tmp_material_textures
0x140089890	0x89890	181	ufbx	original/fbx/ufbx.c	ufbxi_sort_uv_sets
0x140089950	0x89950	179	ufbx	original/fbx/ufbx.c	ufbxi_sort_videos_by_filename
0x140089A10	0x89A10	316	ufbx	original/fbx/ufbx.c	ufbxi_split_type_and_name
0x140089B50	0x89B50	1091	ufbx	original/fbx/ufbx.c	ufbxi_stable_sort
0x140089FA0	0x89FA0	27	ufbx	original/fbx/ufbx.c	ufbxi_strblob_set
0x140089FC0	0x89FC0	222	ufbx	original/fbx/ufbx.c	ufbxi_subdivide_attrib
0x14008A0A0	0x8A0A0	4459	ufbx	original/fbx/ufbx.c	ufbxi_subdivide_layer
0x14008B210	0x8B210	741	ufbx	original/fbx/ufbx.c	ufbxi_subdivide_mesh
0x14008B500	0x8B500	1601	ufbx	original/fbx/ufbx.c	ufbxi_subdivide_mesh_imp
0x14008BB50	0x8BB50	4285	ufbx	original/fbx/ufbx.c	ufbxi_subdivide_mesh_level
0x14004BCA0	0x4BCA0	53	ufbx	original/fbx/ufbx.c	ufbxi_subdivide_sum_real
0x14004BCE0	0x4BCE0	97	ufbx	original/fbx/ufbx.c	ufbxi_subdivide_sum_vec2
0x14004BD50	0x4BD50	118	ufbx	original/fbx/ufbx.c	ufbxi_subdivide_sum_vec3
0x14004BDD0	0x4BDD0	170	ufbx	original/fbx/ufbx.c	ufbxi_subdivide_sum_vec4
0x14008CC10	0x8CC10	509	ufbx	original/fbx/ufbx.c	ufbxi_subdivide_sum_vertex_weights
0x14008CE10	0x8CE10	499	ufbx	original/fbx/ufbx.c	ufbxi_subdivide_vertex_crease
0x14008D010	0x8D010	408	ufbx	original/fbx/ufbx.c	ufbxi_subdivide_weights
0x14008D1B0	0x8D1B0	173	ufbx	original/fbx/ufbx.c	ufbxi_subdivision_copy_weights
0x14008D260	0x8D260	478	ufbx	original/fbx/ufbx.c	ufbxi_swap_endian
0x14008D440	0x8D440	50	ufbx	original/fbx/ufbx.c	ufbxi_swap_endian_array
0x14008D480	0x8D480	169	ufbx	original/fbx/ufbx.c	ufbxi_swap_endian_value
0x14008D530	0x8D530	1673	ufbx	original/fbx/ufbx.c	ufbxi_tessellate_nurbs_curve_imp
0x14008DBC0	0x8DBC0	4227	ufbx	original/fbx/ufbx.c	ufbxi_tessellate_nurbs_surface_imp
0x14008EC50	0x8EC50	85	ufbx	original/fbx/ufbx.c	ufbxi_tmp_channel_less
0x14008ECB0	0x8ECB0	800	ufbx	original/fbx/ufbx.c	ufbxi_transform_to_axes
0x14008EFD0	0x8EFD0	158	ufbx	original/fbx/ufbx.c	ufbxi_transform_vec3_list
0x14008F070	0x8F070	169	ufbx	original/fbx/ufbx.c	ufbxi_translate_anim
0x14008F120	0x8F120	175	ufbx	original/fbx/ufbx.c	ufbxi_translate_element_list
0x14008F1D0	0x8F1D0	2993	ufbx	original/fbx/ufbx.c	ufbxi_triangulate_ngon
0x14008FD90	0x8FD90	38	ufbx	original/fbx/ufbx.c	ufbxi_trim_delimiters
0x14008FDC0	0x8FDC0	1141	ufbx	original/fbx/ufbx.c	ufbxi_update_adjust_transforms
0x140090240	0x90240	191	ufbx	original/fbx/ufbx.c	ufbxi_update_anim
0x140090300	0x90300	205	ufbx	original/fbx/ufbx.c	ufbxi_update_anim_stack
0x1400903D0	0x903D0	721	ufbx	original/fbx/ufbx.c	ufbxi_update_blend_channel
0x1400906B0	0x906B0	156	ufbx	original/fbx/ufbx.c	ufbxi_update_bone
0x140090750	0x90750	1952	ufbx	original/fbx/ufbx.c	ufbxi_update_camera
0x140090EF0	0x90EF0	1307	ufbx	original/fbx/ufbx.c	ufbxi_update_constraint
0x140091410	0x91410	181	ufbx	original/fbx/ufbx.c	ufbxi_update_display_layer
0x1400914D0	0x914D0	504	ufbx	original/fbx/ufbx.c	ufbxi_update_face_groups
0x1400916D0	0x916D0	106	ufbx	original/fbx/ufbx.c	ufbxi_update_factor
0x140091740	0x91740	559	ufbx	original/fbx/ufbx.c	ufbxi_update_initial_clusters
0x140091970	0x91970	553	ufbx	original/fbx/ufbx.c	ufbxi_update_light
0x140091BA0	0x91BA0	84	ufbx	original/fbx/ufbx.c	ufbxi_update_line_curve
0x140091C00	0x91C00	12	ufbx	original/fbx/ufbx.c	ufbxi_update_material
0x140091C10	0x91C10	1644	ufbx	original/fbx/ufbx.c	ufbxi_update_node
0x140092280	0x92280	1344	ufbx	original/fbx/ufbx.c	ufbxi_update_parse_state
0x1400927C0	0x927C0	597	ufbx	original/fbx/ufbx.c	ufbxi_update_scene
0x140092A20	0x92A20	379	ufbx	original/fbx/ufbx.c	ufbxi_update_scene_metadata
0x140092BA0	0x92BA0	550	ufbx	original/fbx/ufbx.c	ufbxi_update_scene_settings
0x140092DD0	0x92DD0	416	ufbx	original/fbx/ufbx.c	ufbxi_update_shader_texture
0x140092F70	0x92F70	145	ufbx	original/fbx/ufbx.c	ufbxi_update_skin_cluster
0x140093010	0x93010	621	ufbx	original/fbx/ufbx.c	ufbxi_update_texture
0x140093280	0x93280	312	ufbx	original/fbx/ufbx.c	ufbxi_utf8_valid_length
0x1400933C0	0x933C0	11	ufbx	original/fbx/ufbx.c	ufbxi_uv_set_less
0x1400933D0	0x933D0	168	ufbx	original/fbx/ufbx.c	ufbxi_validate_indices
0x140093480	0x93480	106	ufbx	original/fbx/ufbx.c	ufbxi_video_ptr_less
0x1400934F0	0x934F0	130	ufbx	original/fbx/ufbx.c	ufbxi_vsnprintf
0x140093580	0x93580	361	ufbx	original/fbx/ufbx.c	ufbxi_vwarnf_imp
0x1400936F0	0x936F0	29	ufbx	original/fbx/ufbx.c	ufbxi_warnf_imp
0x140093710	0x93710	56	ufbx	original/fbx/ufbx.c	ufbxi_xml_accept
0x140093750	0x93750	87	ufbx	original/fbx/ufbx.c	ufbxi_xml_find_attrib
0x1400937B0	0x937B0	87	ufbx	original/fbx/ufbx.c	ufbxi_xml_find_child
0x140093810	0x93810	328	ufbx	original/fbx/ufbx.c	ufbxi_xml_parse_root
0x140093960	0x93960	1407	ufbx	original/fbx/ufbx.c	ufbxi_xml_parse_tag
0x140093EE0	0x93EE0	165	ufbx	original/fbx/ufbx.c	ufbxi_xml_push_token_char
0x140093F90	0x93F90	904	ufbx	original/fbx/ufbx.c	ufbxi_xml_read_until
0x140094320	0x94320	118	ufbx	original/fbx/ufbx.c	ufbxi_xml_refill
0x1400943A0	0x943A0	469	ufbx	original/fbx/ufbx.c	ufbxi_xml_skip_until_string
0x140094580	0x94580	108	ufbx	original/fbx/ufbx.c	ufbxi_xml_skip_while
0x1400945F0	0x945F0	181	ufbx	original/fbx/ufbx.c	ufbxi_yield
0x1400946B0	0x946B0	996	ferret	original/ferret.c	ferret_AuditionEffect
0x140094AA0	0x94AA0	577	ferret	original/ferret.c	ferret_Control
0x140094CF0	0x94CF0	38	ferret	original/ferret.c	ferret_CountSprites
0x140094D20	0x94D20	2472	ferret	original/ferret.c	ferret_EditProjectile
0x1400956D0	0x956D0	2324	ferret	original/ferret.c	ferret_EditRing
0x140095FF0	0x95FF0	1429	ferret	original/ferret.c	ferret_EmmbeddedBank
0x140096590	0x96590	563	ferret	original/ferret.c	ferret_ParticleBank
0x1400967D0	0x967D0	1444	ferret	original/ferret.c	ferret_ParticleEditor
0x140096D80	0x96D80	324	ferret	original/ferret.c	ferret_SaveAllEffects
0x140096ED0	0x96ED0	1321	ferret	original/ferret.c	ferret_SaveLoadEffect
0x140097400	0x97400	32	ferret	original/ferret.c	ferret_SaveLoadParticles
0x140097420	0x97420	161	ferret	original/ferret.c	ferret_SaveLoadProjectiles
0x1400974D0	0x974D0	329	ferret	original/ferret.c	ferret_ShowEffect
0x140097620	0x97620	2436	ferret	original/ferret.c	ferret_SpriteBank
0x140097FB0	0x97FB0	1803	ferret	original/ferret.c	ferret_SpriteFerret
0x1400986C0	0x986C0	313	filesys	original/filesys.c	file_LoadActorChunk
0x140098800	0x98800	380	filesys	original/filesys.c	file_LoadAiChunk
0x140098980	0x98980	224	filesys	original/filesys.c	file_LoadAnimDefChunk
0x140098A60	0x98A60	51	filesys	original/filesys.c	file_LoadAnimMapChunk
0x140098AA0	0x98AA0	2843	filesys	original/filesys.c	file_LoadChunks2Pool
0x1400995C0	0x995C0	54	filesys	original/filesys.c	file_LoadColorChunk
0x140099600	0x99600	186	filesys	original/filesys.c	file_LoadDollyChunk
0x1400996C0	0x996C0	542	filesys	original/filesys.c	file_LoadEffects
0x1400998E0	0x998E0	54	filesys	original/filesys.c	file_LoadEmiterChunk
0x140099920	0x99920	401	filesys	original/filesys.c	file_LoadEnemyChunk
0x140099AC0	0x99AC0	27	filesys	original/filesys.c	file_LoadEntryChunk
0x140099AE0	0x99AE0	31	filesys	original/filesys.c	file_LoadFatChunk
0x140099B00	0x99B00	118	filesys	original/filesys.c	file_LoadFile
0x140099B80	0x99B80	180	filesys	original/filesys.c	file_LoadFile2PoolFunc
0x140099C40	0x99C40	272	filesys	original/filesys.c	file_LoadJonnyChunk
0x140099D50	0x99D50	223	filesys	original/filesys.c	file_LoadLibChunk
0x140099E30	0x99E30	239	filesys	original/filesys.c	file_LoadMapChunk
0x140099F20	0x99F20	47	filesys	original/filesys.c	file_LoadMaterialChunk
0x140099F50	0x99F50	214	filesys	original/filesys.c	file_LoadResidentSprites
0x14009A030	0x9A030	58	filesys	original/filesys.c	file_LoadTagChunk
0x14009A070	0x9A070	45	filesys	original/filesys.c	file_LoadThinChunk
0x14009A0A0	0x9A0A0	3	filesys	original/filesys.c	file_LoadVersionChunk
0x14009A0B0	0x9A0B0	66	filesys	original/filesys.c	file_getFileSize
0x14009A100	0x9A100	27	filesys	original/filesys.c	file_loadEntryTags
0x14009A120	0x9A120	147	filesys	original/filesys.c	readchunk
0x14009A1C0	0x9A1C0	112	flex	original/flex.c	CROSS
0x14009A230	0x9A230	201	flex	original/flex.c	CROSS12
0x14009A300	0x9A300	213	flex	original/flex.c	CROSSnormal
0x14009A3E0	0x9A3E0	45	flex	original/flex.c	DOT
0x14009A410	0x9A410	85	flex	original/flex.c	DOT12
0x14009A470	0x9A470	179	flex	original/flex.c	VectorNormalize
0x14009A530	0x9A530	173	flex	original/flex.c	VectorNormalize2
0x14009A5E0	0x9A5E0	189	flex	original/flex.c	VectorNormalize3
0x14009A6A0	0x9A6A0	17	flex	original/flex.c	distance_squared
0x14009A6C0	0x9A6C0	8	flex	original/flex.c	flexabs
0x14009A6D0	0x9A6D0	17	flex	original/flex.c	flexdiv
0x14009A6F0	0x9A6F0	18	flex	original/flex.c	flexmul
0x14009A710	0x9A710	9	flex	original/flex.c	flexmul12
0x14009A720	0x9A720	396	flex	original/flex.c	fvectorpointlinesquared
0x14009A8B0	0x9A8B0	3	flex	original/flex.c	intersec_2dlines
0x14009A8C0	0x9A8C0	7	flex	original/flex.c	mul4105
0x14009A8D0	0x9A8D0	158	flex	original/flex.c	normalize_s
0x14009A970	0x9A970	197	flex	original/flex.c	normalize_svector
0x14009AA40	0x9AA40	74	flex	original/flex.c	normalize_vector
0x14009AA90	0x9AA90	38	flex	original/flex.c	unpack10bitnormal
0x14009AAC0	0x9AAC0	28	flex	original/flex.c	vecSqr
0x14009AAE0	0x9AAE0	72	flex	original/flex.c	vecSqr12
0x14009AB30	0x9AB30	40	flex	original/flex.c	vecadd
0x14009AB60	0x9AB60	29	flex	original/flex.c	veclength
0x14009AB80	0x9AB80	35	flex	original/flex.c	vecnegate
0x14009ABB0	0x9ABB0	38	flex	original/flex.c	vecnormalize
0x14009ABE0	0x9ABE0	23	flex	original/flex.c	vecnormalize2
0x14009AC00	0x9AC00	38	flex	original/flex.c	vecnormalizevec
0x14009AC30	0x9AC30	17	flex	original/flex.c	vecoffset
0x14009AC50	0x9AC50	540	flex	original/flex.c	vecpointlinesquared
0x14009AE70	0x9AE70	79	flex	original/flex.c	vecscale
0x14009AEC0	0x9AEC0	40	flex	original/flex.c	vecsub
0x14009AEF0	0x9AEF0	1313	fmath	original/fmath.c	ApplyMatrixMany10Bit
0x14009B420	0x9B420	1386	fmath	original/fmath.c	ApplyMatrixMany10BitFV
0x14009B990	0x9B990	1485	fmath	original/fmath.c	ApplyMatrixMany10BitFVnormalize
0x14009BF60	0x9BF60	1349	fmath	original/fmath.c	ApplyMatrixMany10BitLong
0x14009C4B0	0x9C4B0	1353	fmath	original/fmath.c	ApplyMatrixMany10BitStride
0x14009CA00	0x9CA00	1195	fmath	original/fmath.c	ApplyMatrixManyFV
0x14009CEB0	0x9CEB0	1232	fmath	original/fmath.c	ApplyMatrixManySV
0x14009D380	0x9D380	114	fmath	original/fmath.c	FindSinCos
0x14009D400	0x9D400	318	fmath	original/fmath.c	PerspectiveTransform
0x14009D540	0x9D540	181	fmath	original/fmath.c	PerspectiveTransformFV
0x14009D600	0x9D600	385	fmath	original/fmath.c	PerspectiveTransformLV
0x14009D790	0x9D790	344	fmath	original/fmath.c	PerspectiveTransformManyFV
0x14009D8F0	0x9D8F0	384	fmath	original/fmath.c	PerspectiveTransformOLD
0x14009DA70	0x9DA70	856	fmath	original/fmath.c	RotTransPersFloat
0x14009DDD0	0x9DDD0	846	fmath	original/fmath.c	RotTransPersSFV
0x14009E120	0x9E120	48	fmath	original/fmath.c	SetGTETransLV
0x14009E150	0x9E150	38	fmath	original/fmath.c	SetTransformMatrix
0x14009E180	0x9E180	51	fmath	original/fmath.c	SquareRoot0
0x14009E1C0	0x9E1C0	67	fmath	original/fmath.c	SquareRoot12
0x14009E210	0x9E210	1631	fmath	original/fmath.c	TransformPoints
0x14009E870	0x9E870	336	fmath	original/fmath.c	TransformPointsFV
0x14009E9C0	0x9E9C0	170	fmath	original/fmath.c	VectorNormal
0x14009EA70	0x9EA70	175	fmath	original/fmath.c	VectorNormalS
0x14009EB20	0x9EB20	126	fmath	original/fmath.c	XRotMatrix
0x14009EBA0	0x9EBA0	125	fmath	original/fmath.c	YRotMatrix
0x14009EC20	0x9EC20	128	fmath	original/fmath.c	ZRotMatrix
0x14009ECA0	0x9ECA0	191	fmath	original/fmath.c	fApplyMatrix
0x14009ED60	0x9ED60	242	fmath	original/fmath.c	fApplyMatrixFV
0x14009EE60	0x9EE60	164	fmath	original/fmath.c	fApplyMatrixLV
0x14009EF10	0x9EF10	154	fmath	original/fmath.c	fApplyMatrixSFV
0x14009EFB0	0x9EFB0	173	fmath	original/fmath.c	fApplyMatrixSV
0x14009F060	0x9F060	430	fmath	original/fmath.c	fMulMatrix
0x14009F210	0x9F210	162	fmath	original/fmath.c	fMulMatrix0
0x14009F2C0	0x9F2C0	99	fmath	original/fmath.c	fRotMatrix
0x14009F330	0x9F330	256	fmath	original/fmath.c	fRotMatrixX
0x14009F430	0x9F430	254	fmath	original/fmath.c	fRotMatrixY
0x14009F530	0x9F530	254	fmath	original/fmath.c	fRotMatrixZ
0x14009F630	0x9F630	99	fmath	original/fmath.c	fRotMatrixZYX
0x14009F6A0	0x9F6A0	944	fmath	original/fmath.c	fRotTransPers
0x14009FA50	0x9FA50	150	fmath	original/fmath.c	fScaleMatrix
0x14009FAF0	0x9FAF0	21	fmath	original/fmath.c	fTransMatrix
0x14009FB10	0x9FB10	65	fmath	original/fmath.c	fTransposeMatrix
0x14009FB60	0x9FB60	59	fmath	original/fmath.c	getscreenz
0x14009FBA0	0x9FBA0	251	fmath	original/fmath.c	normalize
0x14009FCA0	0x9FCA0	245	fmath	original/fmath.c	normalize_l
0x14009FDA0	0x9FDA0	5	fmath	original/fmath.c	normalize_lvector
0x14009FDB0	0x9FDB0	42	fmath	original/fmath.c	ratan2
0x14009FDE0	0x9FDE0	58	fmath	original/fmath.c	rcos
0x14009FE20	0x9FE20	58	fmath	original/fmath.c	rsin
0x14009FE60	0x9FE60	197	force	original/force.c	color_interpolate
0x14009FF30	0x9FF30	9	force	original/force.c	color_interpolate4k
0x14009FF40	0x9FF40	366	force	original/force.c	force_AbsorbReflectCallBack
0x1400A00B0	0xA00B0	943	force	original/force.c	force_AttackCallBack
0x1400A0460	0xA0460	232	force	original/force.c	force_AttackSpinCallBack
0x1400A0550	0xA0550	359	force	original/force.c	force_CloakCallBack
0x1400A06C0	0xA06C0	536	force	original/force.c	force_FlameCallBack
0x1400A08E0	0xA08E0	100	force	original/force.c	force_HealingCallBack
0x1400A0950	0xA0950	520	force	original/force.c	force_MesmerizeCallBack
0x1400A0B60	0xA0B60	1270	force	original/force.c	force_PlaySeq
0x1400A1060	0xA1060	332	force	original/force.c	force_PushCallBack
0x1400A11B0	0xA11B0	461	force	original/force.c	force_Ranged3CallBack
0x1400A1380	0xA1380	1006	force	original/force.c	force_ReflectCallBack
0x1400A1770	0xA1770	211	force	original/force.c	force_RingCallBack
0x1400A1850	0xA1850	417	force	original/force.c	force_SabreSpinCallBack
0x1400A1A00	0xA1A00	690	force	original/force.c	force_SabreTossCallBack
0x1400A1CC0	0xA1CC0	367	force	original/force.c	force_SabreYoYoBack
0x1400A1E30	0xA1E30	712	force	original/force.c	force_ShieldCallBack
0x1400A2100	0xA2100	591	force	original/force.c	force_StarCallBack
0x1400A2350	0xA2350	524	force	original/force.c	force_TossCallBack
0x1400A2560	0xA2560	381	force	original/force.c	force_TossGrenadeCallBack
0x1400A26E0	0xA26E0	1078	force	original/force.c	force_ZapCallBack
0x1400A2B20	0xA2B20	390	force	original/force.c	force_gActivate
0x1400A2CB0	0xA2CB0	119	fx	original/fx.c	PlotZap
0x1400A2D30	0xA2D30	155	fx	original/fx.c	fx_GlowingMan
0x1400A2DD0	0xA2DD0	331	fx	original/fx.c	fx_Init
0x1400A2F20	0xA2F20	1316	fx	original/fx.c	fx_PlasmaZap
0x1400A3450	0xA3450	2007	fx	original/fx.c	fx_Water
0x1400A3C30	0xA3C30	3	fx	original/fx.c	fx_ZappingMan
0x1400A3C40	0xA3C40	1114	fx	original/fx.c	fx_screenGlow
0x1400A40A0	0xA40A0	82	fx	original/fx.c	fx_screenGlowFV
0x1400A4100	0xA4100	946	fx	original/fx.c	fx_screenSection
0x1400A44C0	0xA44C0	210	fx	original/fx.c	getrandomcolor
0x1400A45A0	0xA45A0	107	fx	original/fx.c	particle_CleanUp
0x1400A4610	0xA4610	155	fx	original/fx.c	particle_Init
0x1400A46B0	0xA46B0	858	fx	original/fx.c	particle_Launch
0x1400A4A10	0xA4A10	242	fx	original/fx.c	particle_Update
0x1400A4B10	0xA4B10	2411	fx	original/fx.c	particle_process8
0x1400A5480	0xA5480	399	fx	original/fx.c	traverseModel
0x1400A5610	0xA5610	3	fx	original/fx.c	traverseModel2
0x1400A5620	0xA5620	2533	game	original/game.c	ApplySaveGameData
0x1400A6010	0xA6010	74	game	original/game.c	ForceClearPlayerCPad
0x1400A6060	0xA6060	42	game	original/game.c	InitGameResolution
0x1400A6090	0xA6090	289	game	original/game.c	LoadPlayerPos
0x1400A61C0	0xA61C0	299	game	original/game.c	LoadSettingsData
0x1400A62F0	0xA62F0	141	game	original/game.c	SavePlayerPos
0x1400A6380	0xA6380	242	game	original/game.c	UpdateBright
0x1400A6480	0xA6480	2516	game	original/game.c	UpdateSaveGameStruct
0x1400A6E60	0xA6E60	112	game	original/game.c	_AddBar
0x1400A6ED0	0xA6ED0	561	game	original/game.c	_AddLifeTile2D
0x1400A7110	0xA7110	3	game	original/game.c	checkResetAbort
0x1400A7120	0xA7120	71	game	original/game.c	console_DecCommand
0x1400A7170	0xA7170	71	game	original/game.c	console_IncCommand
0x1400A71C0	0xA71C0	384	game	original/game.c	console_LoadPlayerPosCommand
0x1400A7340	0xA7340	201	game	original/game.c	console_SavePlayerPosCommand
0x1400A7410	0xA7410	257	game	original/game.c	console_SetCommand
0x1400A7520	0xA7520	106	game	original/game.c	console_ToggleCommand
0x1400A7590	0xA7590	3	game	original/game.c	continueGameGameInit
0x1400A75A0	0xA75A0	109	game	original/game.c	findvar
0x1400A7610	0xA7610	28	game	original/game.c	game_CLR_GLOBALBIT
0x1400A7630	0xA7630	2848	game	original/game.c	game_DisplayOverlay
0x1400A8150	0xA8150	257	game	original/game.c	game_DrawBigNum
0x1400A8260	0xA8260	434	game	original/game.c	game_DrawItems
0x1400A8420	0xA8420	822	game	original/game.c	game_DrawScore
0x1400A8760	0xA8760	35	game	original/game.c	game_GET_GLOBALBIT
0x1400A8790	0xA8790	8	game	original/game.c	game_GetGameCounter
0x1400A87A0	0xA87A0	8	game	original/game.c	game_GetGameMode
0x1400A87B0	0xA87B0	883	game	original/game.c	game_InitGameSystems
0x1400A8B30	0xA8B30	15	game	original/game.c	game_ModGameCounter
0x1400A8B40	0xA8B40	351	game	original/game.c	game_OneGameLoop
0x1400A8CA0	0xA8CA0	769	game	original/game.c	game_ProcessStatus
0x1400A8FB0	0xA8FB0	185	game	original/game.c	game_ResetGameSystems
0x1400A9070	0xA9070	28	game	original/game.c	game_SET_GLOBALBIT
0x1400A9090	0xA9090	1036	game	original/game.c	game_checkCompleteAchievements
0x1400A94A0	0xA94A0	162	game	original/game.c	game_checkNextLevel
0x1400A9550	0xA9550	3	game	original/game.c	game_clearLetterBox
0x1400A9560	0xA9560	39	game	original/game.c	game_disableCombo
0x1400A9590	0xA9590	39	game	original/game.c	game_enableCombo
0x1400A95C0	0xA95C0	17	game	original/game.c	game_gClrGameFlags
0x1400A95E0	0xA95E0	19	game	original/game.c	game_gGetEnergy
0x1400A9600	0xA9600	19	game	original/game.c	game_gGetForce
0x1400A9620	0xA9620	7	game	original/game.c	game_gGetGameFlags
0x1400A9630	0xA9630	19	game	original/game.c	game_gGetItemCount
0x1400A9650	0xA9650	19	game	original/game.c	game_gGetMaxEnergy
0x1400A9670	0xA9670	19	game	original/game.c	game_gGetMaxForce
0x1400A9690	0xA9690	18	game	original/game.c	game_gGetPowerLevel
0x1400A96B0	0xA96B0	19	game	original/game.c	game_gGetPowerType
0x1400A96D0	0xA96D0	34	game	original/game.c	game_gGetScaleEnergy
0x1400A9700	0xA9700	37	game	original/game.c	game_gGetScaleForce
0x1400A9730	0xA9730	34	game	original/game.c	game_gGetScaleMaxEnergy
0x1400A9760	0xA9760	37	game	original/game.c	game_gGetScaleMaxForce
0x1400A9790	0xA9790	18	game	original/game.c	game_gGetScore
0x1400A97B0	0xA97B0	9	game	original/game.c	game_gIsGameFlags
0x1400A97C0	0xA97C0	99	game	original/game.c	game_gModEnergy
0x1400A9830	0xA9830	69	game	original/game.c	game_gModForce
0x1400A9880	0xA9880	53	game	original/game.c	game_gModItemCount
0x1400A98C0	0xA98C0	48	game	original/game.c	game_gModScore
0x1400A98F0	0xA98F0	1328	game	original/game.c	game_gPlayTheGame
0x1400A9E20	0xA9E20	187	game	original/game.c	game_gSetEnergy
0x1400A9EE0	0xA9EE0	40	game	original/game.c	game_gSetForce
0x1400A9F10	0xA9F10	15	game	original/game.c	game_gSetGameFlags
0x1400A9F20	0xA9F20	40	game	original/game.c	game_gSetItemCount
0x1400A9F50	0xA9F50	116	game	original/game.c	game_gSetMaxEnergy
0x1400A9FD0	0xA9FD0	93	game	original/game.c	game_gSetMaxForce
0x1400AA030	0xAA030	44	game	original/game.c	game_gSetPowerLevel
0x1400AA060	0xAA060	22	game	original/game.c	game_gSetPowerType
0x1400AA080	0xAA080	54	game	original/game.c	game_gSetScore
0x1400AA0C0	0xAA0C0	15	game	original/game.c	game_gToggleGameFlags
0x1400AA0D0	0xAA0D0	47	game	original/game.c	game_getCombo
0x1400AA100	0xAA100	728	game	original/game.c	game_initCombos
0x1400AA3E0	0xAA3E0	267	game	original/game.c	game_initEnergy
0x1400AA4F0	0xAA4F0	780	game	original/game.c	game_initPerLevel
0x1400AA800	0xAA800	200	game	original/game.c	game_initPlayerStartCombos
0x1400AA8D0	0xAA8D0	1151	game	original/game.c	game_initVar
0x1400AAD50	0xAAD50	36	game	original/game.c	game_loadLevelMode
0x1400AAD80	0xAAD80	453	game	original/game.c	game_runStage
0x1400AAF50	0xAAF50	66	game	original/game.c	game_setAudioOptions
0x1400AAFA0	0xAAFA0	76	game	original/game.c	game_setControlsOptions
0x1400AAFF0	0xAAFF0	59	game	original/game.c	game_setDefaultOptions
0x1400AB030	0xAB030	698	game	original/game.c	game_setFuncArray
0x1400AB2F0	0xAB2F0	3	game	original/game.c	game_setLetterBox
0x1400AB300	0xAB300	108	game	original/game.c	getvar
0x1400AB370	0xAB370	142	game	original/game.c	newGameGameInit
0x1400AB400	0xAB400	220	game	original/game.c	setvar
0x1400AB4E0	0xAB4E0	911	genericHook	original/genericHook.cpp	std::_Codecvt_do_length<std::codecvt<char16_t,char,_Mbstatet>,char,_Mbstatet>
0x1400AB870	0xAB870	455	genericHook	original/genericHook.cpp	std::basic_string<char16_t,std::char_traits<char16_t>,std::allocator<char16_t> >::_Reallocate_grow_by<<lambda_23e601c987dc463d2d6489aeaa9668c8>,char16_t const *,unsigned __int64>
0x1400ABA40	0xABA40	420	genericHook	original/genericHook.cpp	std::basic_string<char16_t,std::char_traits<char16_t>,std::allocator<char16_t> >::_Reallocate_grow_by<<lambda_dc4862751a7e573d3d6a0a80489b9a2f>,char16_t>
0x1400ABBF0	0xABBF0	449	genericHook	original/genericHook.cpp	std::basic_string<char16_t,std::char_traits<char16_t>,std::allocator<char16_t> >::_Reallocate_grow_by<<lambda_eb09786fe23d272ea1a0e0f8768901c6>,unsigned __int64,char16_t>
0x1400ABDC0	0xABDC0	299	genericHook	original/genericHook.cpp	std::basic_string<char16_t,std::char_traits<char16_t>,std::allocator<char16_t> >::basic_string<char16_t,std::char_traits<char16_t>,std::allocator<char16_t> >
0x1400ABEF0	0xABEF0	689	genericHook	original/genericHook.cpp	std::wstring_convert<std::codecvt<char16_t,char,_Mbstatet>,char16_t,std::allocator<char16_t>,std::allocator<char> >::wstring_convert<std::codecvt<char16_t,char,_Mbstatet>,char16_t,std::allocator<char16_t>,std::allocator<char> >
0x140270090	0x270090	16	genericHook	original/genericHook.cpp	`std::wstring_convert<std::codecvt<char16_t,char,_Mbstatet>,char16_t,std::allocator<char16_t>,std::allocator<char> >::wstring_convert<std::codecvt<char16_t,char,_Mbstatet>,char16_t,std::allocator<char16_t>,std::allocator<char> >'::`1'::dtor$0
0x1402700A0	0x2700A0	16	genericHook	original/genericHook.cpp	`std::wstring_convert<std::codecvt<char16_t,char,_Mbstatet>,char16_t,std::allocator<char16_t>,std::allocator<char> >::wstring_convert<std::codecvt<char16_t,char,_Mbstatet>,char16_t,std::allocator<char16_t>,std::allocator<char> >'::`1'::dtor$1
0x1402700B0	0x2700B0	16	genericHook	original/genericHook.cpp	`std::wstring_convert<std::codecvt<char16_t,char,_Mbstatet>,char16_t,std::allocator<char16_t>,std::allocator<char> >::wstring_convert<std::codecvt<char16_t,char,_Mbstatet>,char16_t,std::allocator<char16_t>,std::allocator<char> >'::`1'::dtor$2
0x1402700C0	0x2700C0	32	genericHook	original/genericHook.cpp	`std::wstring_convert<std::codecvt<char16_t,char,_Mbstatet>,char16_t,std::allocator<char16_t>,std::allocator<char> >::wstring_convert<std::codecvt<char16_t,char,_Mbstatet>,char16_t,std::allocator<char16_t>,std::allocator<char> >'::`1'::dtor$3
0x1402700E0	0x2700E0	12	genericHook	original/genericHook.cpp	`std::wstring_convert<std::codecvt<char16_t,char,_Mbstatet>,char16_t,std::allocator<char16_t>,std::allocator<char> >::wstring_convert<std::codecvt<char16_t,char,_Mbstatet>,char16_t,std::allocator<char16_t>,std::allocator<char> >'::`1'::dtor$11
0x1402700F0	0x2700F0	12	genericHook	original/genericHook.cpp	`std::wstring_convert<std::codecvt<char16_t,char,_Mbstatet>,char16_t,std::allocator<char16_t>,std::allocator<char> >::wstring_convert<std::codecvt<char16_t,char,_Mbstatet>,char16_t,std::allocator<char16_t>,std::allocator<char> >'::`1'::dtor$15
0x140270100	0x270100	16	genericHook	original/genericHook.cpp	`std::wstring_convert<std::codecvt<char16_t,char,_Mbstatet>,char16_t,std::allocator<char16_t>,std::allocator<char> >::wstring_convert<std::codecvt<char16_t,char,_Mbstatet>,char16_t,std::allocator<char16_t>,std::allocator<char> >'::`1'::dtor$16
0x140270110	0x270110	16	genericHook	original/genericHook.cpp	`std::wstring_convert<std::codecvt<char16_t,char,_Mbstatet>,char16_t,std::allocator<char16_t>,std::allocator<char> >::wstring_convert<std::codecvt<char16_t,char,_Mbstatet>,char16_t,std::allocator<char16_t>,std::allocator<char> >'::`1'::dtor$17
0x140270120	0x270120	16	genericHook	original/genericHook.cpp	`std::wstring_convert<std::codecvt<char16_t,char,_Mbstatet>,char16_t,std::allocator<char16_t>,std::allocator<char> >::wstring_convert<std::codecvt<char16_t,char,_Mbstatet>,char16_t,std::allocator<char16_t>,std::allocator<char> >'::`1'::dtor$18
0x140270130	0x270130	16	genericHook	original/genericHook.cpp	`std::wstring_convert<std::codecvt<char16_t,char,_Mbstatet>,char16_t,std::allocator<char16_t>,std::allocator<char> >::wstring_convert<std::codecvt<char16_t,char,_Mbstatet>,char16_t,std::allocator<char16_t>,std::allocator<char> >'::`1'::dtor$19
0x140270140	0x270140	16	genericHook	original/genericHook.cpp	`std::wstring_convert<std::codecvt<char16_t,char,_Mbstatet>,char16_t,std::allocator<char16_t>,std::allocator<char> >::wstring_convert<std::codecvt<char16_t,char,_Mbstatet>,char16_t,std::allocator<char16_t>,std::allocator<char> >'::`1'::dtor$20
0x140270150	0x270150	16	genericHook	original/genericHook.cpp	`std::wstring_convert<std::codecvt<char16_t,char,_Mbstatet>,char16_t,std::allocator<char16_t>,std::allocator<char> >::wstring_convert<std::codecvt<char16_t,char,_Mbstatet>,char16_t,std::allocator<char16_t>,std::allocator<char> >'::`1'::dtor$21
0x1400AC1B0	0xAC1B0	60	genericHook	original/genericHook.cpp	std::range_error::range_error
0x1400AC1F0	0xAC1F0	71	genericHook	original/genericHook.cpp	std::range_error::range_error
0x1400AC240	0xAC240	60	genericHook	original/genericHook.cpp	std::runtime_error::runtime_error
0x1400AC280	0xAC280	35	genericHook	original/genericHook.cpp	std::_Yarn<char>::~_Yarn<char>
0x1400AC2B0	0xAC2B0	35	genericHook	original/genericHook.cpp	std::_Yarn<wchar_t>::~_Yarn<wchar_t>
0x1400AC2E0	0xAC2E0	97	genericHook	original/genericHook.cpp	std::basic_string<char16_t,std::char_traits<char16_t>,std::allocator<char16_t> >::~basic_string<char16_t,std::char_traits<char16_t>,std::allocator<char16_t> >
0x1400AC350	0xAC350	11	genericHook	original/genericHook.cpp	std::codecvt<char16_t,char,_Mbstatet>::~codecvt<char16_t,char,_Mbstatet>
0x1400AC360	0xAC360	154	genericHook	original/genericHook.cpp	std::wstring_convert<std::codecvt<char16_t,char,_Mbstatet>,char16_t,std::allocator<char16_t>,std::allocator<char> >::~wstring_convert<std::codecvt<char16_t,char,_Mbstatet>,char16_t,std::allocator<char16_t>,std::allocator<char> >
0x1400AC400	0xAC400	11	genericHook	original/genericHook.cpp	std::_Facet_base::~_Facet_base
0x1400AC410	0xAC410	11	genericHook	original/genericHook.cpp	std::codecvt_base::~codecvt_base
0x1400AC420	0xAC420	11	genericHook	original/genericHook.cpp	std::locale::facet::~facet
0x1400AC430	0xAC430	47	genericHook	original/genericHook.cpp	std::locale::~locale
0x1400AC460	0xAC460	19	genericHook	original/genericHook.cpp	std::range_error::~range_error
0x1400AC480	0xAC480	43	genericHook	original/genericHook.cpp	std::codecvt<char16_t,char,_Mbstatet>::`scalar deleting destructor'
0x1400AC4B0	0xAC4B0	52	genericHook	original/genericHook.cpp	std::wstring_convert<std::codecvt<char16_t,char,_Mbstatet>,char16_t,std::allocator<char16_t>,std::allocator<char> >::`scalar deleting destructor'
0x1400AC4F0	0xAC4F0	43	genericHook	original/genericHook.cpp	std::_Facet_base::`scalar deleting destructor'
0x1400AC520	0xAC520	43	genericHook	original/genericHook.cpp	std::codecvt_base::`scalar deleting destructor'
0x1400AC550	0xAC550	43	genericHook	original/genericHook.cpp	std::locale::facet::`scalar deleting destructor'
0x1400AC580	0xAC580	66	genericHook	original/genericHook.cpp	std::range_error::`scalar deleting destructor'
0x1400AC5D0	0xAC5D0	66	genericHook	original/genericHook.cpp	std::runtime_error::`scalar deleting destructor'
0x1400AC620	0xAC620	15	genericHook	original/genericHook.cpp	std::locale::facet::_Decref
0x1400AC630	0xAC630	5	genericHook	original/genericHook.cpp	std::locale::facet::_Incref
0x1400AC640	0xAC640	35	genericHook	original/genericHook.cpp	std::_Throw_range_error
0x1400AC670	0xAC670	3	genericHook	original/genericHook.cpp	std::codecvt<char16_t,char,_Mbstatet>::do_always_noconv
0x1400AC680	0xAC680	3	genericHook	original/genericHook.cpp	std::codecvt_base::do_always_noconv
0x1400AC690	0xAC690	3	genericHook	original/genericHook.cpp	std::codecvt<char16_t,char,_Mbstatet>::do_encoding
0x1400AC6A0	0xAC6A0	6	genericHook	original/genericHook.cpp	std::codecvt_base::do_encoding
0x1400AC6B0	0xAC6B0	700	genericHook	original/genericHook.cpp	std::codecvt<char16_t,char,_Mbstatet>::do_in
0x1400AC970	0xAC970	5	genericHook	original/genericHook.cpp	std::codecvt<char16_t,char,_Mbstatet>::do_length
0x1400AC980	0xAC980	22	genericHook	original/genericHook.cpp	std::codecvt<char16_t,char,_Mbstatet>::do_max_length
0x1400AC9A0	0xAC9A0	6	genericHook	original/genericHook.cpp	std::codecvt_base::do_max_length
0x1400AC9B0	0xAC9B0	507	genericHook	original/genericHook.cpp	std::codecvt<char16_t,char,_Mbstatet>::do_out
0x1400ACBB0	0xACBB0	22	genericHook	original/genericHook.cpp	std::codecvt<char16_t,char,_Mbstatet>::do_unshift
0x1400ACBD0	0xACBD0	1093	genericHook	original/genericHook.cpp	std::wstring_convert<std::codecvt<char16_t,char,_Mbstatet>,char16_t,std::allocator<char16_t>,std::allocator<char> >::from_bytes
0x140270160	0x270160	12	genericHook	original/genericHook.cpp	`std::wstring_convert<std::codecvt<char16_t,char,_Mbstatet>,char16_t,std::allocator<char16_t>,std::allocator<char> >::from_bytes'::`1'::dtor$0
0x140270170	0x270170	12	genericHook	original/genericHook.cpp	`std::wstring_convert<std::codecvt<char16_t,char,_Mbstatet>,char16_t,std::allocator<char16_t>,std::allocator<char> >::from_bytes'::`1'::dtor$1
0x1400AD020	0xAD020	31	genericHook	original/genericHook.cpp	ClearCachedTextureIndices
0x1400AD040	0xAD040	145	genericHook	original/genericHook.cpp	IsBusTextureForCorus2
0x1400AD0E0	0xAD0E0	140	genericHook	original/genericHook.cpp	IsCoffinTextureForPalace
0x1400AD170	0xAD170	388	genericHook	original/genericHook.cpp	SetTextureColorOverride
0x1400AD300	0xAD300	416	genericHook	original/genericHook.cpp	_DrawUIText
0x1400AD4A0	0xAD4A0	48	globalarrays	original/globalarrays.cpp	std::_Copy_memmove<void * *,void * *>
0x1400AD4D0	0xAD4D0	415	globalarrays	original/globalarrays.cpp	std::vector<void *,std::allocator<void *> >::_Emplace_reallocate<void * const &>
0x140270180	0x270180	40	globalarrays	original/globalarrays.cpp	`std::vector<void *,std::allocator<void *> >::_Emplace_reallocate<void * const &>'::`1'::catch$0
0x1400AD670	0xAD670	85	globalarrays	original/globalarrays.cpp	std::_Tree_val<std::_Tree_simple_types<void *> >::_Erase_tree<std::allocator<std::_Tree_node<void *,void *> > >
0x1400AD6D0	0xAD6D0	5	globalarrays	original/globalarrays.cpp	__std_find_trivial<void *,void *>
0x1400AD6E0	0xAD6E0	5	globalarrays	original/globalarrays.cpp	__std_find_trivial<void *,unsigned __int64>
0x1400AD6F0	0xAD6F0	252	globalarrays	original/globalarrays.cpp	std::_Tree<std::_Tset_traits<void *,std::less<void *>,std::allocator<void *>,0> >::insert<0,0>
0x1402701B0	0x2701B0	12	globalarrays	original/globalarrays.cpp	`std::_Tree<std::_Tset_traits<void *,std::less<void *>,std::allocator<void *>,0> >::insert<0,0>'::`1'::dtor$2
0x1400AD7F0	0xAD7F0	20	globalarrays	original/globalarrays.cpp	std::_Alloc_construct_ptr<std::allocator<std::_Tree_node<void *,void *> > >::~_Alloc_construct_ptr<std::allocator<std::_Tree_node<void *,void *> > >
0x1400AD810	0xAD810	157	globalarrays	original/globalarrays.cpp	std::set<void *,std::less<void *>,std::allocator<void *> >::operator=
0x1400AD8B0	0xAD8B0	154	globalarrays	original/globalarrays.cpp	std::vector<void *,std::allocator<void *> >::operator=
0x140001050	0x1050	54	globalarrays	original/globalarrays.cpp	`dynamic initializer for 'aiPArraySet''
0x140001090	0x1090	12	globalarrays	original/globalarrays.cpp	`dynamic initializer for 'aiPArrayVec''
0x1400010A0	0x10A0	54	globalarrays	original/globalarrays.cpp	`dynamic initializer for 'colorPointerSet''
0x1400010E0	0x10E0	12	globalarrays	original/globalarrays.cpp	`dynamic initializer for 'colorPointerVec''
0x1400010F0	0x10F0	54	globalarrays	original/globalarrays.cpp	`dynamic initializer for 'indexPointerSet''
0x140001130	0x1130	12	globalarrays	original/globalarrays.cpp	`dynamic initializer for 'indexPointerVec''
0x140001140	0x1140	54	globalarrays	original/globalarrays.cpp	`dynamic initializer for 'normalPointerSet''
0x140001180	0x1180	12	globalarrays	original/globalarrays.cpp	`dynamic initializer for 'normalPointerVec''
0x140001190	0x1190	54	globalarrays	original/globalarrays.cpp	`dynamic initializer for 'uvPointerSet''
0x1400011D0	0x11D0	12	globalarrays	original/globalarrays.cpp	`dynamic initializer for 'uvPointerVec''
0x1400011E0	0x11E0	54	globalarrays	original/globalarrays.cpp	`dynamic initializer for 'vertexPointerSet''
0x140001220	0x1220	12	globalarrays	original/globalarrays.cpp	`dynamic initializer for 'vertexPointerVec''
0x140001230	0x1230	54	globalarrays	original/globalarrays.cpp	`dynamic initializer for 'wslEnemyPointerSet''
0x140001270	0x1270	12	globalarrays	original/globalarrays.cpp	`dynamic initializer for 'wslEnemyPointerVec''
0x1402797E0	0x2797E0	99	globalarrays	original/globalarrays.cpp	`dynamic atexit destructor for 'aiPArraySet''
0x140279850	0x279850	101	globalarrays	original/globalarrays.cpp	`dynamic atexit destructor for 'aiPArrayVec''
0x1402798C0	0x2798C0	99	globalarrays	original/globalarrays.cpp	`dynamic atexit destructor for 'colorPointerSet''
0x140279930	0x279930	101	globalarrays	original/globalarrays.cpp	`dynamic atexit destructor for 'colorPointerVec''
0x1402799A0	0x2799A0	99	globalarrays	original/globalarrays.cpp	`dynamic atexit destructor for 'indexPointerSet''
0x140279A10	0x279A10	101	globalarrays	original/globalarrays.cpp	`dynamic atexit destructor for 'indexPointerVec''
0x140279A80	0x279A80	99	globalarrays	original/globalarrays.cpp	`dynamic atexit destructor for 'normalPointerSet''
0x140279AF0	0x279AF0	101	globalarrays	original/globalarrays.cpp	`dynamic atexit destructor for 'normalPointerVec''
0x140279B60	0x279B60	99	globalarrays	original/globalarrays.cpp	`dynamic atexit destructor for 'uvPointerSet''
0x140279BD0	0x279BD0	101	globalarrays	original/globalarrays.cpp	`dynamic atexit destructor for 'uvPointerVec''
0x140279C40	0x279C40	99	globalarrays	original/globalarrays.cpp	`dynamic atexit destructor for 'vertexPointerSet''
0x140279CB0	0x279CB0	101	globalarrays	original/globalarrays.cpp	`dynamic atexit destructor for 'vertexPointerVec''
0x140279D20	0x279D20	99	globalarrays	original/globalarrays.cpp	`dynamic atexit destructor for 'wslEnemyPointerSet''
0x140279D90	0x279D90	101	globalarrays	original/globalarrays.cpp	`dynamic atexit destructor for 'wslEnemyPointerVec''
0x1400AD950	0xAD950	603	globalarrays	original/globalarrays.cpp	std::_Tree_val<std::_Tree_simple_types<void *> >::_Insert_node
0x1400ADBB0	0xADBB0	17	globalarrays	original/globalarrays.cpp	std::_Throw_tree_length_error
0x1400ADBD0	0xADBD0	17	globalarrays	original/globalarrays.cpp	std::vector<void *,std::allocator<void *> >::_Xlength
0x1400ADBF0	0xADBF0	66	globalarrays	original/globalarrays.cpp	std::allocator<void *>::deallocate
0x1400ADC40	0xADC40	1660	globalarrays	original/globalarrays.cpp	addPtr
0x1400AE2C0	0xAE2C0	324	globalarrays	original/globalarrays.cpp	getPtr
0x1400AE410	0xAE410	1977	globalarrays	original/globalarrays.cpp	initArrays
0x1400AEBD0	0xAEBD0	45	input	original/input.c	ClearInput
0x1400AEC00	0xAEC00	291	input	original/input.c	PadGone
0x1400AED30	0xAED30	84	input	original/input.c	clearShockers
0x1400AED90	0xAED90	182	input	original/input.c	feedback_startEffect
0x1400AEE50	0xAEE50	247	input	original/input.c	handleShockers
0x1400AEF50	0xAEF50	5	input	original/input.c	initInput
0x1400AEF60	0xAEF60	16	input	original/input.c	initPSXPad
0x1400AEF70	0xAEF70	189	input	original/input.c	input_ReadControlPad
0x1400AF030	0xAF030	195	input	original/input.c	maskPadBits
0x1400AF100	0xAF100	25	input	original/input.c	psxUpdatePadbits
0x1400AF120	0xAF120	121	input	original/input.c	startRumble
0x1400AF1A0	0xAF1A0	19	intersec	original/intersec.c	HitSomething
0x1400AF1C0	0xAF1C0	148	intersec	original/intersec.c	LineAndPlane
0x1400AF260	0xAF260	299	intersec	original/intersec.c	MoveObject
0x1400AF390	0xAF390	474	intersec	original/intersec.c	MoveObjectNormal
0x1400AF570	0xAF570	2626	intersec	original/intersec.c	RaycastCheck
0x1400AFFC0	0xAFFC0	239	intersec	original/intersec.c	RaycastCheckSV
0x1400B00B0	0xB00B0	420	intersec	original/intersec.c	cliptofrustrum
0x1400B0260	0xB0260	526	intersec	original/intersec.c	cliptofrustrumSV
0x1400B0470	0xB0470	742	intersec	original/intersec.c	intersec_FindWalkHeight
0x1400B0760	0xB0760	73	intersec	original/intersec.c	intersec_FindWalkHeightFV
0x1400B07B0	0xB07B0	70	intersec	original/intersec.c	intersec_FindWalkHeightSV
0x1400B0800	0xB0800	517	intersec	original/intersec.c	intersec_GeneralCheck
0x1400B0A10	0xB0A10	627	intersec	original/intersec.c	raycastpoly
0x1400B0C90	0xB0C90	653	intersec	original/intersec.c	raycheckgeneral
0x1400B0F20	0xB0F20	389	intersec	original/intersec.c	zapcheck
0x1400B10B0	0xB10B0	57	jedi	original/jedi.c	CVECTOR_Equals
0x1400B10F0	0xB10F0	99	jedi	original/jedi.c	jedi_CalcBonusLevels
0x1400B1160	0xB1160	457	jedi	original/jedi.c	jedi_CalcSkillLevels
0x1400B1330	0xB1330	29	jedi	original/jedi.c	jedi_CanToggleSaber
0x1400B1350	0xB1350	225	jedi	original/jedi.c	jedi_CheckValidLevel
0x1400B1440	0xB1440	88	jedi	original/jedi.c	jedi_CheckValidPlayer
0x1400B14A0	0xB14A0	73	jedi	original/jedi.c	jedi_CheckValidPlayerNGP
0x1400B14F0	0xB14F0	248	jedi	original/jedi.c	jedi_CheckValidPlayerWTabs
0x1400B15F0	0xB15F0	297	jedi	original/jedi.c	jedi_CheckValidVersus
0x1400B1720	0xB1720	356	jedi	original/jedi.c	jedi_ConvertToTextIndex
0x1400B1890	0xB1890	614	jedi	original/jedi.c	jedi_DrawBlur
0x1400B1B00	0xB1B00	736	jedi	original/jedi.c	jedi_FireWeapon
0x1400B1DE0	0xB1DE0	1125	jedi	original/jedi.c	jedi_GetAwardFlags
0x1400B2250	0xB2250	23	jedi	original/jedi.c	jedi_GetColorSprite
0x1400B2270	0xB2270	23	jedi	original/jedi.c	jedi_GetColour
0x1400B2290	0xB2290	23	jedi	original/jedi.c	jedi_GetColour32
0x1400B22B0	0xB22B0	224	jedi	original/jedi.c	jedi_GetHighestLevel
0x1400B2390	0xB2390	90	jedi	original/jedi.c	jedi_GetLives
0x1400B23F0	0xB23F0	3440	jedi	original/jedi.c	jedi_HandleSabre
0x1400B3160	0xB3160	80	jedi	original/jedi.c	jedi_HasProgression
0x1400B31B0	0xB31B0	105	jedi	original/jedi.c	jedi_InitLives
0x1400B3220	0xB3220	559	jedi	original/jedi.c	jedi_InitPlayer
0x1400B3450	0xB3450	121	jedi	original/jedi.c	jedi_IsMelee
0x1400B34D0	0xB34D0	263	jedi	original/jedi.c	jedi_Main
0x1400B35E0	0xB35E0	506	jedi	original/jedi.c	jedi_SetHighestLevel
0x1400B37E0	0xB37E0	2806	jedi	original/jedi.c	jedi_ShowCombos
0x1400B42E0	0xB42E0	441	jedi	original/jedi.c	jedi_ShowSecrets
0x1400B44A0	0xB44A0	24	jedi	original/jedi.c	jedi_ShowStats
0x1400B44C0	0xB44C0	145	jedi	original/jedi.c	jedi_ToggleSaberColor
0x1400B4560	0xB4560	92	jedi	original/jedi.c	tusken_stab
0x1400B45C0	0xB45C0	912	jonny	original/jonny.c	BlockBuster
0x1400B4950	0xB4950	94	jonny	original/jonny.c	ExtraCharacterEnvironmentEffectExceptions
0x1400B49B0	0xB49B0	378	jonny	original/jonny.c	HitsHit
0x1400B4B30	0xB4B30	644	jonny	original/jonny.c	InitJPX
0x1400B4DC0	0xB4DC0	407	jonny	original/jonny.c	MTV
0x1400B4F60	0xB4F60	3	jonny	original/jonny.c	band_lights
0x1400B4F70	0xB4F70	3	jonny	original/jonny.c	calc_frustrum
0x1400B4F80	0xB4F80	40	jonny	original/jonny.c	clear_eventlist
0x1400B4FB0	0xB4FB0	3	jonny	original/jonny.c	contraband_cluts
0x1400B4FC0	0xB4FC0	3	jonny	original/jonny.c	contraband_lights
0x1400B4FD0	0xB4FD0	620	jonny	original/jonny.c	intersec_WankCheck
0x1400B5240	0xB5240	533	jonny	original/jonny.c	jon_getlibpart
0x1400B5460	0xB5460	1062	jonny	original/jonny.c	jon_getlibpartfloat
0x1400B5890	0xB5890	451	jonny	original/jonny.c	jon_getlibpartint32_t
0x1400B5A60	0xB5A60	3	jonny	original/jonny.c	jon_otagpos
0x1400B5A70	0xB5A70	3	jonny	original/jonny.c	jon_plumbgeneral
0x1400B5A80	0xB5A80	1169	jonny	original/jonny.c	jon_plumbline
0x1400B5F20	0xB5F20	3	jonny	original/jonny.c	jon_texscroll
0x1400B5F30	0xB5F30	4	jonny	original/jonny.c	jpb_render
0x1400B5F40	0xB5F40	938	jonny	original/jonny.c	makecull
0x1400B62F0	0xB62F0	122	jonny	original/jonny.c	restore_events
0x1400B6370	0xB6370	3	jonny	original/jonny.c	set_camera
0x1400B6380	0xB6380	3	jonny	original/jonny.c	spack_frustrum
0x1400B6390	0xB6390	3	jonny	original/jonny.c	spackdivver_frustrum
0x1400B63A0	0xB63A0	132	level	original/level.c	BigPinkPulsatingShaft
0x1400B6430	0xB6430	522	level	original/level.c	bigcheck
0x1400B6640	0xB6640	479	level	original/level.c	boxcheck
0x1400B6820	0xB6820	294	level	original/level.c	calcboxcoord
0x1400B6950	0xB6950	5257	level	original/level.c	core_specials
0x1400B7DE0	0xB7DE0	271	level	original/level.c	corecheck0
0x1400B7EF0	0xB7EF0	279	level	original/level.c	corecheck1
0x1400B8010	0xB8010	498	level	original/level.c	corecheck2
0x1400B8210	0xB8210	202	level	original/level.c	corecheck3
0x1400B82E0	0xB82E0	375	level	original/level.c	corefloorglow
0x1400B8460	0xB8460	585	level	original/level.c	drawbigpoly
0x1400B86B0	0xB86B0	746	level	original/level.c	drawsomecrappywater
0x1400B89A0	0xB89A0	339	level	original/level.c	glowdeath
0x1400B8B00	0xB8B00	563	level	original/level.c	level_Arena
0x1400B8D40	0xB8D40	248	level	original/level.c	level_CoreWater
0x1400B8E40	0xB8E40	341	level	original/level.c	level_Corus
0x1400B8FA0	0xB8FA0	1591	level	original/level.c	level_CountDown
0x1400B95E0	0xB95E0	385	level	original/level.c	level_Fed
0x1400B9770	0xB9770	738	level	original/level.c	level_Hangar
0x1400B9A60	0xB9A60	59	level	original/level.c	level_InitSpecials
0x1400B9AA0	0xB9AA0	1289	level	original/level.c	level_Mini1
0x1400B9FB0	0xB9FB0	603	level	original/level.c	level_Mini2
0x1400BA210	0xBA210	1428	level	original/level.c	level_Mini3
0x1400BA7B0	0xBA7B0	155	level	original/level.c	level_Mini4
0x1400BA850	0xBA850	528	level	original/level.c	level_Palace
0x1400BAA60	0xBAA60	137	level	original/level.c	level_Palace_KillOffscreenBoss
0x1400BAAF0	0xBAAF0	327	level	original/level.c	level_Ruins
0x1400BAC40	0xBAC40	1106	level	original/level.c	level_SparkRoom
0x1400BB0A0	0xBB0A0	384	level	original/level.c	level_Theed
0x1400BB220	0xBB220	360	level	original/level.c	oldlevel_Mini3
0x1400BB390	0xBB390	457	level	original/level.c	plotmaze
0x1400BB560	0xBB560	364	level	original/level.c	plotnode
0x1400BB6D0	0xBB6D0	115	level	original/level.c	standingonit
0x1400BB750	0xBB750	3	linkstubs	original/linkstubs.c	AddPrim
0x1400BB760	0xBB760	3	linkstubs	original/linkstubs.c	CdInit
0x1400BB770	0xBB770	3	linkstubs	original/linkstubs.c	ChangeClearPAD
0x1400BB780	0xBB780	3	linkstubs	original/linkstubs.c	ClearOTagR
0x1400BB790	0xBB790	8	linkstubs	original/linkstubs.c	CopyMemLong
0x1400BB7A0	0xBB7A0	3	linkstubs	original/linkstubs.c	DEL_subdivide_gt4_asm
0x1400BB7B0	0xBB7B0	3	linkstubs	original/linkstubs.c	DrawOTag
0x1400BB7C0	0xBB7C0	3	linkstubs	original/linkstubs.c	DrawPrim
0x1400BB7D0	0xBB7D0	3	linkstubs	original/linkstubs.c	DrawSync
0x1400BB7E0	0xBB7E0	3	linkstubs	original/linkstubs.c	ExitCriticalSection
0x1400BB7F0	0xBB7F0	3	linkstubs	original/linkstubs.c	FntLoad
0x1400BB800	0xBB800	3	linkstubs	original/linkstubs.c	GetClut
0x1400BB810	0xBB810	3	linkstubs	original/linkstubs.c	GetTPage
0x1400BB820	0xBB820	3	linkstubs	original/linkstubs.c	InitGeom
0x1400BB830	0xBB830	3	linkstubs	original/linkstubs.c	InitTAP
0x1400BB840	0xBB840	3	linkstubs	original/linkstubs.c	LoadAddress1
0x1400BB850	0xBB850	3	linkstubs	original/linkstubs.c	LoadAddress2
0x1400BB860	0xBB860	3	linkstubs	original/linkstubs.c	LoadClut
0x1400BB870	0xBB870	3	linkstubs	original/linkstubs.c	LoadImage
0x1400BB880	0xBB880	3	linkstubs	original/linkstubs.c	OpenTIM
0x1400BB890	0xBB890	3	linkstubs	original/linkstubs.c	PutDispEnv
0x1400BB8A0	0xBB8A0	3	linkstubs	original/linkstubs.c	PutDrawEnv
0x1400BB8B0	0xBB8B0	3	linkstubs	original/linkstubs.c	ReadTIM
0x1400BB8C0	0xBB8C0	3	linkstubs	original/linkstubs.c	RenderLibPart
0x1400BB8D0	0xBB8D0	3	linkstubs	original/linkstubs.c	SelectMask
0x1400BB8E0	0xBB8E0	3	linkstubs	original/linkstubs.c	SetBackColor
0x1400BB8F0	0xBB8F0	3	linkstubs	original/linkstubs.c	SetCameraMatrix
0x1400BB900	0xBB900	3	linkstubs	original/linkstubs.c	SetColorMatrix
0x1400BB910	0xBB910	3	linkstubs	original/linkstubs.c	SetDefDrawEnv
0x1400BB920	0xBB920	3	linkstubs	original/linkstubs.c	SetDispMask
0x1400BB930	0xBB930	3	linkstubs	original/linkstubs.c	SetDrawArea
0x1400BB940	0xBB940	3	linkstubs	original/linkstubs.c	SetDrawMode
0x1400BB950	0xBB950	3	linkstubs	original/linkstubs.c	SetDumpFnt
0x1400BB960	0xBB960	3	linkstubs	original/linkstubs.c	SetPolyFT4
0x1400BB970	0xBB970	3	linkstubs	original/linkstubs.c	SetPolyG4
0x1400BB980	0xBB980	33	linkstubs	original/linkstubs.c	SetRotMatrix
0x1400BB9B0	0xBB9B0	3	linkstubs	original/linkstubs.c	SetSemiTrans
0x1400BB9C0	0xBB9C0	3	linkstubs	original/linkstubs.c	SetShadeTex
0x1400BB9D0	0xBB9D0	3	linkstubs	original/linkstubs.c	SetTexWindow
0x1400BB9E0	0xBB9E0	33	linkstubs	original/linkstubs.c	SetTransMatrix
0x1400BBA10	0xBBA10	3	linkstubs	original/linkstubs.c	StoreImage
0x1400BBA20	0xBBA20	3	linkstubs	original/linkstubs.c	VSync
0x1400BBA30	0xBBA30	3	linkstubs	original/linkstubs.c	_HandleBackDrop
0x1400BBA40	0xBBA40	3	linkstubs	original/linkstubs.c	closeFileLog
0x1400BBA50	0xBBA50	3	linkstubs	original/linkstubs.c	debug_string
0x1400BBA60	0xBBA60	3	linkstubs	original/linkstubs.c	debug_string3
0x1400BBA70	0xBBA70	3	linkstubs	original/linkstubs.c	findMTD_TIM
0x1400BBA80	0xBBA80	14	linkstubs	original/linkstubs.c	getScratchAddr
0x1400BBA90	0xBBA90	3	linkstubs	original/linkstubs.c	openFileLog
0x1400BBAA0	0xBBAA0	3	linkstubs	original/linkstubs.c	openXamLog
0x1400BBAB0	0xBBAB0	3	linkstubs	original/linkstubs.c	platform_boostCPU
0x1400BBAC0	0xBBAC0	3	linkstubs	original/linkstubs.c	platform_completeLevel
0x1400BBAD0	0xBBAD0	3	linkstubs	original/linkstubs.c	platform_enterLevel
0x1400BBAE0	0xBBAE0	3	linkstubs	original/linkstubs.c	platform_isSuspended
0x1400BBAF0	0xBBAF0	3	linkstubs	original/linkstubs.c	platform_unboostCPU
0x1400BBB00	0xBBB00	3	linkstubs	original/linkstubs.c	timeGetTime
0x1400BBB10	0xBBB10	3	linkstubs	original/linkstubs.c	vram_CopyClut
0x1400BBB20	0xBBB20	3	linkstubs	original/linkstubs.c	vram_MakeTranslucentPalette
0x1400BBB30	0xBBB30	3	linkstubs	original/linkstubs.c	vram_ScalePalette
0x1400BBB40	0xBBB40	3	linkstubs	original/linkstubs.c	vram_gAssignClutId
0x1400BBB50	0xBBB50	3	linkstubs	original/linkstubs.c	vram_gAssignTPage
0x1400BBB60	0xBBB60	3	linkstubs	original/linkstubs.c	vram_gChangeTPageMode
0x1400BBB70	0xBBB70	3	linkstubs	original/linkstubs.c	vram_gGetOpenPalettePos
0x1400BBB80	0xBBB80	3	linkstubs	original/linkstubs.c	vram_gLoadPalette
0x1400BBB90	0xBBB90	3	linkstubs	original/linkstubs.c	vram_gLoadTexture
0x1400BBBA0	0xBBBA0	3	linkstubs	original/linkstubs.c	vram_gResetVram
0x1400BBBB0	0xBBBB0	29	list	original/list.c	list_AddHead
0x1400BBBD0	0xBBBD0	36	list	original/list.c	list_AddTail
0x1400BBC00	0xBBC00	10	list	original/list.c	list_InitList
0x1400BBC10	0xBBC10	9	list	original/list.c	list_IsListEmpty
0x1400BBC20	0xBBC20	69	list	original/list.c	list_MoveList
0x1400BBC70	0xBBC70	34	list	original/list.c	list_RemoveHead
0x1400BBCA0	0xBBCA0	79	list	original/list.c	list_RemoveNode
0x1400BBCF0	0xBBCF0	3	list	original/list.c	list_RemoveTail
0x1400BBD00	0xBBD00	14	loader	original/loader.c	IsPlayerCharacter
0x1400BBD10	0xBBD10	135	loader	original/loader.c	getNodeByName
0x1400BBDA0	0xBBDA0	48	loader	original/loader.c	initDataArrays
0x1400BBDD0	0xBBDD0	548	loader	original/loader.c	loadPowerupModels
0x1400BC000	0xBC000	169	loader	original/loader.c	loader_CreateCharacter
0x1400BC0B0	0xBC0B0	1114	loader	original/loader.c	loader_CreateEnemy
0x1400BC510	0xBC510	15	loader	original/loader.c	loader_GetALevelName
0x1400BC520	0xBC520	15	loader	original/loader.c	loader_GetEnemyName
0x1400BC530	0xBC530	20	loader	original/loader.c	loader_GetLevelName
0x1400BC550	0xBC550	15	loader	original/loader.c	loader_GetModelName
0x1400BC560	0xBC560	1316	loader	original/loader.c	loader_LevelLoad
0x1400BCA90	0xBCA90	791	loader	original/loader.c	loader_LoadJedi
0x1400BCDB0	0xBCDB0	244	loader	original/loader.c	loader_LoadJediCAD
0x1400BCEB0	0xBCEB0	347	loader	original/loader.c	loader_LoadJediCMB
0x1400BD010	0xBD010	2577	loader	original/loader.c	loader_PostCreatePlayer
0x1400BDA30	0xBDA30	654	loader	original/loader.c	loader_loadEnemies
0x1400BDCC0	0xBDCC0	832	loader	original/loader.c	loader_loadJarJarOverrideModel
0x1400BE000	0xBE000	193	loader	original/loader.c	loader_loadJediBMD
0x1400BE0D0	0xBE0D0	3	main	original/main.c	card_gInitVariables
0x1400BE0E0	0xBE0E0	70	main	original/main.c	console_CommandPause
0x1400BE130	0xBE130	104	main	original/main.c	console_CommandStep
0x1400BE1A0	0xBE1A0	155	main	original/main.c	initialize_main
0x1400BE240	0xBE240	3	mapanim	original/mapanim.c	bapmanim_Activate
0x1400BE250	0xBE250	3	mapanim	original/mapanim.c	bapmanim_DeActivate
0x1400BE260	0xBE260	735	mapanim	original/mapanim.c	btanplay_BuildMatrices
0x1400BE540	0xBE540	447	mapanim	original/mapanim.c	btanplay_GetEntryValues
0x1400BE700	0xBE700	3	mapanim	original/mapanim.c	manim_HandleMapAnims
0x1400BE710	0xBE710	6	mapanim	original/mapanim.c	manim_InitAnim
0x1400BE720	0xBE720	856	mapanim	original/mapanim.c	manim_UpdateMapAnim
0x1400BEA80	0xBEA80	65	memory	original/memory.c	memory_FlushMemoryPool
0x1400BEAD0	0xBEAD0	75	memory	original/memory.c	memory_InitMemoryPool
0x1400BEB20	0xBEB20	217	memory	original/memory.c	memory_InitMemorySystem
0x1400BEC00	0xBEC00	39	memory	original/memory.c	memory_gCalloc
0x1400BEC30	0xBEC30	107	memory	original/memory.c	memory_gCallocAnyMemory
0x1400BECA0	0xBECA0	298	memory	original/memory.c	memory_gCallocMemoryFunc
0x1400BEDD0	0xBEDD0	98	memory	original/memory.c	memory_gDrainMemoryPool
0x1400BEE40	0xBEE40	75	memory	original/memory.c	memory_gMemUseage
0x1400BEE90	0xBEE90	7	memory	original/memory.c	memory_gSetDefaultMemoryType
0x1400BEEA0	0xBEEA0	91	memory	original/memory.c	memory_gTestMemoryPool
0x1400BF2B0	0xBF2B0	11	menu	original/menu.c	SetGlobalColorDefault
0x1400BF2C0	0xBF2C0	57	menu	original/menu.c	SetGlobalDST
0x1400BF300	0xBF300	229	menu	original/menu.c	cheatCheck
0x1400BF3F0	0xBF3F0	196	menu	original/menu.c	cheatCheckKeyboard
0x1400BF4C0	0xBF4C0	154	menu	original/menu.c	checkKeyboardBuffer
0x1400BF560	0xBF560	58	menu	original/menu.c	clearMenuStuff
0x1400BF5A0	0xBF5A0	57	menu	original/menu.c	comboSubset
0x1400BF5E0	0xBF5E0	386	menu	original/menu.c	drawControlsIcon
0x1400BF770	0xBF770	350	menu	original/menu.c	drawControlsIconTraining
0x1400BF8D0	0xBF8D0	956	menu	original/menu.c	drawDropForceMess
0x1400BFC90	0xBFC90	1230	menu	original/menu.c	drawScoreMenus
0x1400C0160	0xC0160	182	menu	original/menu.c	fixPSPos
0x1400C0220	0xC0220	302	menu	original/menu.c	genComboStrings
0x1400C0350	0xC0350	1173	menu	original/menu.c	getControllerTextures
0x1400C07F0	0xC07F0	3	menu	original/menu.c	initSaveMenu
0x1400C0800	0xC0800	1553	menu	original/menu.c	initsavegamestruct
0x1400C0E20	0xC0E20	231	menu	original/menu.c	loadVRM
0x1400C0F10	0xC0F10	103	menu	original/menu.c	menuBucketFront
0x1400C0F80	0xC0F80	93	menu	original/menu.c	menuBucketSavegame
0x1400C0FE0	0xC0FE0	1149	menu	original/menu.c	menuConceptMenu
0x1400C1460	0xC1460	3	menu	original/menu.c	menuLoadSelectTextures
0x1400C1470	0xC1470	167	menu	original/menu.c	menuPreString
0x1400C1520	0xC1520	158	menu	original/menu.c	menuPushKey
0x1400C15C0	0xC15C0	5	menu	original/menu.c	menu_CheckValidLevel
0x1400C15D0	0xC15D0	28	menu	original/menu.c	menu_ClearScreenSaver
0x1400C15F0	0xC15F0	396	menu	original/menu.c	menu_DisplayMessage
0x1400C1780	0xC1780	192	menu	original/menu.c	menu_DrawArrows
0x1400C1840	0xC1840	885	menu	original/menu.c	menu_DrawOnePlayer
0x1400C1BC0	0xC1BC0	1346	menu	original/menu.c	menu_DrawTwoPlayer
0x1400C2110	0xC2110	3	menu	original/menu.c	menu_FormatMenu
0x1400C2120	0xC2120	74	menu	original/menu.c	menu_JumpCheckPoint
0x1400C2170	0xC2170	3	menu	original/menu.c	menu_NOLOAD
0x1400C2180	0xC2180	92	menu	original/menu.c	menu_RadarCheat
0x1400C21E0	0xC21E0	43	menu	original/menu.c	menu_addTotal
0x1400C2210	0xC2210	124	menu	original/menu.c	menu_applyvideooptions
0x1400C2290	0xC2290	708	menu	original/menu.c	menu_buildComboString
0x1400C2560	0xC2560	262	menu	original/menu.c	menu_calcCompletionPoints
0x1400C2670	0xC2670	57	menu	original/menu.c	menu_calcTbarspeed
0x1400C26B0	0xC26B0	52	menu	original/menu.c	menu_cameraChange
0x1400BEFC0	0xBEFC0	70	menu	original/menu.c	menu_changeSaberCheck
0x1400C26F0	0xC26F0	628	menu	original/menu.c	menu_checkAbortOrPause
0x1400C2970	0xC2970	113	menu	original/menu.c	menu_checkCombo
0x1400C29F0	0xC29F0	152	menu	original/menu.c	menu_checkMiniMod
0x1400C2A90	0xC2A90	3	menu	original/menu.c	menu_checkSoftReset
0x1400C2AA0	0xC2AA0	33	menu	original/menu.c	menu_checkTitleReload
0x1400BF2A0	0xBF2A0	13	menu	original/menu.c	menu_concept
0x1400C2AD0	0xC2AD0	47	menu	original/menu.c	menu_continueGame
0x1400BF280	0xBF280	6	menu	original/menu.c	menu_controlCK
0x1400C2B00	0xC2B00	120	menu	original/menu.c	menu_controlDisconnect
0x1400C2B80	0xC2B80	63	menu	original/menu.c	menu_copyCouncil
0x1400C2BC0	0xC2BC0	1022	menu	original/menu.c	menu_councilPos
0x1400C2FC0	0xC2FC0	68	menu	original/menu.c	menu_decAwardLevel
0x1400C3010	0xC3010	284	menu	original/menu.c	menu_demoMovie
0x1400C3130	0xC3130	87	menu	original/menu.c	menu_drawBigNum
0x1400C3190	0xC3190	289	menu	original/menu.c	menu_drawBigNums
0x1400C32C0	0xC32C0	298	menu	original/menu.c	menu_drawBigScore
0x1400C33F0	0xC33F0	3	menu	original/menu.c	menu_drawColorPoly
0x1400C3400	0xC3400	3	menu	original/menu.c	menu_drawColorPolyG4
0x1400C3410	0xC3410	537	menu	original/menu.c	menu_drawCombos
0x1400C3630	0xC3630	230	menu	original/menu.c	menu_drawController
0x1400C3720	0xC3720	831	menu	original/menu.c	menu_drawCredits
0x1400C3A60	0xC3A60	1678	menu	original/menu.c	menu_drawEULA
0x1400C40F0	0xC40F0	1626	menu	original/menu.c	menu_drawLevelSelectScreen
0x1400C4750	0xC4750	1697	menu	original/menu.c	menu_drawLevelSelectScreen_OLD
0x1400C4E00	0xC4E00	1716	menu	original/menu.c	menu_drawPlayerSelect
0x1400C54C0	0xC54C0	457	menu	original/menu.c	menu_drawReconnect
0x1400C5690	0xC5690	364	menu	original/menu.c	menu_drawScoreMovers
0x1400C5800	0xC5800	7640	menu	original/menu.c	menu_drawScoreScreen
0x1400C75E0	0xC75E0	1240	menu	original/menu.c	menu_drawSelectBox
0x1400C7AC0	0xC7AC0	269	menu	original/menu.c	menu_drawSelector
0x1400C7BD0	0xC7BD0	528	menu	original/menu.c	menu_drawSelectors
0x1400C7DE0	0xC7DE0	365	menu	original/menu.c	menu_dumpMemory
0x1400C7F50	0xC7F50	19	menu	original/menu.c	menu_endGame
0x1400C7F70	0xC7F70	373	menu	original/menu.c	menu_enterPauseMode
0x1400C80F0	0xC80F0	770	menu	original/menu.c	menu_enterPlayerCouncilMode
0x1400C8400	0xC8400	479	menu	original/menu.c	menu_enterScoreMode
0x1400C85E0	0xC85E0	87	menu	original/menu.c	menu_enterTitleMode
0x1400C8640	0xC8640	225	menu	original/menu.c	menu_fadeBG
0x1400C8730	0xC8730	3	menu	original/menu.c	menu_finishloadGame
0x1400BEFA0	0xBEFA0	23	menu	original/menu.c	menu_forceCK
0x1400BF010	0xBF010	8	menu	original/menu.c	menu_gameContinue
0x1400C8740	0xC8740	156	menu	original/menu.c	menu_grayBars
0x1400C87E0	0xC87E0	3013	menu	original/menu.c	menu_handleMenuTriggers
0x1400C93B0	0xC93B0	388	menu	original/menu.c	menu_handleMovers
0x1400C9540	0xC9540	168	menu	original/menu.c	menu_handleObjectiveMessage
0x1400C95F0	0xC95F0	240	menu	original/menu.c	menu_handleUnformatted
0x1400BEF80	0xBEF80	21	menu	original/menu.c	menu_healthCK
0x1400C96E0	0xC96E0	156	menu	original/menu.c	menu_initCredits
0x1400C9780	0xC9780	157	menu	original/menu.c	menu_initEULA
0x1400C9820	0xC9820	109	menu	original/menu.c	menu_initGameover
0x1400C9890	0xC9890	649	menu	original/menu.c	menu_initLevelSelectScreen
0x1400C9B20	0xC9B20	348	menu	original/menu.c	menu_initLoadBar
0x1400C9C80	0xC9C80	2500	menu	original/menu.c	menu_initNewMenu
0x1400CA650	0xCA650	49	menu	original/menu.c	menu_initPlayerSelect
0x1400CA690	0xCA690	3	menu	original/menu.c	menu_initReconnect
0x1400CA6A0	0xCA6A0	1299	menu	original/menu.c	menu_initScoreScreen
0x1400CABC0	0xCABC0	3	menu	original/menu.c	menu_initTitleLoad
0x1400CABD0	0xCABD0	3	menu	original/menu.c	menu_initialLoad
0x1400CABE0	0xCABE0	60	menu	original/menu.c	menu_killLoadScreen
0x1400CAC20	0xCAC20	15	menu	original/menu.c	menu_levelSelect
0x1400CAC30	0xCAC30	449	menu	original/menu.c	menu_levelSelectMenu
0x1400CAE00	0xCAE00	3	menu	original/menu.c	menu_loadFrontEndArt
0x1400CAE10	0xCAE10	3	menu	original/menu.c	menu_loadGame
0x1400CAE20	0xCAE20	8	menu	original/menu.c	menu_mainExitMenu
0x1400CAE30	0xCAE30	330	menu	original/menu.c	menu_mainInitMenu
0x1400CAF80	0xCAF80	9688	menu	original/menu.c	menu_mainLoop
0x1400CD560	0xCD560	976	menu	original/menu.c	menu_mainMenu
0x1400CD930	0xCD930	104	menu	original/menu.c	menu_menuExit
0x1400CD9A0	0xCD9A0	58	menu	original/menu.c	menu_menuMusic
0x1400CD9E0	0xCD9E0	3	menu	original/menu.c	menu_mkEmptySaveGame
0x1400CD9F0	0xCD9F0	644	menu	original/menu.c	menu_nextMMV
0x1400CDC80	0xCDC80	23	menu	original/menu.c	menu_nukePrimo
0x1400CDCA0	0xCDCA0	3	menu	original/menu.c	menu_overLifeBars
0x1400BEF00	0xBEF00	117	menu	original/menu.c	menu_playerSelectCheck
0x1400CDCB0	0xCDCB0	91	menu	original/menu.c	menu_popMenu
0x1400CDD10	0xCDD10	107	menu	original/menu.c	menu_pushMenu
0x1400CDD80	0xCDD80	609	menu	original/menu.c	menu_readControl
0x1400CDFF0	0xCDFF0	1119	menu	original/menu.c	menu_redrawLoadscreen
0x1400CE450	0xCE450	3	menu	original/menu.c	menu_resetMemcardFlags
0x1400CE460	0xCE460	8	menu	original/menu.c	menu_resetSaveMenu
0x1400CE470	0xCE470	15	menu	original/menu.c	menu_restartLevel
0x1400CE480	0xCE480	165	menu	original/menu.c	menu_rotControls
0x1400CE530	0xCE530	88	menu	original/menu.c	menu_runTitleLoad
0x1400CE590	0xCE590	3	menu	original/menu.c	menu_saveGame
0x1400CE5A0	0xCE5A0	5	menu	original/menu.c	menu_saveGameTriggered
0x1400CE5B0	0xCE5B0	8	menu	original/menu.c	menu_saveMCARDError
0x1400CE5C0	0xCE5C0	8	menu	original/menu.c	menu_saveMCARDSelect
0x1400CE5D0	0xCE5D0	104	menu	original/menu.c	menu_scanAllLevels
0x1400CE640	0xCE640	8	menu	original/menu.c	menu_scanProtection
0x1400BF020	0xBF020	608	menu	original/menu.c	menu_scoreComboDraw
0x1400CE650	0xCE650	149	menu	original/menu.c	menu_scoreSmackdown
0x1400CE6F0	0xCE6F0	197	menu	original/menu.c	menu_screenSaver
0x1400CE7C0	0xCE7C0	7	menu	original/menu.c	menu_setCanShowRegisterGame
0x1400CE7D0	0xCE7D0	3	menu	original/menu.c	menu_setDrawSurface
0x1400CE7E0	0xCE7E0	108	menu	original/menu.c	menu_setNumPlayers
0x1400CE850	0xCE850	303	menu	original/menu.c	menu_setPlayer
0x1400CE980	0xCE980	13	menu	original/menu.c	menu_setPointSeek
0x1400CE990	0xCE990	256	menu	original/menu.c	menu_setScoreMode
0x1400CEA90	0xCEA90	25	menu	original/menu.c	menu_setShockOption
0x1400CEAB0	0xCEAB0	497	menu	original/menu.c	menu_showCouncil
0x1400CECB0	0xCECB0	3	menu	original/menu.c	menu_showGameMode
0x1400CECC0	0xCECC0	3	menu	original/menu.c	menu_showSaves
0x1400CECD0	0xCECD0	18	menu	original/menu.c	menu_showVRAMBackground
0x1400CECF0	0xCECF0	573	menu	original/menu.c	menu_slideco
0x1400CEF30	0xCEF30	282	menu	original/menu.c	menu_slideco_a
0x1400CF050	0xCF050	42	menu	original/menu.c	menu_sound
0x1400CF080	0xCF080	246	menu	original/menu.c	menu_specialMess
0x1400CF180	0xCF180	49	menu	original/menu.c	menu_startAcceptDecline
0x1400CF1C0	0xCF1C0	62	menu	original/menu.c	menu_startTraining
0x1400CF200	0xCF200	16	menu	original/menu.c	menu_tempClearTrigger
0x1400CF210	0xCF210	34	menu	original/menu.c	menu_triggerMovie
0x1400BF290	0xBF290	13	menu	original/menu.c	menu_ultimate
0x1400CF240	0xCF240	4976	menu	original/menu.c	menu_winLoadTextures
0x1400D05B0	0xD05B0	375	menu	original/menu.c	menu_writexainfo
0x1400D0730	0xD0730	141	menu	original/menu.c	mmDecVar
0x1400D07C0	0xD07C0	86	menu	original/menu.c	mmDraw
0x1400D0820	0xD0820	3	menu	original/menu.c	mmDrawCard
0x1400D0830	0xD0830	1003	menu	original/menu.c	mmDrawItem
0x1400D0C20	0xD0C20	3	menu	original/menu.c	mmDrawMisc
0x1400D0C30	0xD0C30	859	menu	original/menu.c	mmDrawMod
0x1400D0F90	0xD0F90	3459	menu	original/menu.c	mmDrawsub
0x1400D1D20	0xD1D20	104	menu	original/menu.c	mmGetModVal
0x1400D1D90	0xD1D90	127	menu	original/menu.c	mmIncVar
0x1400D1E10	0xD1E10	33	menu	original/menu.c	mmNextCode
0x1400D1E40	0xD1E40	148	menu	original/menu.c	mmSetModVal
0x1400D1EE0	0xD1EE0	797	menu	original/menu.c	mmUpdateModSet
0x1400D2200	0xD2200	3	menu	original/menu.c	mmvInitScore
0x1400D2210	0xD2210	3	menu	original/menu.c	mmvRunScore
0x1400D2220	0xD2220	456	menu	original/menu.c	newDrawControllerIcon
0x1400D23F0	0xD23F0	449	menu	original/menu.c	newDrawControllerIconDepth
0x1400D25C0	0xD25C0	359	menu	original/menu.c	newMenu_DrawArrows
0x1400D2730	0xD2730	3	menu	original/menu.c	newMenu_DrawMessageBox
0x1400D2740	0xD2740	4470	menu	original/menu.c	newMenu_DrawP1CharacterSelect
0x1400D38C0	0xD38C0	6195	menu	original/menu.c	newMenu_DrawP2CharacterSelect
0x1400D5100	0xD5100	3285	menu	original/menu.c	newMenu_DrawTraining
0x1400D5DE0	0xD5DE0	2311	menu	original/menu.c	newMenu_DrawVSMode
0x1400D66F0	0xD66F0	438	menu	original/menu.c	newMenu_GetVSExtraPlayer
0x1400D68B0	0xD68B0	953	menu	original/menu.c	newMenu_P1CharacterSelect
0x1400D6C70	0xD6C70	1729	menu	original/menu.c	newMenu_P2CharacterSelect
0x1400D7340	0xD7340	1040	menu	original/menu.c	newMenu_PlayerSelect
0x1400D7750	0xD7750	52	menu	original/menu.c	newMenu_SelectPlayers
0x1400D7790	0xD7790	1024	menu	original/menu.c	newMenu_Training
0x1400D7B90	0xD7B90	1051	menu	original/menu.c	newMenu_VSMode
0x1400D7FB0	0xD7FB0	569	menu	original/menu.c	redlineFunc
0x1400D81F0	0xD81F0	4991	menu	original/menu.c	runControlsMenu
0x1400D9570	0xD9570	3	menu	original/menu.c	runInitialMemcard
0x1400D9580	0xD9580	3	menu	original/menu.c	runSaveMenu
0x1400D9590	0xD9590	45	menu	original/menu.c	scoreloadart
0x1400D95C0	0xD95C0	244	menu	original/menu.c	testcombo
0x1400D96C0	0xD96C0	3	menu	original/menu.c	turnOffBackground
0x1400D96D0	0xD96D0	209	menu	original/menu.c	updatePlayerSelectIndex
0x1400D97B0	0xD97B0	95	model	original/model.c	EndsWith
0x1400D9810	0xD9810	23	model	original/model.c	addTexTrack
0x1400D9830	0xD9830	584	model	original/model.c	console_NodeCommand
0x1400D9A80	0xD9A80	404	model	original/model.c	levTexParseFarce
0x1400D9C20	0xD9C20	88	model	original/model.c	model_GetModel
0x1400D9C80	0xD9C80	107	model	original/model.c	model_GetNodes
0x1400D9CF0	0xD9CF0	158	model	original/model.c	model_InitModels
0x1400D9D90	0xD9D90	705	model	original/model.c	model_MakeNode
0x1400DA060	0xDA060	158	model	original/model.c	model_RegisterModel
0x1400DA100	0xDA100	450	model	original/model.c	model_gInitModelRoot
0x1400DA2D0	0xDA2D0	83	model	original/model.c	pack_checkPage
0x1400DA330	0xDA330	496	model	original/model.c	pack_getVRAM
0x1400DA520	0xDA520	34	model	original/model.c	pack_page
0x1400DA550	0xDA550	12	model	original/model.c	resetTexTrack
0x1400DA560	0xDA560	74	model	original/model.c	resetTexturePacker
0x1400DA5B0	0xDA5B0	32	objroot	original/objroot.c	obj_gCheckObjectFlag
0x1400DA5D0	0xDA5D0	69	objroot	original/objroot.c	obj_gClearObject
0x1400DA620	0xDA620	19	objroot	original/objroot.c	obj_gClrObjectFlag
0x1400DA640	0xDA640	76	objroot	original/objroot.c	obj_gSetChildObject
0x1400DA690	0xDA690	26	objroot	original/objroot.c	obj_gSetObjectFlag
0x1400DA6B0	0xDA6B0	3	overlay	original/overlay.c	ovrlay_CheckForce
0x1400DA6C0	0xDA6C0	3	overlay	original/overlay.c	ovrlay_DoAlphaScreen
0x1400DA6D0	0xDA6D0	3	overlay	original/overlay.c	ovrlay_DoWork
0x1400DA6E0	0xDA6E0	3	overlay	original/overlay.c	ovrlay_InitOverLay
0x1400DA6F0	0xDA6F0	3	overlay	original/overlay.c	ovrlay_SetForceBar
0x1400DA700	0xDA700	3	overlay	original/overlay.c	ovrlay_SetForceGem
0x1400DA710	0xDA710	3	overlay	original/overlay.c	ovrlay_SetLifeBar
0x1400DA720	0xDA720	3	overlay	original/overlay.c	ovrlay_SetStunBar
0x1400DA730	0xDA730	3	overlay	original/overlay.c	ovrlay_gSetBarColor
0x1400DA740	0xDA740	3	overlay	original/overlay.c	ovrlay_gToggleOverlay
0x1400DA750	0xDA750	117	physics	original/physics.c	BigBlowMe
0x1400DA7D0	0xDA7D0	165	physics	original/physics.c	BlowUp
0x1400DA880	0xDA880	450	physics	original/physics.c	BuildNodeVertexList
0x1400DAA50	0xDAA50	517	physics	original/physics.c	BuildSolids
0x1400DAC60	0xDAC60	4212	physics	original/physics.c	CalcMovement
0x1400DBCE0	0xDBCE0	635	physics	original/physics.c	CalcNewBox
0x1400DBF60	0xDBF60	182	physics	original/physics.c	CalcRelativePosFromWorld
0x1400DC020	0xDC020	287	physics	original/physics.c	CalcSolidRelativePos
0x1400DC140	0xDC140	174	physics	original/physics.c	CalcWorldPosFromRelative
0x1400DC1F0	0xDC1F0	216	physics	original/physics.c	CalcWorldRelativePos
0x1400DC2D0	0xDC2D0	791	physics	original/physics.c	CharBlocking
0x1400DC5F0	0xDC5F0	4566	physics	original/physics.c	CheckCubeBlocking
0x1400DD7D0	0xDD7D0	85	physics	original/physics.c	DebugPlayer
0x1400DD830	0xDD830	428	physics	original/physics.c	FindBestMachineGunTarget
0x1400DD9E0	0xDD9E0	450	physics	original/physics.c	LaunchMapAnimEffects
0x1400DDBB0	0xDDBB0	2713	physics	original/physics.c	MovePlayer
0x1400DE650	0xDE650	953	physics	original/physics.c	ProcessPhysicsObjects
0x1400DEA10	0xDEA10	148	physics	original/physics.c	UpdatePublicVars
0x1400DEAB0	0xDEAB0	245	physics	original/physics.c	UpdateSceneObject
0x1400DEBB0	0xDEBB0	1252	physics	original/physics.c	WorldBlocking
0x1400DF0A0	0xDF0A0	342	physics	original/physics.c	buildfrustrum
0x1400DF200	0xDF200	354	physics	original/physics.c	buildplane
0x1400DF370	0xDF370	327	physics	original/physics.c	checkdriving
0x1400DF4C0	0xDF4C0	140	physics	original/physics.c	console_HideMeshCommand
0x1400DF550	0xDF550	140	physics	original/physics.c	console_ShowMeshCommand
0x1400DF5E0	0xDF5E0	132	physics	original/physics.c	dumpmatrix
0x1400DF670	0xDF670	1168	physics	original/physics.c	generalCollide
0x1400DFB00	0xDFB00	3314	physics	original/physics.c	newclosestPoly
0x1400E0800	0xE0800	146	physics	original/physics.c	physics_FindNearestEnemy
0x1400E08A0	0xE08A0	243	physics	original/physics.c	physics_FindWithinRange
0x1400E09A0	0xE09A0	116	physics	original/physics.c	physics_ForceFaceLock
0x1400E0A20	0xE0A20	15	physics	original/physics.c	physics_GetPoly
0x1400E0A30	0xE0A30	169	physics	original/physics.c	physics_InitPhysics
0x1400E0AE0	0xE0AE0	3	physics	original/physics.c	physics_MapAnimCallBack
0x1400E0AF0	0xE0AF0	1574	physics	original/physics.c	physics_ResetJedi
0x1400E1120	0xE1120	486	physics	original/physics.c	physics_gCalcTargetPos
0x1400E1310	0xE1310	135	physics	original/physics.c	physics_gCheckGround
0x1400E13A0	0xE13A0	23	physics	original/physics.c	physics_gClrConstantVector
0x1400E13C0	0xE13C0	263	physics	original/physics.c	physics_gCreateObject
0x1400E14D0	0xE14D0	96	physics	original/physics.c	physics_gFaceTarget
0x1400E1530	0xE1530	122	physics	original/physics.c	physics_gForceFaceTarget
0x1400E15B0	0xE15B0	14	physics	original/physics.c	physics_gGetConstantVector
0x1400E15C0	0xE15C0	132	physics	original/physics.c	physics_gGetFaceTargetDelta
0x1400E1650	0xE1650	17	physics	original/physics.c	physics_gGetFacing
0x1400E1670	0xE1670	197	physics	original/physics.c	physics_gGetNearestTarget
0x1400E1740	0xE1740	204	physics	original/physics.c	physics_gGetNewObject
0x1400E1810	0xE1810	22	physics	original/physics.c	physics_gGetPosition
0x1400E1830	0xE1830	113	physics	original/physics.c	physics_gGetRange
0x1400E18B0	0xE18B0	230	physics	original/physics.c	physics_gInitObjects
0x1400E19A0	0xE19A0	99	physics	original/physics.c	physics_gModFacing
0x1400E1A10	0xE1A10	164	physics	original/physics.c	physics_gSetCharge
0x1400E1AC0	0xE1AC0	32	physics	original/physics.c	physics_gSetConstantVector
0x1400E1AE0	0xE1AE0	40	physics	original/physics.c	physics_gSetFacing
0x1400E1B10	0xE1B10	76	physics	original/physics.c	physics_gSetPosition
0x1400E1B60	0xE1B60	215	physics	original/physics.c	physics_gSetRecoil
0x1400E1C40	0xE1C40	197	physics	original/physics.c	physics_gSnapShotPosition
0x1400E1D10	0xE1D10	43	physics	original/physics.c	physics_gSwapVel
0x1400E1D40	0xE1D40	157	physics	original/physics.c	physics_gTurnToAttack
0x1400E1DE0	0xE1DE0	304	physics	original/physics.c	physics_gTurnToFace
0x1400E1F10	0xE1F10	410	physics	original/physics.c	planecheck
0x1400E20B0	0xE20B0	512	physics	original/physics.c	polycollidecheck
0x1400E22B0	0xE22B0	4699	physics	original/physics.c	sphereAndPoly
0x1400E3510	0xE3510	313	CSteamAchievements	original/platform/steam/CSteamAchievements.cpp	std::basic_string<char,std::char_traits<char>,std::allocator<char> >::basic_string<char,std::char_traits<char>,std::allocator<char> ><char *,0>
0x1400E3650	0xE3650	100	CSteamAchievements	original/platform/steam/CSteamAchievements.cpp	std::operator<<char,std::char_traits<char>,std::allocator<char> >
0x1400E36C0	0xE36C0	191	CSteamAchievements	original/platform/steam/CSteamAchievements.cpp	std::_Tree_val<std::_Tree_simple_types<std::pair<std::basic_string<char,std::char_traits<char>,std::allocator<char> > const ,bool> > >::_Erase_tree<std::allocator<std::_Tree_node<std::pair<std::basic_string<char,std::char_traits<char>,std::allocator<char> > const ,bool>,void *> > >
0x1400E3780	0xE3780	197	CSteamAchievements	original/platform/steam/CSteamAchievements.cpp	std::_Integral_to_string<char,int>
0x1400E3850	0xE3850	433	CSteamAchievements	original/platform/steam/CSteamAchievements.cpp	std::map<std::basic_string<char,std::char_traits<char>,std::allocator<char> >,bool,std::less<std::basic_string<char,std::char_traits<char>,std::allocator<char> > >,std::allocator<std::pair<std::basic_string<char,std::char_traits<char>,std::allocator<char> > const ,bool> > >::_Try_emplace<std::basic_string<char,std::char_traits<char>,std::allocator<char> > >
0x1402701C0	0x2701C0	12	CSteamAchievements	original/platform/steam/CSteamAchievements.cpp	`std::map<std::basic_string<char,std::char_traits<char>,std::allocator<char> >,bool,std::less<std::basic_string<char,std::char_traits<char>,std::allocator<char> > >,std::allocator<std::pair<std::basic_string<char,std::char_traits<char>,std::allocator<char> > const ,bool> > >::_Try_emplace<std::basic_string<char,std::char_traits<char>,std::allocator<char> > >'::`1'::dtor$2
0x1400E3A10	0xE3A10	64	CSteamAchievements	original/platform/steam/CSteamAchievements.cpp	std::_UIntegral_to_buff<char,unsigned int>
0x1400E3A50	0xE3A50	711	CSteamAchievements	original/platform/steam/CSteamAchievements.cpp	CSteamAchievements::CSteamAchievements
0x1402701D0	0x2701D0	16	CSteamAchievements	original/platform/steam/CSteamAchievements.cpp	`CSteamAchievements::CSteamAchievements'::`1'::dtor$0
0x1402701E0	0x2701E0	16	CSteamAchievements	original/platform/steam/CSteamAchievements.cpp	`CSteamAchievements::CSteamAchievements'::`1'::dtor$1
0x1402701F0	0x2701F0	16	CSteamAchievements	original/platform/steam/CSteamAchievements.cpp	`CSteamAchievements::CSteamAchievements'::`1'::dtor$2
0x140270200	0x270200	16	CSteamAchievements	original/platform/steam/CSteamAchievements.cpp	`CSteamAchievements::CSteamAchievements'::`1'::dtor$3
0x140270210	0x270210	12	CSteamAchievements	original/platform/steam/CSteamAchievements.cpp	`CSteamAchievements::CSteamAchievements'::`1'::dtor$4
0x1400E3D20	0xE3D20	24	CSteamAchievements	original/platform/steam/CSteamAchievements.cpp	CCallback<CSteamAchievements,UserAchievementStored_t,0>::~CCallback<CSteamAchievements,UserAchievementStored_t,0>
0x1400E3D40	0xE3D40	24	CSteamAchievements	original/platform/steam/CSteamAchievements.cpp	CCallback<CSteamAchievements,UserStatsReceived_t,0>::~CCallback<CSteamAchievements,UserStatsReceived_t,0>
0x1400E3D60	0xE3D60	24	CSteamAchievements	original/platform/steam/CSteamAchievements.cpp	CCallback<CSteamAchievements,UserStatsStored_t,0>::~CCallback<CSteamAchievements,UserStatsStored_t,0>
0x1400E3D80	0xE3D80	24	CSteamAchievements	original/platform/steam/CSteamAchievements.cpp	CCallbackImpl<16>::~CCallbackImpl<16>
0x1400E3DA0	0xE3DA0	24	CSteamAchievements	original/platform/steam/CSteamAchievements.cpp	CCallbackImpl<24>::~CCallbackImpl<24>
0x1400E3DC0	0xE3DC0	24	CSteamAchievements	original/platform/steam/CSteamAchievements.cpp	CCallbackImpl<152>::~CCallbackImpl<152>
0x1400E3DE0	0xE3DE0	20	CSteamAchievements	original/platform/steam/CSteamAchievements.cpp	std::_Alloc_construct_ptr<std::allocator<std::_Tree_node<std::pair<std::basic_string<char,std::char_traits<char>,std::allocator<char> > const ,bool>,void *> > >::~_Alloc_construct_ptr<std::allocator<std::_Tree_node<std::pair<std::basic_string<char,std::char_traits<char>,std::allocator<char> > const ,bool>,void *> > >
0x1400E3E00	0xE3E00	42	CSteamAchievements	original/platform/steam/CSteamAchievements.cpp	std::map<std::basic_string<char,std::char_traits<char>,std::allocator<char> >,bool,std::less<std::basic_string<char,std::char_traits<char>,std::allocator<char> > >,std::allocator<std::pair<std::basic_string<char,std::char_traits<char>,std::allocator<char> > const ,bool> > >::~map<std::basic_string<char,std::char_traits<char>,std::allocator<char> >,bool,std::less<std::basic_string<char,std::char_traits<char>,std::allocator<char> > >,std::allocator<std::pair<std::basic_string<char,std::char_traits<char>,std::allocator<char> > const ,bool> > >
0x1400E3E30	0xE3E30	112	CSteamAchievements	original/platform/steam/CSteamAchievements.cpp	std::less<std::basic_string<char,std::char_traits<char>,std::allocator<char> > >::operator()
0x1400E3EA0	0xE3EA0	70	CSteamAchievements	original/platform/steam/CSteamAchievements.cpp	CCallback<CSteamAchievements,UserAchievementStored_t,0>::`scalar deleting destructor'
0x1400E3EF0	0xE3EF0	70	CSteamAchievements	original/platform/steam/CSteamAchievements.cpp	CCallback<CSteamAchievements,UserStatsReceived_t,0>::`scalar deleting destructor'
0x1400E3F40	0xE3F40	70	CSteamAchievements	original/platform/steam/CSteamAchievements.cpp	CCallback<CSteamAchievements,UserStatsStored_t,0>::`scalar deleting destructor'
0x1400E3F90	0xE3F90	70	CSteamAchievements	original/platform/steam/CSteamAchievements.cpp	CCallbackImpl<16>::`scalar deleting destructor'
0x1400E3FE0	0xE3FE0	70	CSteamAchievements	original/platform/steam/CSteamAchievements.cpp	CCallbackImpl<24>::`scalar deleting destructor'
0x1400E4030	0xE4030	70	CSteamAchievements	original/platform/steam/CSteamAchievements.cpp	CCallbackImpl<152>::`scalar deleting destructor'
0x1400E4080	0xE4080	23	CSteamAchievements	original/platform/steam/CSteamAchievements.cpp	CSteamAchievements::GetAchievmentStatus
0x1400E40A0	0xE40A0	6	CSteamAchievements	original/platform/steam/CSteamAchievements.cpp	CCallbackImpl<16>::GetCallbackSizeBytes
0x1400E40B0	0xE40B0	6	CSteamAchievements	original/platform/steam/CSteamAchievements.cpp	CCallbackImpl<24>::GetCallbackSizeBytes
0x1400E40C0	0xE40C0	6	CSteamAchievements	original/platform/steam/CSteamAchievements.cpp	CCallbackImpl<152>::GetCallbackSizeBytes
0x1400E40D0	0xE40D0	195	CSteamAchievements	original/platform/steam/CSteamAchievements.cpp	CSteamAchievements::IsReadyToUnlockPlatinum
0x1400E41A0	0xE41A0	12	CSteamAchievements	original/platform/steam/CSteamAchievements.cpp	CSteamAchievements::OnAchievementStored
0x1400E41B0	0xE41B0	641	CSteamAchievements	original/platform/steam/CSteamAchievements.cpp	CSteamAchievements::OnUserStatsReceived
0x1400E4440	0xE4440	122	CSteamAchievements	original/platform/steam/CSteamAchievements.cpp	CSteamAchievements::OnUserStatsStored
0x1400E44C0	0xE44C0	113	CSteamAchievements	original/platform/steam/CSteamAchievements.cpp	CSteamAchievements::RequestStats
0x1400E4540	0xE4540	11	CSteamAchievements	original/platform/steam/CSteamAchievements.cpp	CCallback<CSteamAchievements,UserAchievementStored_t,0>::Run
0x1400E4550	0xE4550	11	CSteamAchievements	original/platform/steam/CSteamAchievements.cpp	CCallback<CSteamAchievements,UserStatsReceived_t,0>::Run
0x1400E4560	0xE4560	11	CSteamAchievements	original/platform/steam/CSteamAchievements.cpp	CCallback<CSteamAchievements,UserStatsStored_t,0>::Run
0x1400E4570	0xE4570	7	CSteamAchievements	original/platform/steam/CSteamAchievements.cpp	CCallbackImpl<16>::Run
0x1400E4580	0xE4580	7	CSteamAchievements	original/platform/steam/CSteamAchievements.cpp	CCallbackImpl<24>::Run
0x1400E4590	0xE4590	7	CSteamAchievements	original/platform/steam/CSteamAchievements.cpp	CCallbackImpl<152>::Run
0x1400E45A0	0xE45A0	449	CSteamAchievements	original/platform/steam/CSteamAchievements.cpp	CSteamAchievements::SetAchievement
0x140270220	0x270220	12	CSteamAchievements	original/platform/steam/CSteamAchievements.cpp	`CSteamAchievements::SetAchievement'::`1'::dtor$0
0x1400E4770	0xE4770	39	CSteamAchievements	original/platform/steam/CSteamAchievements.cpp	SteamInternal_Init_SteamUser
0x1400E47A0	0xE47A0	39	CSteamAchievements	original/platform/steam/CSteamAchievements.cpp	SteamInternal_Init_SteamUserStats
0x1400E47D0	0xE47D0	603	CSteamAchievements	original/platform/steam/CSteamAchievements.cpp	std::_Tree_val<std::_Tree_simple_types<std::pair<std::basic_string<char,std::char_traits<char>,std::allocator<char> > const ,bool> > >::_Insert_node
0x1400E4A30	0xE4A30	91	CSteamAchievements	original/platform/steam/CSteamAchievements.cpp	_snprintf
0x1400E4A90	0xE4A90	66	CSteamGameManager	original/platform/steam/CSteamGameManager.cpp	CSteamGameManager::CSteamGameManager
0x1400E4AE0	0xE4AE0	24	CSteamGameManager	original/platform/steam/CSteamGameManager.cpp	CCallbackImpl<8>::~CCallbackImpl<8>
0x1400E4B00	0xE4B00	70	CSteamGameManager	original/platform/steam/CSteamGameManager.cpp	CCallback<CSteamGameManager,GameOverlayActivated_t,0>::`scalar deleting destructor'
0x1400E4B50	0xE4B50	70	CSteamGameManager	original/platform/steam/CSteamGameManager.cpp	CCallbackImpl<8>::`scalar deleting destructor'
0x1400E4BA0	0xE4BA0	6	CSteamGameManager	original/platform/steam/CSteamGameManager.cpp	CCallbackImpl<8>::GetCallbackSizeBytes
0x1400E4BB0	0xE4BB0	10	CSteamGameManager	original/platform/steam/CSteamGameManager.cpp	CSteamGameManager::OnGameOverlayActivated
0x1400E4BC0	0xE4BC0	11	CSteamGameManager	original/platform/steam/CSteamGameManager.cpp	CCallback<CSteamGameManager,GameOverlayActivated_t,0>::Run
0x1400E4BD0	0xE4BD0	7	CSteamGameManager	original/platform/steam/CSteamGameManager.cpp	CCallbackImpl<8>::Run
0x1400E4BE0	0xE4BE0	681	CSteamRichPresence	original/platform/steam/CSteamRichPresence.cpp	std::operator<<<std::char_traits<char> >
0x140270240	0x270240	12	CSteamRichPresence	original/platform/steam/CSteamRichPresence.cpp	`std::operator<<<std::char_traits<char> >'::`1'::dtor$3
0x140270230	0x270230	12	CSteamRichPresence	original/platform/steam/CSteamRichPresence.cpp	`std::operator<<<std::char_traits<char> >'::`1'::dtor$0
0x140270250	0x270250	92	CSteamRichPresence	original/platform/steam/CSteamRichPresence.cpp	`std::operator<<<std::char_traits<char> >'::`1'::catch$4
0x1400E4E90	0xE4E90	8	CSteamRichPresence	original/platform/steam/CSteamRichPresence.cpp	std::_Immortalize_memcpy_image<std::_Iostream_error_category2>
0x1400E4EA0	0xE4EA0	394	CSteamRichPresence	original/platform/steam/CSteamRichPresence.cpp	std::basic_string<char,std::char_traits<char>,std::allocator<char> >::_Reallocate_grow_by<<lambda_65e615be2a453ca0576c979606f46740>,char const *,unsigned __int64>
0x1400E5030	0xE5030	149	CSteamRichPresence	original/platform/steam/CSteamRichPresence.cpp	std::endl<char,std::char_traits<char> >
0x1402702B0	0x2702B0	12	CSteamRichPresence	original/platform/steam/CSteamRichPresence.cpp	`std::endl<char,std::char_traits<char> >'::`1'::dtor$0
0x1400E50D0	0xE50D0	270	CSteamRichPresence	original/platform/steam/CSteamRichPresence.cpp	std::use_facet<std::ctype<char> >
0x1402702C0	0x2702C0	12	CSteamRichPresence	original/platform/steam/CSteamRichPresence.cpp	`std::use_facet<std::ctype<char> >'::`1'::dtor$0
0x1402702D0	0x2702D0	12	CSteamRichPresence	original/platform/steam/CSteamRichPresence.cpp	`std::use_facet<std::ctype<char> >'::`1'::dtor$1
0x1400E51E0	0xE51E0	112	CSteamRichPresence	original/platform/steam/CSteamRichPresence.cpp	CSteamRichPresence::CSteamRichPresence
0x1400E5250	0xE5250	742	CSteamRichPresence	original/platform/steam/CSteamRichPresence.cpp	std::_System_error::_System_error
0x1402702E0	0x2702E0	12	CSteamRichPresence	original/platform/steam/CSteamRichPresence.cpp	`std::_System_error::_System_error'::`1'::dtor$5
0x1402702F0	0x2702F0	12	CSteamRichPresence	original/platform/steam/CSteamRichPresence.cpp	`std::_System_error::_System_error'::`1'::dtor$6
0x1400E5540	0xE5540	77	CSteamRichPresence	original/platform/steam/CSteamRichPresence.cpp	std::_System_error::_System_error
0x1400E5590	0xE5590	60	CSteamRichPresence	original/platform/steam/CSteamRichPresence.cpp	std::bad_cast::bad_cast
0x1400E55D0	0xE55D0	33	CSteamRichPresence	original/platform/steam/CSteamRichPresence.cpp	std::bad_cast::bad_cast
0x1400E5600	0xE5600	87	CSteamRichPresence	original/platform/steam/CSteamRichPresence.cpp	std::ios_base::failure::failure
0x1400E5660	0xE5660	210	CSteamRichPresence	original/platform/steam/CSteamRichPresence.cpp	std::ios_base::failure::failure
0x140270300	0x270300	12	CSteamRichPresence	original/platform/steam/CSteamRichPresence.cpp	`std::ios_base::failure::failure'::`1'::dtor$1
0x1400E5740	0xE5740	122	CSteamRichPresence	original/platform/steam/CSteamRichPresence.cpp	std::basic_ostream<char,std::char_traits<char> >::sentry::sentry
0x140270310	0x270310	12	CSteamRichPresence	original/platform/steam/CSteamRichPresence.cpp	`std::basic_ostream<char,std::char_traits<char> >::sentry::sentry'::`1'::dtor$0
0x1400E57C0	0xE57C0	87	CSteamRichPresence	original/platform/steam/CSteamRichPresence.cpp	std::system_error::system_error
0x1400E5820	0xE5820	73	CSteamRichPresence	original/platform/steam/CSteamRichPresence.cpp	std::ctype<char>::~ctype<char>
0x1400E5870	0xE5870	20	CSteamRichPresence	original/platform/steam/CSteamRichPresence.cpp	std::unique_ptr<std::_Facet_base,std::default_delete<std::_Facet_base> >::~unique_ptr<std::_Facet_base,std::default_delete<std::_Facet_base> >
0x1400E5890	0xE5890	35	CSteamRichPresence	original/platform/steam/CSteamRichPresence.cpp	CSteamRichPresence::~CSteamRichPresence
0x1400E58C0	0xE58C0	36	CSteamRichPresence	original/platform/steam/CSteamRichPresence.cpp	std::basic_ostream<char,std::char_traits<char> >::_Sentry_base::~_Sentry_base
0x1400E58F0	0xE58F0	19	CSteamRichPresence	original/platform/steam/CSteamRichPresence.cpp	std::bad_cast::~bad_cast
0x1400E5910	0xE5910	11	CSteamRichPresence	original/platform/steam/CSteamRichPresence.cpp	std::ctype_base::~ctype_base
0x1400E5920	0xE5920	19	CSteamRichPresence	original/platform/steam/CSteamRichPresence.cpp	std::ios_base::failure::~failure
0x1400E5940	0xE5940	60	CSteamRichPresence	original/platform/steam/CSteamRichPresence.cpp	std::basic_ostream<char,std::char_traits<char> >::sentry::~sentry
0x1400E5980	0xE5980	19	CSteamRichPresence	original/platform/steam/CSteamRichPresence.cpp	std::system_error::~system_error
0x1400E59A0	0xE59A0	106	CSteamRichPresence	original/platform/steam/CSteamRichPresence.cpp	std::ctype<char>::`scalar deleting destructor'
0x1400E5A10	0xE5A10	33	CSteamRichPresence	original/platform/steam/CSteamRichPresence.cpp	std::_Iostream_error_category2::`scalar deleting destructor'
0x1400E5A40	0xE5A40	66	CSteamRichPresence	original/platform/steam/CSteamRichPresence.cpp	std::_System_error::`scalar deleting destructor'
0x1400E5A90	0xE5A90	66	CSteamRichPresence	original/platform/steam/CSteamRichPresence.cpp	std::bad_cast::`scalar deleting destructor'
0x1400E5AE0	0xE5AE0	43	CSteamRichPresence	original/platform/steam/CSteamRichPresence.cpp	std::ctype_base::`scalar deleting destructor'
0x1400E5B10	0xE5B10	66	CSteamRichPresence	original/platform/steam/CSteamRichPresence.cpp	std::ios_base::failure::`scalar deleting destructor'
0x1400E5B60	0xE5B60	66	CSteamRichPresence	original/platform/steam/CSteamRichPresence.cpp	std::system_error::`scalar deleting destructor'
0x1400E5BB0	0xE5BB0	34	CSteamRichPresence	original/platform/steam/CSteamRichPresence.cpp	CSteamRichPresence::ClearRichPresence
0x1400E5BE0	0xE5BE0	564	CSteamRichPresence	original/platform/steam/CSteamRichPresence.cpp	CSteamRichPresence::SetRichPresence
0x1400E5E20	0xE5E20	39	CSteamRichPresence	original/platform/steam/CSteamRichPresence.cpp	SteamInternal_Init_SteamFriends
0x1400E5E50	0xE5E50	437	CSteamRichPresence	original/platform/steam/CSteamRichPresence.cpp	std::ctype<char>::_Getcat
0x140270320	0x270320	32	CSteamRichPresence	original/platform/steam/CSteamRichPresence.cpp	`std::ctype<char>::_Getcat'::`1'::dtor$0
0x140270340	0x270340	12	CSteamRichPresence	original/platform/steam/CSteamRichPresence.cpp	`std::ctype<char>::_Getcat'::`1'::dtor$2
0x140270350	0x270350	16	CSteamRichPresence	original/platform/steam/CSteamRichPresence.cpp	`std::ctype<char>::_Getcat'::`1'::dtor$3
0x140270360	0x270360	16	CSteamRichPresence	original/platform/steam/CSteamRichPresence.cpp	`std::ctype<char>::_Getcat'::`1'::dtor$4
0x140270370	0x270370	16	CSteamRichPresence	original/platform/steam/CSteamRichPresence.cpp	`std::ctype<char>::_Getcat'::`1'::dtor$5
0x140270380	0x270380	16	CSteamRichPresence	original/platform/steam/CSteamRichPresence.cpp	`std::ctype<char>::_Getcat'::`1'::dtor$6
0x140270390	0x270390	16	CSteamRichPresence	original/platform/steam/CSteamRichPresence.cpp	`std::ctype<char>::_Getcat'::`1'::dtor$7
0x1402703A0	0x2703A0	16	CSteamRichPresence	original/platform/steam/CSteamRichPresence.cpp	`std::ctype<char>::_Getcat'::`1'::dtor$8
0x1400E6010	0xE6010	162	CSteamRichPresence	original/platform/steam/CSteamRichPresence.cpp	std::basic_ostream<char,std::char_traits<char> >::_Osfx
0x1402703B0	0x2703B0	30	CSteamRichPresence	original/platform/steam/CSteamRichPresence.cpp	`std::basic_ostream<char,std::char_traits<char> >::_Osfx'::`1'::catch$0
0x1400E60C0	0xE60C0	32	CSteamRichPresence	original/platform/steam/CSteamRichPresence.cpp	std::_Throw_bad_cast
0x1400E60E0	0xE60E0	131	CSteamRichPresence	original/platform/steam/CSteamRichPresence.cpp	std::basic_string<char,std::char_traits<char>,std::allocator<char> >::append
0x1400E6170	0xE6170	4	CSteamRichPresence	original/platform/steam/CSteamRichPresence.cpp	std::ctype<char>::do_narrow
0x1400E6180	0xE6180	31	CSteamRichPresence	original/platform/steam/CSteamRichPresence.cpp	std::ctype<char>::do_narrow
0x1400E61A0	0xE61A0	14	CSteamRichPresence	original/platform/steam/CSteamRichPresence.cpp	std::ctype<char>::do_tolower
0x1400E61B0	0xE61B0	72	CSteamRichPresence	original/platform/steam/CSteamRichPresence.cpp	std::ctype<char>::do_tolower
0x1400E6200	0xE6200	14	CSteamRichPresence	original/platform/steam/CSteamRichPresence.cpp	std::ctype<char>::do_toupper
0x1400E6210	0xE6210	72	CSteamRichPresence	original/platform/steam/CSteamRichPresence.cpp	std::ctype<char>::do_toupper
0x1400E6260	0xE6260	4	CSteamRichPresence	original/platform/steam/CSteamRichPresence.cpp	std::ctype<char>::do_widen
0x1400E6270	0xE6270	29	CSteamRichPresence	original/platform/steam/CSteamRichPresence.cpp	std::ctype<char>::do_widen
0x1400E6290	0xE6290	301	CSteamRichPresence	original/platform/steam/CSteamRichPresence.cpp	std::basic_ostream<char,std::char_traits<char> >::flush
0x1402703D0	0x2703D0	12	CSteamRichPresence	original/platform/steam/CSteamRichPresence.cpp	`std::basic_ostream<char,std::char_traits<char> >::flush'::`1'::dtor$0
0x1402703E0	0x2703E0	92	CSteamRichPresence	original/platform/steam/CSteamRichPresence.cpp	`std::basic_ostream<char,std::char_traits<char> >::flush'::`1'::catch$9
0x1400E63C0	0xE63C0	17	CSteamRichPresence	original/platform/steam/CSteamRichPresence.cpp	std::make_error_code
0x1400E63E0	0xE63E0	178	CSteamRichPresence	original/platform/steam/CSteamRichPresence.cpp	std::_Iostream_error_category2::message
0x1400E64A0	0xE64A0	8	CSteamRichPresence	original/platform/steam/CSteamRichPresence.cpp	std::_Iostream_error_category2::name
0x1400E64B0	0xE64B0	418	CSteamRichPresence	original/platform/steam/CSteamRichPresence.cpp	std::basic_ostream<char,std::char_traits<char> >::put
0x140270450	0x270450	12	CSteamRichPresence	original/platform/steam/CSteamRichPresence.cpp	`std::basic_ostream<char,std::char_traits<char> >::put'::`1'::dtor$1
0x140270440	0x270440	12	CSteamRichPresence	original/platform/steam/CSteamRichPresence.cpp	`std::basic_ostream<char,std::char_traits<char> >::put'::`1'::dtor$0
0x140270460	0x270460	92	CSteamRichPresence	original/platform/steam/CSteamRichPresence.cpp	`std::basic_ostream<char,std::char_traits<char> >::put'::`1'::catch$4
0x1400E6660	0xE6660	1195	player	original/player.c	_AddLifeTile
0x1400E6B10	0xE6B10	323	player	original/player.c	_DrawTile
0x1400E6C60	0xE6C60	126	player	original/player.c	_DrawTile2D
0x1400E6CE0	0xE6CE0	3	player	original/player.c	ch_blipad
0x1400E6CF0	0xE6CF0	3	player	original/player.c	ch_pad
0x1400E6D00	0xE6D00	3	player	original/player.c	ch_padadmin
0x1400E6D10	0xE6D10	3	player	original/player.c	ch_unblipad
0x1400E6D20	0xE6D20	102	player	original/player.c	player_AfterLife
0x1400E6D90	0xE6D90	1163	player	original/player.c	player_ControllerDump
0x1400E7220	0xE7220	462	player	original/player.c	player_DoCollisions
0x1400E73F0	0xE73F0	103	player	original/player.c	player_FreePlayer
0x1400E7460	0xE7460	21	player	original/player.c	player_GetPlayerPad
0x1400E7480	0xE7480	153	player	original/player.c	player_HandleSabre
0x1400E7520	0xE7520	1904	player	original/player.c	player_RefreshPlayer
0x1400E7C90	0xE7C90	119	player	original/player.c	player_ResetJedi
0x1400E7D10	0xE7D10	368	player	original/player.c	player_gConnectMotionData
0x1400E7E80	0xE7E80	323	player	original/player.c	player_gCreateObject
0x1400E7FD0	0xE7FD0	146	player	original/player.c	player_gGetNewPlayerObject
0x1400E8070	0xE8070	21	player	original/player.c	player_gGetPlayerPtr
0x1400E8090	0xE8090	221	player	original/player.c	player_gInitPlayers
0x1400E8170	0xE8170	2317	player	original/player.c	player_gProcessPlayers
0x1400E8A80	0xE8A80	254	player	original/player.c	player_gRefreshPlayers
0x1400E8B80	0xE8B80	343	prim	original/prim.c	AddBlur
0x1400E8CE0	0xE8CE0	102	prim	original/prim.c	QuickEnd
0x1400E8D50	0xE8D50	55	prim	original/prim.c	QuickStart
0x1400E8D90	0xE8D90	213	prim	original/prim.c	initscoredigits
0x1400E8E70	0xE8E70	934	prim	original/prim.c	plotscorenumber
0x1400E9220	0xE9220	3	prim	original/prim.c	prim_GpuCallback
0x1400E9230	0xE9230	3	prim	original/prim.c	prim_RendSabreEdges
0x1400E9240	0xE9240	44	prim	original/prim.c	prim_SetTextureWindow
0x1400E9270	0xE9270	48	prim	original/prim.c	prim_SetTranslucency
0x1400E92A0	0xE92A0	189	prim	original/prim.c	prim_gRendSabre
0x1400E9360	0xE9360	39	prim	original/prim.c	prim_gSetBkColor
0x1400E9390	0xE9390	811	pwrup	original/pwrup.c	DrawPowerUp
0x1400E96C0	0xE96C0	650	pwrup	original/pwrup.c	FixDrawPowerUp
0x1400E9950	0xE9950	195	pwrup	original/pwrup.c	cheat_nextCheckPoint
0x1400E9A20	0xE9A20	1012	pwrup	original/pwrup.c	console_PowerCommand
0x1400E9E20	0xE9E20	106	pwrup	original/pwrup.c	fixPowColor
0x1400E9E90	0xE9E90	909	pwrup	original/pwrup.c	jitteryFesteringMatrixCrack
0x1400EA220	0xEA220	6	pwrup	original/pwrup.c	kmAudioSFX_DumpBank
0x1400EA230	0xEA230	166	pwrup	original/pwrup.c	mrktng_GoToNextCheckpoint
0x1400EA2E0	0xEA2E0	4144	pwrup	original/pwrup.c	pwrup_CheckPowerUps
0x1400EB310	0xEB310	168	pwrup	original/pwrup.c	pwrup_Init
0x1400EB3C0	0xEB3C0	164	pwrup	original/pwrup.c	pwrup_JumpCheckPoint
0x1400EB470	0xEB470	59	pwrup	original/pwrup.c	pwrup_LevelEnd
0x1400EB4B0	0xEB4B0	74	pwrup	original/pwrup.c	pwrup_LevelStart
0x1400EB500	0xEB500	390	pwrup	original/pwrup.c	pwrup_LoadPoop
0x1400EB690	0xEB690	156	FontAtlas	original/rendering/font/FontAtlas.cpp	std::_Uhash_compare<Glyph,std::hash<Glyph>,std::equal_to<Glyph> >::operator()<Glyph>
0x1400EB730	0xEB730	226	FontAtlas	original/rendering/font/FontAtlas.cpp	std::_Hash<std::_Umap_traits<Glyph,GlyphEntry,std::_Uhash_compare<Glyph,std::hash<Glyph>,std::equal_to<Glyph> >,std::allocator<std::pair<Glyph const ,GlyphEntry> >,0> >::_Find_last<Glyph>
0x1400EB820	0xEB820	204	FontAtlas	original/rendering/font/FontAtlas.cpp	std::_Hash<std::_Umap_traits<std::basic_string<char,std::char_traits<char>,std::allocator<char> >,TTF_Font_Wrapper,std::_Uhash_compare<std::basic_string<char,std::char_traits<char>,std::allocator<char> >,std::hash<std::basic_string<char,std::char_traits<char>,std::allocator<char> > >,std::equal_to<std::basic_string<char,std::char_traits<char>,std::allocator<char> > > >,std::allocator<std::pair<std::basic_string<char,std::char_traits<char>,std::allocator<char> > const ,TTF_Font_Wrapper> >,0> >::_Find_last<std::basic_string<char,std::char_traits<char>,std::allocator<char> > >
0x1400EB8F0	0xEB8F0	55	FontAtlas	original/rendering/font/FontAtlas.cpp	std::_Fnv1a_append_value<int>
0x1400EB930	0xEB930	149	FontAtlas	original/rendering/font/FontAtlas.cpp	std::_List_node<std::pair<Glyph const ,GlyphEntry>,void *>::_Free_non_head<std::allocator<std::_List_node<std::pair<Glyph const ,GlyphEntry>,void *> > >
0x1400EB9D0	0xEB9D0	53	FontAtlas	original/rendering/font/FontAtlas.cpp	std::_Hash_array_representation<char>
0x1400EBA10	0xEBA10	68	FontAtlas	original/rendering/font/FontAtlas.cpp	std::_Hash_representation<int>
0x1400EBA60	0xEBA60	769	FontAtlas	original/rendering/font/FontAtlas.cpp	std::_Hash<std::_Umap_traits<std::basic_string<char,std::char_traits<char>,std::allocator<char> >,TTF_Font_Wrapper,std::_Uhash_compare<std::basic_string<char,std::char_traits<char>,std::allocator<char> >,std::hash<std::basic_string<char,std::char_traits<char>,std::allocator<char> > >,std::equal_to<std::basic_string<char,std::char_traits<char>,std::allocator<char> > > >,std::allocator<std::pair<std::basic_string<char,std::char_traits<char>,std::allocator<char> > const ,TTF_Font_Wrapper> >,0> >::_Try_emplace<std::basic_string<char,std::char_traits<char>,std::allocator<char> > const &,char const *>
0x1402704D0	0x2704D0	12	FontAtlas	original/rendering/font/FontAtlas.cpp	`std::_Hash<std::_Umap_traits<std::basic_string<char,std::char_traits<char>,std::allocator<char> >,TTF_Font_Wrapper,std::_Uhash_compare<std::basic_string<char,std::char_traits<char>,std::allocator<char> >,std::hash<std::basic_string<char,std::char_traits<char>,std::allocator<char> > >,std::equal_to<std::basic_string<char,std::char_traits<char>,std::allocator<char> > > >,std::allocator<std::pair<std::basic_string<char,std::char_traits<char>,std::allocator<char> > const ,TTF_Font_Wrapper> >,0> >::_Try_emplace<std::basic_string<char,std::char_traits<char>,std::allocator<char> > const &,char const *>'::`1'::dtor$1
0x1402704C0	0x2704C0	12	FontAtlas	original/rendering/font/FontAtlas.cpp	`std::_Hash<std::_Umap_traits<std::basic_string<char,std::char_traits<char>,std::allocator<char> >,TTF_Font_Wrapper,std::_Uhash_compare<std::basic_string<char,std::char_traits<char>,std::allocator<char> >,std::hash<std::basic_string<char,std::char_traits<char>,std::allocator<char> > >,std::equal_to<std::basic_string<char,std::char_traits<char>,std::allocator<char> > > >,std::allocator<std::pair<std::basic_string<char,std::char_traits<char>,std::allocator<char> > const ,TTF_Font_Wrapper> >,0> >::_Try_emplace<std::basic_string<char,std::char_traits<char>,std::allocator<char> > const &,char const *>'::`1'::dtor$0
0x1400EBD70	0xEBD70	578	FontAtlas	original/rendering/font/FontAtlas.cpp	std::_Hash<std::_Umap_traits<Glyph,GlyphEntry,std::_Uhash_compare<Glyph,std::hash<Glyph>,std::equal_to<Glyph> >,std::allocator<std::pair<Glyph const ,GlyphEntry> >,0> >::emplace<Glyph &,GlyphEntry &>
0x1402704F0	0x2704F0	12	FontAtlas	original/rendering/font/FontAtlas.cpp	`std::_Hash<std::_Umap_traits<Glyph,GlyphEntry,std::_Uhash_compare<Glyph,std::hash<Glyph>,std::equal_to<Glyph> >,std::allocator<std::pair<Glyph const ,GlyphEntry> >,0> >::emplace<Glyph &,GlyphEntry &>'::`1'::dtor$1
0x1402704E0	0x2704E0	12	FontAtlas	original/rendering/font/FontAtlas.cpp	`std::_Hash<std::_Umap_traits<Glyph,GlyphEntry,std::_Uhash_compare<Glyph,std::hash<Glyph>,std::equal_to<Glyph> >,std::allocator<std::pair<Glyph const ,GlyphEntry> >,0> >::emplace<Glyph &,GlyphEntry &>'::`1'::dtor$0
0x1400EBFC0	0xEBFC0	132	FontAtlas	original/rendering/font/FontAtlas.cpp	std::fill<std::_List_unchecked_iterator<std::_List_val<std::_List_simple_types<std::pair<Glyph const ,GlyphEntry> > > > *,std::_List_unchecked_iterator<std::_List_val<std::_List_simple_types<std::pair<Glyph const ,GlyphEntry> > > > >
0x1400EC050	0xEC050	132	FontAtlas	original/rendering/font/FontAtlas.cpp	std::fill<std::_List_unchecked_iterator<std::_List_val<std::_List_simple_types<std::pair<std::basic_string<char,std::char_traits<char>,std::allocator<char> > const ,TTF_Font_Wrapper> > > > *,std::_List_unchecked_iterator<std::_List_val<std::_List_simple_types<std::pair<std::basic_string<char,std::char_traits<char>,std::allocator<char> > const ,TTF_Font_Wrapper> > > > >
0x1400EC0E0	0xEC0E0	32	FontAtlas	original/rendering/font/FontAtlas.cpp	std::uninitialized_fill<std::_List_unchecked_iterator<std::_List_val<std::_List_simple_types<std::pair<Glyph const ,GlyphEntry> > > > *,std::_List_unchecked_iterator<std::_List_val<std::_List_simple_types<std::pair<Glyph const ,GlyphEntry> > > > >
0x1400EC100	0xEC100	32	FontAtlas	original/rendering/font/FontAtlas.cpp	std::uninitialized_fill<std::_List_unchecked_iterator<std::_List_val<std::_List_simple_types<std::pair<std::basic_string<char,std::char_traits<char>,std::allocator<char> > const ,TTF_Font_Wrapper> > > > *,std::_List_unchecked_iterator<std::_List_val<std::_List_simple_types<std::pair<std::basic_string<char,std::char_traits<char>,std::allocator<char> > const ,TTF_Font_Wrapper> > > > >
0x1400EC120	0xEC120	280	FontAtlas	original/rendering/font/FontAtlas.cpp	std::basic_string<char,std::char_traits<char>,std::allocator<char> >::basic_string<char,std::char_traits<char>,std::allocator<char> >
0x1400EC240	0xEC240	435	FontAtlas	original/rendering/font/FontAtlas.cpp	FontAtlas::FontAtlas
0x140270500	0x270500	12	FontAtlas	original/rendering/font/FontAtlas.cpp	`FontAtlas::FontAtlas'::`1'::dtor$0
0x140270510	0x270510	16	FontAtlas	original/rendering/font/FontAtlas.cpp	`FontAtlas::FontAtlas'::`1'::dtor$1
0x140270560	0x270560	16	FontAtlas	original/rendering/font/FontAtlas.cpp	`FontAtlas::FontAtlas'::`1'::dtor$7
0x140270570	0x270570	16	FontAtlas	original/rendering/font/FontAtlas.cpp	`FontAtlas::FontAtlas'::`1'::dtor$8
0x140270520	0x270520	16	FontAtlas	original/rendering/font/FontAtlas.cpp	`FontAtlas::FontAtlas'::`1'::dtor$2
0x140270580	0x270580	16	FontAtlas	original/rendering/font/FontAtlas.cpp	`FontAtlas::FontAtlas'::`1'::dtor$10
0x140270590	0x270590	16	FontAtlas	original/rendering/font/FontAtlas.cpp	`FontAtlas::FontAtlas'::`1'::dtor$11
0x140270530	0x270530	16	FontAtlas	original/rendering/font/FontAtlas.cpp	`FontAtlas::FontAtlas'::`1'::dtor$3
0x140270540	0x270540	19	FontAtlas	original/rendering/font/FontAtlas.cpp	`FontAtlas::FontAtlas'::`1'::dtor$4
0x1400EC400	0xEC400	71	FontAtlas	original/rendering/font/FontAtlas.cpp	SDL_Surface_Wrapper::SDL_Surface_Wrapper
0x1400EC450	0xEC450	7	FontAtlas	original/rendering/font/FontAtlas.cpp	SDL_Surface_Wrapper::SDL_Surface_Wrapper
0x1400EC460	0xEC460	7	FontAtlas	original/rendering/font/FontAtlas.cpp	TTF_Font_Wrapper::TTF_Font_Wrapper
0x1400EC470	0xEC470	66	FontAtlas	original/rendering/font/FontAtlas.cpp	TTF_Font_Wrapper::TTF_Font_Wrapper
0x1400EC4C0	0xEC4C0	21	FontAtlas	original/rendering/font/FontAtlas.cpp	std::bad_optional_access::bad_optional_access
0x1400EC4E0	0xEC4E0	20	FontAtlas	original/rendering/font/FontAtlas.cpp	std::_Alloc_construct_ptr<std::allocator<std::_List_node<std::pair<Glyph const ,GlyphEntry>,void *> > >::~_Alloc_construct_ptr<std::allocator<std::_List_node<std::pair<Glyph const ,GlyphEntry>,void *> > >
0x1400EC500	0xEC500	20	FontAtlas	original/rendering/font/FontAtlas.cpp	std::_Alloc_construct_ptr<std::allocator<std::_List_node<std::pair<std::basic_string<char,std::char_traits<char>,std::allocator<char> > const ,TTF_Font_Wrapper>,void *> > >::~_Alloc_construct_ptr<std::allocator<std::_List_node<std::pair<std::basic_string<char,std::char_traits<char>,std::allocator<char> > const ,TTF_Font_Wrapper>,void *> > >
0x1400EC520	0xEC520	119	FontAtlas	original/rendering/font/FontAtlas.cpp	std::_Hash<std::_Umap_traits<Glyph,GlyphEntry,std::_Uhash_compare<Glyph,std::hash<Glyph>,std::equal_to<Glyph> >,std::allocator<std::pair<Glyph const ,GlyphEntry> >,0> >::~_Hash<std::_Umap_traits<Glyph,GlyphEntry,std::_Uhash_compare<Glyph,std::hash<Glyph>,std::equal_to<Glyph> >,std::allocator<std::pair<Glyph const ,GlyphEntry> >,0> >
0x1400EC5A0	0xEC5A0	101	FontAtlas	original/rendering/font/FontAtlas.cpp	std::_Hash<std::_Umap_traits<std::basic_string<char,std::char_traits<char>,std::allocator<char> >,TTF_Font_Wrapper,std::_Uhash_compare<std::basic_string<char,std::char_traits<char>,std::allocator<char> >,std::hash<std::basic_string<char,std::char_traits<char>,std::allocator<char> > >,std::equal_to<std::basic_string<char,std::char_traits<char>,std::allocator<char> > > >,std::allocator<std::pair<std::basic_string<char,std::char_traits<char>,std::allocator<char> > const ,TTF_Font_Wrapper> >,0> >::~_Hash<std::_Umap_traits<std::basic_string<char,std::char_traits<char>,std::allocator<char> >,TTF_Font_Wrapper,std::_Uhash_compare<std::basic_string<char,std::char_traits<char>,std::allocator<char> >,std::hash<std::basic_string<char,std::char_traits<char>,std::allocator<char> > >,std::equal_to<std::basic_string<char,std::char_traits<char>,std::allocator<char> > > >,std::allocator<std::pair<std::basic_string<char,std::char_traits<char>,std::allocator<char> > const ,TTF_Font_Wrapper> >,0> >
0x1400EC610	0xEC610	91	FontAtlas	original/rendering/font/FontAtlas.cpp	std::_Hash_vec<std::allocator<std::_List_unchecked_iterator<std::_List_val<std::_List_simple_types<std::pair<Glyph const ,GlyphEntry> > > > > >::~_Hash_vec<std::allocator<std::_List_unchecked_iterator<std::_List_val<std::_List_simple_types<std::pair<Glyph const ,GlyphEntry> > > > > >
0x1400EC670	0xEC670	91	FontAtlas	original/rendering/font/FontAtlas.cpp	std::_Hash_vec<std::allocator<std::_List_unchecked_iterator<std::_List_val<std::_List_simple_types<std::pair<std::basic_string<char,std::char_traits<char>,std::allocator<char> > const ,TTF_Font_Wrapper> > > > > >::~_Hash_vec<std::allocator<std::_List_unchecked_iterator<std::_List_val<std::_List_simple_types<std::pair<std::basic_string<char,std::char_traits<char>,std::allocator<char> > const ,TTF_Font_Wrapper> > > > > >
0x1400EC6D0	0xEC6D0	133	FontAtlas	original/rendering/font/FontAtlas.cpp	std::_List_node_emplace_op2<std::allocator<std::_List_node<std::pair<Glyph const ,GlyphEntry>,void *> > >::~_List_node_emplace_op2<std::allocator<std::_List_node<std::pair<Glyph const ,GlyphEntry>,void *> > >
0x1400EC760	0xEC760	57	FontAtlas	original/rendering/font/FontAtlas.cpp	std::_List_node_emplace_op2<std::allocator<std::_List_node<std::pair<std::basic_string<char,std::char_traits<char>,std::allocator<char> > const ,TTF_Font_Wrapper>,void *> > >::~_List_node_emplace_op2<std::allocator<std::_List_node<std::pair<std::basic_string<char,std::char_traits<char>,std::allocator<char> > const ,TTF_Font_Wrapper>,void *> > >
0x1400EC7A0	0xEC7A0	100	FontAtlas	original/rendering/font/FontAtlas.cpp	std::_Optional_destruct_base<std::pair<Glyph,GlyphEntry>,0>::~_Optional_destruct_base<std::pair<Glyph,GlyphEntry>,0>
0x1400EC810	0xEC810	35	FontAtlas	original/rendering/font/FontAtlas.cpp	std::list<std::pair<Glyph const ,GlyphEntry>,std::allocator<std::pair<Glyph const ,GlyphEntry> > >::~list<std::pair<Glyph const ,GlyphEntry>,std::allocator<std::pair<Glyph const ,GlyphEntry> > >
0x1400EC840	0xEC840	109	FontAtlas	original/rendering/font/FontAtlas.cpp	std::list<std::pair<std::basic_string<char,std::char_traits<char>,std::allocator<char> > const ,TTF_Font_Wrapper>,std::allocator<std::pair<std::basic_string<char,std::char_traits<char>,std::allocator<char> > const ,TTF_Font_Wrapper> > >::~list<std::pair<std::basic_string<char,std::char_traits<char>,std::allocator<char> > const ,TTF_Font_Wrapper>,std::allocator<std::pair<std::basic_string<char,std::char_traits<char>,std::allocator<char> > const ,TTF_Font_Wrapper> > >
0x1400EC8B0	0xEC8B0	5	FontAtlas	original/rendering/font/FontAtlas.cpp	std::optional<std::pair<Glyph,GlyphEntry> >::~optional<std::pair<Glyph,GlyphEntry> >
0x1400EC8C0	0xEC8C0	108	FontAtlas	original/rendering/font/FontAtlas.cpp	std::pair<std::basic_string<char,std::char_traits<char>,std::allocator<char> > const ,TTF_Font_Wrapper>::~pair<std::basic_string<char,std::char_traits<char>,std::allocator<char> > const ,TTF_Font_Wrapper>
0x1400EC930	0xEC930	19	FontAtlas	original/rendering/font/FontAtlas.cpp	std::unique_ptr<GlyphPackingPolicy,std::default_delete<GlyphPackingPolicy> >::~unique_ptr<GlyphPackingPolicy,std::default_delete<GlyphPackingPolicy> >
0x1400EC950	0xEC950	20	FontAtlas	original/rendering/font/FontAtlas.cpp	std::unique_ptr<PHL::Texture2D,std::default_delete<PHL::Texture2D> >::~unique_ptr<PHL::Texture2D,std::default_delete<PHL::Texture2D> >
0x1400EC970	0xEC970	5	FontAtlas	original/rendering/font/FontAtlas.cpp	std::unordered_map<Glyph,GlyphEntry,std::hash<Glyph>,std::equal_to<Glyph>,std::allocator<std::pair<Glyph const ,GlyphEntry> > >::~unordered_map<Glyph,GlyphEntry,std::hash<Glyph>,std::equal_to<Glyph>,std::allocator<std::pair<Glyph const ,GlyphEntry> > >
0x1400EC980	0xEC980	5	FontAtlas	original/rendering/font/FontAtlas.cpp	std::unordered_map<std::basic_string<char,std::char_traits<char>,std::allocator<char> >,TTF_Font_Wrapper,std::hash<std::basic_string<char,std::char_traits<char>,std::allocator<char> > >,std::equal_to<std::basic_string<char,std::char_traits<char>,std::allocator<char> > >,std::allocator<std::pair<std::basic_string<char,std::char_traits<char>,std::allocator<char> > const ,TTF_Font_Wrapper> > >::~unordered_map<std::basic_string<char,std::char_traits<char>,std::allocator<char> >,TTF_Font_Wrapper,std::hash<std::basic_string<char,std::char_traits<char>,std::allocator<char> > >,std::equal_to<std::basic_string<char,std::char_traits<char>,std::allocator<char> > >,std::allocator<std::pair<std::basic_string<char,std::char_traits<char>,std::allocator<char> > const ,TTF_Font_Wrapper> > >
0x1400EC990	0xEC990	94	FontAtlas	original/rendering/font/FontAtlas.cpp	Glyph::~Glyph
0x1400EC9F0	0xEC9F0	8	FontAtlas	original/rendering/font/FontAtlas.cpp	SDL_Surface_Wrapper::~SDL_Surface_Wrapper
0x1400ECA00	0xECA00	13	FontAtlas	original/rendering/font/FontAtlas.cpp	TTF_Font_Wrapper::~TTF_Font_Wrapper
0x1400ECA10	0xECA10	1750	FontAtlas	original/rendering/font/FontAtlas.cpp	FontAtlas::AddGlyph
0x1402705A0	0x2705A0	12	FontAtlas	original/rendering/font/FontAtlas.cpp	`FontAtlas::AddGlyph'::`1'::dtor$0
0x1402705B0	0x2705B0	12	FontAtlas	original/rendering/font/FontAtlas.cpp	`FontAtlas::AddGlyph'::`1'::dtor$2
0x1402705C0	0x2705C0	12	FontAtlas	original/rendering/font/FontAtlas.cpp	`FontAtlas::AddGlyph'::`1'::dtor$4
0x1400ED0F0	0xED0F0	3	FontAtlas	original/rendering/font/FontAtlas.cpp	FontAtlas::ClearAtlas
0x1400ED100	0xED100	86	FontAtlas	original/rendering/font/FontAtlas.cpp	FontAtlas::Contains
0x1400ED160	0xED160	4	FontAtlas	original/rendering/font/FontAtlas.cpp	FontAtlas::GetAtlasSurface
0x1400ED170	0xED170	58	FontAtlas	original/rendering/font/FontAtlas.cpp	FontAtlas::GetFont
0x1400ED1B0	0xED1B0	119	FontAtlas	original/rendering/font/FontAtlas.cpp	FontAtlas::GetGlyphEntry
0x1400ED230	0xED230	321	FontAtlas	original/rendering/font/FontAtlas.cpp	FontAtlas::RenderGlyph
0x1400ED380	0xED380	118	FontAtlas	original/rendering/font/FontAtlas.cpp	FontAtlas::UpdateTexture
0x1400ED400	0xED400	314	FontAtlas	original/rendering/font/FontAtlas.cpp	std::_Hash_vec<std::allocator<std::_List_unchecked_iterator<std::_List_val<std::_List_simple_types<std::pair<Glyph const ,GlyphEntry> > > > > >::_Assign_grow
0x1400ED540	0xED540	314	FontAtlas	original/rendering/font/FontAtlas.cpp	std::_Hash_vec<std::allocator<std::_List_unchecked_iterator<std::_List_val<std::_List_simple_types<std::pair<std::basic_string<char,std::char_traits<char>,std::allocator<char> > const ,TTF_Font_Wrapper> > > > > >::_Assign_grow
0x1400ED680	0xED680	600	FontAtlas	original/rendering/font/FontAtlas.cpp	std::_Hash<std::_Umap_traits<Glyph,GlyphEntry,std::_Uhash_compare<Glyph,std::hash<Glyph>,std::equal_to<Glyph> >,std::allocator<std::pair<Glyph const ,GlyphEntry> >,0> >::_Forced_rehash
0x1400ED8E0	0xED8E0	632	FontAtlas	original/rendering/font/FontAtlas.cpp	std::_Hash<std::_Umap_traits<std::basic_string<char,std::char_traits<char>,std::allocator<char> >,TTF_Font_Wrapper,std::_Uhash_compare<std::basic_string<char,std::char_traits<char>,std::allocator<char> >,std::hash<std::basic_string<char,std::char_traits<char>,std::allocator<char> > >,std::equal_to<std::basic_string<char,std::char_traits<char>,std::allocator<char> > > >,std::allocator<std::pair<std::basic_string<char,std::char_traits<char>,std::allocator<char> > const ,TTF_Font_Wrapper> >,0> >::_Forced_rehash
0x1400EDB60	0xEDB60	47	FontAtlas	original/rendering/font/FontAtlas.cpp	std::_Throw_bad_optional_access
0x1400EDB90	0xEDB90	352	FontAtlas	original/rendering/font/FontAtlas.cpp	std::basic_string<char,std::char_traits<char>,std::allocator<char> >::assign
0x1400EDCF0	0xEDCF0	203	ShelfGlyphPackingPolicy	original/rendering/font/ShelfGlyphPackingPolicy.cpp	ShelfGlyphPackingPolicy::AddGlyphEntry
0x1400EDDC0	0xEDDC0	132	SpriteAtlasTextureDatabase	original/rendering/SpriteAtlasTextureDatabase.cpp	std::_Destroy_range<std::allocator<std::basic_string<char,std::char_traits<char>,std::allocator<char> > > >
0x1400EDE50	0xEDE50	13	SpriteAtlasTextureDatabase	original/rendering/SpriteAtlasTextureDatabase.cpp	std::_Tidy_guard<std::vector<std::basic_string<char,std::char_traits<char>,std::allocator<char> >,std::allocator<std::basic_string<char,std::char_traits<char>,std::allocator<char> > > > >::~_Tidy_guard<std::vector<std::basic_string<char,std::char_traits<char>,std::allocator<char> >,std::allocator<std::basic_string<char,std::char_traits<char>,std::allocator<char> > > > >
0x1400EDE60	0xEDE60	16	SpriteAtlasTextureDatabase	original/rendering/SpriteAtlasTextureDatabase.cpp	std::_Uninitialized_backout_al<std::allocator<std::basic_string<char,std::char_traits<char>,std::allocator<char> > > >::~_Uninitialized_backout_al<std::allocator<std::basic_string<char,std::char_traits<char>,std::allocator<char> > > >
0x140001280	0x1280	496	SpriteAtlasTextureDatabase	original/rendering/SpriteAtlasTextureDatabase.cpp	`dynamic initializer for 'atlasTextures''
0x1402705D0	0x2705D0	12	SpriteAtlasTextureDatabase	original/rendering/SpriteAtlasTextureDatabase.cpp	``dynamic initializer for 'atlasTextures'''::`1'::dtor$0
0x1402705E0	0x2705E0	12	SpriteAtlasTextureDatabase	original/rendering/SpriteAtlasTextureDatabase.cpp	``dynamic initializer for 'atlasTextures'''::`1'::dtor$1
0x1402705F0	0x2705F0	12	SpriteAtlasTextureDatabase	original/rendering/SpriteAtlasTextureDatabase.cpp	``dynamic initializer for 'atlasTextures'''::`1'::dtor$2
0x140270600	0x270600	12	SpriteAtlasTextureDatabase	original/rendering/SpriteAtlasTextureDatabase.cpp	``dynamic initializer for 'atlasTextures'''::`1'::dtor$3
0x140270610	0x270610	42	SpriteAtlasTextureDatabase	original/rendering/SpriteAtlasTextureDatabase.cpp	``dynamic initializer for 'atlasTextures'''::`1'::dtor$5
0x140270640	0x270640	12	SpriteAtlasTextureDatabase	original/rendering/SpriteAtlasTextureDatabase.cpp	``dynamic initializer for 'atlasTextures'''::`1'::dtor$16
0x140270650	0x270650	12	SpriteAtlasTextureDatabase	original/rendering/SpriteAtlasTextureDatabase.cpp	``dynamic initializer for 'atlasTextures'''::`1'::dtor$17
0x140279E00	0x279E00	127	SpriteAtlasTextureDatabase	original/rendering/SpriteAtlasTextureDatabase.cpp	`dynamic atexit destructor for 'atlasTextures''
0x1400EDE70	0xEDE70	106	SpriteAtlasTextureDatabase	original/rendering/SpriteAtlasTextureDatabase.cpp	std::vector<std::basic_string<char,std::char_traits<char>,std::allocator<char> >,std::allocator<std::basic_string<char,std::char_traits<char>,std::allocator<char> > > >::_Tidy
0x1400EDEE0	0xEDEE0	589	SpriteAtlasTextureDatabase	original/rendering/SpriteAtlasTextureDatabase.cpp	isTexturePartofAtlas
0x140270660	0x270660	12	SpriteAtlasTextureDatabase	original/rendering/SpriteAtlasTextureDatabase.cpp	`isTexturePartofAtlas'::`1'::dtor$0
0x1400EE130	0xEE130	96	Texture2D	original/rendering/Texture2D.cpp	PHL::Texture2D::CreateTexture
0x140270670	0x270670	29	Texture2D	original/rendering/Texture2D.cpp	`PHL::Texture2D::CreateTexture'::`1'::dtor$0
0x1400EE190	0xEE190	112	TransparentTextureDatabase	original/rendering/TransparentTextureDatabase.cpp	std::basic_string<char,std::char_traits<char>,std::allocator<char> >::_Allocate_for_capacity<0>
0x1400EE200	0xEE200	191	TransparentTextureDatabase	original/rendering/TransparentTextureDatabase.cpp	std::_Tree_val<std::_Tree_simple_types<std::basic_string<char,std::char_traits<char>,std::allocator<char> > > >::_Erase_tree<std::allocator<std::_Tree_node<std::basic_string<char,std::char_traits<char>,std::allocator<char> >,void *> > >
0x1400EE2C0	0xEE2C0	826	TransparentTextureDatabase	original/rendering/TransparentTextureDatabase.cpp	std::_Tree<std::_Tset_traits<std::basic_string<char,std::char_traits<char>,std::allocator<char> >,std::less<std::basic_string<char,std::char_traits<char>,std::allocator<char> > >,std::allocator<std::basic_string<char,std::char_traits<char>,std::allocator<char> > >,0> >::_Find_hint<std::basic_string<char,std::char_traits<char>,std::allocator<char> > >
0x1400EE600	0xEE600	195	TransparentTextureDatabase	original/rendering/TransparentTextureDatabase.cpp	std::_Tree<std::_Tset_traits<std::basic_string<char,std::char_traits<char>,std::allocator<char> >,std::less<std::basic_string<char,std::char_traits<char>,std::allocator<char> > >,std::allocator<std::basic_string<char,std::char_traits<char>,std::allocator<char> > >,0> >::_Find_lower_bound<std::basic_string<char,std::char_traits<char>,std::allocator<char> > >
0x1400EE6D0	0xEE6D0	55	TransparentTextureDatabase	original/rendering/TransparentTextureDatabase.cpp	std::basic_string<char,std::char_traits<char>,std::allocator<char> >::basic_string<char,std::char_traits<char>,std::allocator<char> >
0x1400EE710	0xEE710	310	TransparentTextureDatabase	original/rendering/TransparentTextureDatabase.cpp	std::set<std::basic_string<char,std::char_traits<char>,std::allocator<char> >,std::less<std::basic_string<char,std::char_traits<char>,std::allocator<char> > >,std::allocator<std::basic_string<char,std::char_traits<char>,std::allocator<char> > > >::set<std::basic_string<char,std::char_traits<char>,std::allocator<char> >,std::less<std::basic_string<char,std::char_traits<char>,std::allocator<char> > >,std::allocator<std::basic_string<char,std::char_traits<char>,std::allocator<char> > > >
0x140270690	0x270690	12	TransparentTextureDatabase	original/rendering/TransparentTextureDatabase.cpp	`std::set<std::basic_string<char,std::char_traits<char>,std::allocator<char> >,std::less<std::basic_string<char,std::char_traits<char>,std::allocator<char> > >,std::allocator<std::basic_string<char,std::char_traits<char>,std::allocator<char> > > >::set<std::basic_string<char,std::char_traits<char>,std::allocator<char> >,std::less<std::basic_string<char,std::char_traits<char>,std::allocator<char> > >,std::allocator<std::basic_string<char,std::char_traits<char>,std::allocator<char> > > >'::`1'::dtor$0
0x1402706B0	0x2706B0	12	TransparentTextureDatabase	original/rendering/TransparentTextureDatabase.cpp	`std::set<std::basic_string<char,std::char_traits<char>,std::allocator<char> >,std::less<std::basic_string<char,std::char_traits<char>,std::allocator<char> > >,std::allocator<std::basic_string<char,std::char_traits<char>,std::allocator<char> > > >::set<std::basic_string<char,std::char_traits<char>,std::allocator<char> >,std::less<std::basic_string<char,std::char_traits<char>,std::allocator<char> > >,std::allocator<std::basic_string<char,std::char_traits<char>,std::allocator<char> > > >'::`1'::dtor$3
0x1402706A0	0x2706A0	12	TransparentTextureDatabase	original/rendering/TransparentTextureDatabase.cpp	`std::set<std::basic_string<char,std::char_traits<char>,std::allocator<char> >,std::less<std::basic_string<char,std::char_traits<char>,std::allocator<char> > >,std::allocator<std::basic_string<char,std::char_traits<char>,std::allocator<char> > > >::set<std::basic_string<char,std::char_traits<char>,std::allocator<char> >,std::less<std::basic_string<char,std::char_traits<char>,std::allocator<char> > >,std::allocator<std::basic_string<char,std::char_traits<char>,std::allocator<char> > > >'::`1'::dtor$2
0x1400EE850	0xEE850	55	TransparentTextureDatabase	original/rendering/TransparentTextureDatabase.cpp	std::set<std::basic_string<char,std::char_traits<char>,std::allocator<char> >,std::less<std::basic_string<char,std::char_traits<char>,std::allocator<char> > >,std::allocator<std::basic_string<char,std::char_traits<char>,std::allocator<char> > > >::set<std::basic_string<char,std::char_traits<char>,std::allocator<char> >,std::less<std::basic_string<char,std::char_traits<char>,std::allocator<char> > >,std::allocator<std::basic_string<char,std::char_traits<char>,std::allocator<char> > > >
0x1400EE890	0xEE890	20	TransparentTextureDatabase	original/rendering/TransparentTextureDatabase.cpp	std::_Alloc_construct_ptr<std::allocator<std::_Tree_node<std::basic_string<char,std::char_traits<char>,std::allocator<char> >,void *> > >::~_Alloc_construct_ptr<std::allocator<std::_Tree_node<std::basic_string<char,std::char_traits<char>,std::allocator<char> >,void *> > >
0x1400EE8B0	0xEE8B0	42	TransparentTextureDatabase	original/rendering/TransparentTextureDatabase.cpp	std::_Tree<std::_Tset_traits<std::basic_string<char,std::char_traits<char>,std::allocator<char> >,std::less<std::basic_string<char,std::char_traits<char>,std::allocator<char> > >,std::allocator<std::basic_string<char,std::char_traits<char>,std::allocator<char> > >,0> >::~_Tree<std::_Tset_traits<std::basic_string<char,std::char_traits<char>,std::allocator<char> >,std::less<std::basic_string<char,std::char_traits<char>,std::allocator<char> > >,std::allocator<std::basic_string<char,std::char_traits<char>,std::allocator<char> > >,0> >
0x1400EE8E0	0xEE8E0	20	TransparentTextureDatabase	original/rendering/TransparentTextureDatabase.cpp	std::_Tree_temp_node_alloc<std::allocator<std::_Tree_node<std::basic_string<char,std::char_traits<char>,std::allocator<char> >,void *> > >::~_Tree_temp_node_alloc<std::allocator<std::_Tree_node<std::basic_string<char,std::char_traits<char>,std::allocator<char> >,void *> > >
0x1400EE900	0xEE900	42	TransparentTextureDatabase	original/rendering/TransparentTextureDatabase.cpp	std::set<std::basic_string<char,std::char_traits<char>,std::allocator<char> >,std::less<std::basic_string<char,std::char_traits<char>,std::allocator<char> > >,std::allocator<std::basic_string<char,std::char_traits<char>,std::allocator<char> > > >::~set<std::basic_string<char,std::char_traits<char>,std::allocator<char> >,std::less<std::basic_string<char,std::char_traits<char>,std::allocator<char> > >,std::allocator<std::basic_string<char,std::char_traits<char>,std::allocator<char> > > >
0x140001470	0x1470	461	TransparentTextureDatabase	original/rendering/TransparentTextureDatabase.cpp	`dynamic initializer for 'glassTextures''
0x1402706C0	0x2706C0	12	TransparentTextureDatabase	original/rendering/TransparentTextureDatabase.cpp	``dynamic initializer for 'glassTextures'''::`1'::dtor$0
0x1402706D0	0x2706D0	12	TransparentTextureDatabase	original/rendering/TransparentTextureDatabase.cpp	``dynamic initializer for 'glassTextures'''::`1'::dtor$1
0x1402706E0	0x2706E0	12	TransparentTextureDatabase	original/rendering/TransparentTextureDatabase.cpp	``dynamic initializer for 'glassTextures'''::`1'::dtor$2
0x1402706F0	0x2706F0	42	TransparentTextureDatabase	original/rendering/TransparentTextureDatabase.cpp	``dynamic initializer for 'glassTextures'''::`1'::dtor$4
0x140270720	0x270720	12	TransparentTextureDatabase	original/rendering/TransparentTextureDatabase.cpp	``dynamic initializer for 'glassTextures'''::`1'::dtor$13
0x140270730	0x270730	12	TransparentTextureDatabase	original/rendering/TransparentTextureDatabase.cpp	``dynamic initializer for 'glassTextures'''::`1'::dtor$14
0x140001640	0x1640	8446	TransparentTextureDatabase	original/rendering/TransparentTextureDatabase.cpp	`dynamic initializer for 'levelTextures''
0x140270740	0x270740	12	TransparentTextureDatabase	original/rendering/TransparentTextureDatabase.cpp	``dynamic initializer for 'levelTextures'''::`1'::dtor$0
0x140270750	0x270750	12	TransparentTextureDatabase	original/rendering/TransparentTextureDatabase.cpp	``dynamic initializer for 'levelTextures'''::`1'::dtor$1
0x140270760	0x270760	12	TransparentTextureDatabase	original/rendering/TransparentTextureDatabase.cpp	``dynamic initializer for 'levelTextures'''::`1'::dtor$2
0x140270770	0x270770	12	TransparentTextureDatabase	original/rendering/TransparentTextureDatabase.cpp	``dynamic initializer for 'levelTextures'''::`1'::dtor$3
0x140270780	0x270780	12	TransparentTextureDatabase	original/rendering/TransparentTextureDatabase.cpp	``dynamic initializer for 'levelTextures'''::`1'::dtor$4
0x140270790	0x270790	12	TransparentTextureDatabase	original/rendering/TransparentTextureDatabase.cpp	``dynamic initializer for 'levelTextures'''::`1'::dtor$5
0x1402707A0	0x2707A0	12	TransparentTextureDatabase	original/rendering/TransparentTextureDatabase.cpp	``dynamic initializer for 'levelTextures'''::`1'::dtor$6
0x1402707B0	0x2707B0	12	TransparentTextureDatabase	original/rendering/TransparentTextureDatabase.cpp	``dynamic initializer for 'levelTextures'''::`1'::dtor$7
0x1402707C0	0x2707C0	12	TransparentTextureDatabase	original/rendering/TransparentTextureDatabase.cpp	``dynamic initializer for 'levelTextures'''::`1'::dtor$8
0x1402707D0	0x2707D0	12	TransparentTextureDatabase	original/rendering/TransparentTextureDatabase.cpp	``dynamic initializer for 'levelTextures'''::`1'::dtor$9
0x1402707E0	0x2707E0	12	TransparentTextureDatabase	original/rendering/TransparentTextureDatabase.cpp	``dynamic initializer for 'levelTextures'''::`1'::dtor$10
0x1402707F0	0x2707F0	12	TransparentTextureDatabase	original/rendering/TransparentTextureDatabase.cpp	``dynamic initializer for 'levelTextures'''::`1'::dtor$11
0x140270800	0x270800	12	TransparentTextureDatabase	original/rendering/TransparentTextureDatabase.cpp	``dynamic initializer for 'levelTextures'''::`1'::dtor$12
0x140270810	0x270810	12	TransparentTextureDatabase	original/rendering/TransparentTextureDatabase.cpp	``dynamic initializer for 'levelTextures'''::`1'::dtor$13
0x140270820	0x270820	12	TransparentTextureDatabase	original/rendering/TransparentTextureDatabase.cpp	``dynamic initializer for 'levelTextures'''::`1'::dtor$14
0x140270830	0x270830	12	TransparentTextureDatabase	original/rendering/TransparentTextureDatabase.cpp	``dynamic initializer for 'levelTextures'''::`1'::dtor$15
0x140270840	0x270840	12	TransparentTextureDatabase	original/rendering/TransparentTextureDatabase.cpp	``dynamic initializer for 'levelTextures'''::`1'::dtor$16
0x140270850	0x270850	42	TransparentTextureDatabase	original/rendering/TransparentTextureDatabase.cpp	``dynamic initializer for 'levelTextures'''::`1'::dtor$18
0x140270880	0x270880	12	TransparentTextureDatabase	original/rendering/TransparentTextureDatabase.cpp	``dynamic initializer for 'levelTextures'''::`1'::dtor$19
0x140270890	0x270890	12	TransparentTextureDatabase	original/rendering/TransparentTextureDatabase.cpp	``dynamic initializer for 'levelTextures'''::`1'::dtor$20
0x1402708A0	0x2708A0	12	TransparentTextureDatabase	original/rendering/TransparentTextureDatabase.cpp	``dynamic initializer for 'levelTextures'''::`1'::dtor$21
0x1402708B0	0x2708B0	12	TransparentTextureDatabase	original/rendering/TransparentTextureDatabase.cpp	``dynamic initializer for 'levelTextures'''::`1'::dtor$22
0x1402708C0	0x2708C0	12	TransparentTextureDatabase	original/rendering/TransparentTextureDatabase.cpp	``dynamic initializer for 'levelTextures'''::`1'::dtor$23
0x1402708D0	0x2708D0	12	TransparentTextureDatabase	original/rendering/TransparentTextureDatabase.cpp	``dynamic initializer for 'levelTextures'''::`1'::dtor$24
0x1402708E0	0x2708E0	12	TransparentTextureDatabase	original/rendering/TransparentTextureDatabase.cpp	``dynamic initializer for 'levelTextures'''::`1'::dtor$25
0x1402708F0	0x2708F0	12	TransparentTextureDatabase	original/rendering/TransparentTextureDatabase.cpp	``dynamic initializer for 'levelTextures'''::`1'::dtor$26
0x140270900	0x270900	12	TransparentTextureDatabase	original/rendering/TransparentTextureDatabase.cpp	``dynamic initializer for 'levelTextures'''::`1'::dtor$27
0x140270910	0x270910	12	TransparentTextureDatabase	original/rendering/TransparentTextureDatabase.cpp	``dynamic initializer for 'levelTextures'''::`1'::dtor$28
0x140270920	0x270920	12	TransparentTextureDatabase	original/rendering/TransparentTextureDatabase.cpp	``dynamic initializer for 'levelTextures'''::`1'::dtor$29
0x140270930	0x270930	12	TransparentTextureDatabase	original/rendering/TransparentTextureDatabase.cpp	``dynamic initializer for 'levelTextures'''::`1'::dtor$30
0x140270940	0x270940	12	TransparentTextureDatabase	original/rendering/TransparentTextureDatabase.cpp	``dynamic initializer for 'levelTextures'''::`1'::dtor$31
0x140270950	0x270950	12	TransparentTextureDatabase	original/rendering/TransparentTextureDatabase.cpp	``dynamic initializer for 'levelTextures'''::`1'::dtor$32
0x140270960	0x270960	12	TransparentTextureDatabase	original/rendering/TransparentTextureDatabase.cpp	``dynamic initializer for 'levelTextures'''::`1'::dtor$33
0x140270970	0x270970	12	TransparentTextureDatabase	original/rendering/TransparentTextureDatabase.cpp	``dynamic initializer for 'levelTextures'''::`1'::dtor$34
0x140270980	0x270980	12	TransparentTextureDatabase	original/rendering/TransparentTextureDatabase.cpp	``dynamic initializer for 'levelTextures'''::`1'::dtor$35
0x140270990	0x270990	12	TransparentTextureDatabase	original/rendering/TransparentTextureDatabase.cpp	``dynamic initializer for 'levelTextures'''::`1'::dtor$36
0x1402709A0	0x2709A0	12	TransparentTextureDatabase	original/rendering/TransparentTextureDatabase.cpp	``dynamic initializer for 'levelTextures'''::`1'::dtor$37
0x1402709B0	0x2709B0	12	TransparentTextureDatabase	original/rendering/TransparentTextureDatabase.cpp	``dynamic initializer for 'levelTextures'''::`1'::dtor$38
0x1402709C0	0x2709C0	12	TransparentTextureDatabase	original/rendering/TransparentTextureDatabase.cpp	``dynamic initializer for 'levelTextures'''::`1'::dtor$39
0x1402709D0	0x2709D0	12	TransparentTextureDatabase	original/rendering/TransparentTextureDatabase.cpp	``dynamic initializer for 'levelTextures'''::`1'::dtor$40
0x1402709E0	0x2709E0	12	TransparentTextureDatabase	original/rendering/TransparentTextureDatabase.cpp	``dynamic initializer for 'levelTextures'''::`1'::dtor$41
0x1402709F0	0x2709F0	12	TransparentTextureDatabase	original/rendering/TransparentTextureDatabase.cpp	``dynamic initializer for 'levelTextures'''::`1'::dtor$42
0x140270A00	0x270A00	12	TransparentTextureDatabase	original/rendering/TransparentTextureDatabase.cpp	``dynamic initializer for 'levelTextures'''::`1'::dtor$43
0x140270A10	0x270A10	12	TransparentTextureDatabase	original/rendering/TransparentTextureDatabase.cpp	``dynamic initializer for 'levelTextures'''::`1'::dtor$44
0x140270A20	0x270A20	45	TransparentTextureDatabase	original/rendering/TransparentTextureDatabase.cpp	``dynamic initializer for 'levelTextures'''::`1'::dtor$46
0x140270A50	0x270A50	12	TransparentTextureDatabase	original/rendering/TransparentTextureDatabase.cpp	``dynamic initializer for 'levelTextures'''::`1'::dtor$47
0x140270A60	0x270A60	12	TransparentTextureDatabase	original/rendering/TransparentTextureDatabase.cpp	``dynamic initializer for 'levelTextures'''::`1'::dtor$48
0x140270A70	0x270A70	12	TransparentTextureDatabase	original/rendering/TransparentTextureDatabase.cpp	``dynamic initializer for 'levelTextures'''::`1'::dtor$49
0x140270A80	0x270A80	12	TransparentTextureDatabase	original/rendering/TransparentTextureDatabase.cpp	``dynamic initializer for 'levelTextures'''::`1'::dtor$50
0x140270A90	0x270A90	12	TransparentTextureDatabase	original/rendering/TransparentTextureDatabase.cpp	``dynamic initializer for 'levelTextures'''::`1'::dtor$51
0x140270AA0	0x270AA0	12	TransparentTextureDatabase	original/rendering/TransparentTextureDatabase.cpp	``dynamic initializer for 'levelTextures'''::`1'::dtor$52
0x140270AB0	0x270AB0	12	TransparentTextureDatabase	original/rendering/TransparentTextureDatabase.cpp	``dynamic initializer for 'levelTextures'''::`1'::dtor$53
0x140270AC0	0x270AC0	12	TransparentTextureDatabase	original/rendering/TransparentTextureDatabase.cpp	``dynamic initializer for 'levelTextures'''::`1'::dtor$54
0x140270AD0	0x270AD0	12	TransparentTextureDatabase	original/rendering/TransparentTextureDatabase.cpp	``dynamic initializer for 'levelTextures'''::`1'::dtor$55
0x140270AE0	0x270AE0	12	TransparentTextureDatabase	original/rendering/TransparentTextureDatabase.cpp	``dynamic initializer for 'levelTextures'''::`1'::dtor$56
0x140270AF0	0x270AF0	12	TransparentTextureDatabase	original/rendering/TransparentTextureDatabase.cpp	``dynamic initializer for 'levelTextures'''::`1'::dtor$57
0x140270B00	0x270B00	12	TransparentTextureDatabase	original/rendering/TransparentTextureDatabase.cpp	``dynamic initializer for 'levelTextures'''::`1'::dtor$58
0x140270B10	0x270B10	12	TransparentTextureDatabase	original/rendering/TransparentTextureDatabase.cpp	``dynamic initializer for 'levelTextures'''::`1'::dtor$59
0x140270B20	0x270B20	12	TransparentTextureDatabase	original/rendering/TransparentTextureDatabase.cpp	``dynamic initializer for 'levelTextures'''::`1'::dtor$60
0x140270B30	0x270B30	12	TransparentTextureDatabase	original/rendering/TransparentTextureDatabase.cpp	``dynamic initializer for 'levelTextures'''::`1'::dtor$61
0x140270B40	0x270B40	12	TransparentTextureDatabase	original/rendering/TransparentTextureDatabase.cpp	``dynamic initializer for 'levelTextures'''::`1'::dtor$62
0x140270B50	0x270B50	12	TransparentTextureDatabase	original/rendering/TransparentTextureDatabase.cpp	``dynamic initializer for 'levelTextures'''::`1'::dtor$63
0x140270B60	0x270B60	12	TransparentTextureDatabase	original/rendering/TransparentTextureDatabase.cpp	``dynamic initializer for 'levelTextures'''::`1'::dtor$64
0x140270B70	0x270B70	12	TransparentTextureDatabase	original/rendering/TransparentTextureDatabase.cpp	``dynamic initializer for 'levelTextures'''::`1'::dtor$65
0x140270B80	0x270B80	42	TransparentTextureDatabase	original/rendering/TransparentTextureDatabase.cpp	``dynamic initializer for 'levelTextures'''::`1'::dtor$67
0x140270BB0	0x270BB0	12	TransparentTextureDatabase	original/rendering/TransparentTextureDatabase.cpp	``dynamic initializer for 'levelTextures'''::`1'::dtor$68
0x140270BC0	0x270BC0	12	TransparentTextureDatabase	original/rendering/TransparentTextureDatabase.cpp	``dynamic initializer for 'levelTextures'''::`1'::dtor$69
0x140270BD0	0x270BD0	12	TransparentTextureDatabase	original/rendering/TransparentTextureDatabase.cpp	``dynamic initializer for 'levelTextures'''::`1'::dtor$70
0x140270BE0	0x270BE0	12	TransparentTextureDatabase	original/rendering/TransparentTextureDatabase.cpp	``dynamic initializer for 'levelTextures'''::`1'::dtor$71
0x140270BF0	0x270BF0	12	TransparentTextureDatabase	original/rendering/TransparentTextureDatabase.cpp	``dynamic initializer for 'levelTextures'''::`1'::dtor$72
0x140270C00	0x270C00	12	TransparentTextureDatabase	original/rendering/TransparentTextureDatabase.cpp	``dynamic initializer for 'levelTextures'''::`1'::dtor$73
0x140270C10	0x270C10	12	TransparentTextureDatabase	original/rendering/TransparentTextureDatabase.cpp	``dynamic initializer for 'levelTextures'''::`1'::dtor$74
0x140270C20	0x270C20	12	TransparentTextureDatabase	original/rendering/TransparentTextureDatabase.cpp	``dynamic initializer for 'levelTextures'''::`1'::dtor$75
0x140270C30	0x270C30	45	TransparentTextureDatabase	original/rendering/TransparentTextureDatabase.cpp	``dynamic initializer for 'levelTextures'''::`1'::dtor$77
0x140270C60	0x270C60	12	TransparentTextureDatabase	original/rendering/TransparentTextureDatabase.cpp	``dynamic initializer for 'levelTextures'''::`1'::dtor$78
0x140270C70	0x270C70	12	TransparentTextureDatabase	original/rendering/TransparentTextureDatabase.cpp	``dynamic initializer for 'levelTextures'''::`1'::dtor$79
0x140270C80	0x270C80	12	TransparentTextureDatabase	original/rendering/TransparentTextureDatabase.cpp	``dynamic initializer for 'levelTextures'''::`1'::dtor$80
0x140270C90	0x270C90	12	TransparentTextureDatabase	original/rendering/TransparentTextureDatabase.cpp	``dynamic initializer for 'levelTextures'''::`1'::dtor$81
0x140270CA0	0x270CA0	12	TransparentTextureDatabase	original/rendering/TransparentTextureDatabase.cpp	``dynamic initializer for 'levelTextures'''::`1'::dtor$82
0x140270CB0	0x270CB0	12	TransparentTextureDatabase	original/rendering/TransparentTextureDatabase.cpp	``dynamic initializer for 'levelTextures'''::`1'::dtor$83
0x140270CC0	0x270CC0	12	TransparentTextureDatabase	original/rendering/TransparentTextureDatabase.cpp	``dynamic initializer for 'levelTextures'''::`1'::dtor$84
0x140270CD0	0x270CD0	12	TransparentTextureDatabase	original/rendering/TransparentTextureDatabase.cpp	``dynamic initializer for 'levelTextures'''::`1'::dtor$85
0x140270CE0	0x270CE0	12	TransparentTextureDatabase	original/rendering/TransparentTextureDatabase.cpp	``dynamic initializer for 'levelTextures'''::`1'::dtor$86
0x140270CF0	0x270CF0	12	TransparentTextureDatabase	original/rendering/TransparentTextureDatabase.cpp	``dynamic initializer for 'levelTextures'''::`1'::dtor$87
0x140270D00	0x270D00	12	TransparentTextureDatabase	original/rendering/TransparentTextureDatabase.cpp	``dynamic initializer for 'levelTextures'''::`1'::dtor$88
0x140270D10	0x270D10	12	TransparentTextureDatabase	original/rendering/TransparentTextureDatabase.cpp	``dynamic initializer for 'levelTextures'''::`1'::dtor$89
0x140270D20	0x270D20	12	TransparentTextureDatabase	original/rendering/TransparentTextureDatabase.cpp	``dynamic initializer for 'levelTextures'''::`1'::dtor$90
0x140270D30	0x270D30	12	TransparentTextureDatabase	original/rendering/TransparentTextureDatabase.cpp	``dynamic initializer for 'levelTextures'''::`1'::dtor$91
0x140270D40	0x270D40	12	TransparentTextureDatabase	original/rendering/TransparentTextureDatabase.cpp	``dynamic initializer for 'levelTextures'''::`1'::dtor$92
0x140270D50	0x270D50	12	TransparentTextureDatabase	original/rendering/TransparentTextureDatabase.cpp	``dynamic initializer for 'levelTextures'''::`1'::dtor$93
0x140270D60	0x270D60	12	TransparentTextureDatabase	original/rendering/TransparentTextureDatabase.cpp	``dynamic initializer for 'levelTextures'''::`1'::dtor$94
0x140270D70	0x270D70	12	TransparentTextureDatabase	original/rendering/TransparentTextureDatabase.cpp	``dynamic initializer for 'levelTextures'''::`1'::dtor$95
0x140270D80	0x270D80	12	TransparentTextureDatabase	original/rendering/TransparentTextureDatabase.cpp	``dynamic initializer for 'levelTextures'''::`1'::dtor$96
0x140270D90	0x270D90	12	TransparentTextureDatabase	original/rendering/TransparentTextureDatabase.cpp	``dynamic initializer for 'levelTextures'''::`1'::dtor$97
0x140270DA0	0x270DA0	12	TransparentTextureDatabase	original/rendering/TransparentTextureDatabase.cpp	``dynamic initializer for 'levelTextures'''::`1'::dtor$98
0x140270DB0	0x270DB0	12	TransparentTextureDatabase	original/rendering/TransparentTextureDatabase.cpp	``dynamic initializer for 'levelTextures'''::`1'::dtor$99
0x140270DC0	0x270DC0	12	TransparentTextureDatabase	original/rendering/TransparentTextureDatabase.cpp	``dynamic initializer for 'levelTextures'''::`1'::dtor$100
0x140270DD0	0x270DD0	12	TransparentTextureDatabase	original/rendering/TransparentTextureDatabase.cpp	``dynamic initializer for 'levelTextures'''::`1'::dtor$101
0x140270DE0	0x270DE0	12	TransparentTextureDatabase	original/rendering/TransparentTextureDatabase.cpp	``dynamic initializer for 'levelTextures'''::`1'::dtor$102
0x140270DF0	0x270DF0	12	TransparentTextureDatabase	original/rendering/TransparentTextureDatabase.cpp	``dynamic initializer for 'levelTextures'''::`1'::dtor$103
0x140270E00	0x270E00	12	TransparentTextureDatabase	original/rendering/TransparentTextureDatabase.cpp	``dynamic initializer for 'levelTextures'''::`1'::dtor$104
0x140270E10	0x270E10	42	TransparentTextureDatabase	original/rendering/TransparentTextureDatabase.cpp	``dynamic initializer for 'levelTextures'''::`1'::dtor$106
0x140270E40	0x270E40	12	TransparentTextureDatabase	original/rendering/TransparentTextureDatabase.cpp	``dynamic initializer for 'levelTextures'''::`1'::dtor$107
0x140270E50	0x270E50	12	TransparentTextureDatabase	original/rendering/TransparentTextureDatabase.cpp	``dynamic initializer for 'levelTextures'''::`1'::dtor$108
0x140270E60	0x270E60	12	TransparentTextureDatabase	original/rendering/TransparentTextureDatabase.cpp	``dynamic initializer for 'levelTextures'''::`1'::dtor$109
0x140270E70	0x270E70	12	TransparentTextureDatabase	original/rendering/TransparentTextureDatabase.cpp	``dynamic initializer for 'levelTextures'''::`1'::dtor$110
0x140270E80	0x270E80	12	TransparentTextureDatabase	original/rendering/TransparentTextureDatabase.cpp	``dynamic initializer for 'levelTextures'''::`1'::dtor$111
0x140270E90	0x270E90	12	TransparentTextureDatabase	original/rendering/TransparentTextureDatabase.cpp	``dynamic initializer for 'levelTextures'''::`1'::dtor$112
0x140270EA0	0x270EA0	12	TransparentTextureDatabase	original/rendering/TransparentTextureDatabase.cpp	``dynamic initializer for 'levelTextures'''::`1'::dtor$113
0x140270EB0	0x270EB0	12	TransparentTextureDatabase	original/rendering/TransparentTextureDatabase.cpp	``dynamic initializer for 'levelTextures'''::`1'::dtor$114
0x140270EC0	0x270EC0	12	TransparentTextureDatabase	original/rendering/TransparentTextureDatabase.cpp	``dynamic initializer for 'levelTextures'''::`1'::dtor$115
0x140270ED0	0x270ED0	12	TransparentTextureDatabase	original/rendering/TransparentTextureDatabase.cpp	``dynamic initializer for 'levelTextures'''::`1'::dtor$116
0x140270EE0	0x270EE0	12	TransparentTextureDatabase	original/rendering/TransparentTextureDatabase.cpp	``dynamic initializer for 'levelTextures'''::`1'::dtor$117
0x140270EF0	0x270EF0	12	TransparentTextureDatabase	original/rendering/TransparentTextureDatabase.cpp	``dynamic initializer for 'levelTextures'''::`1'::dtor$118
0x140270F00	0x270F00	12	TransparentTextureDatabase	original/rendering/TransparentTextureDatabase.cpp	``dynamic initializer for 'levelTextures'''::`1'::dtor$119
0x140270F10	0x270F10	12	TransparentTextureDatabase	original/rendering/TransparentTextureDatabase.cpp	``dynamic initializer for 'levelTextures'''::`1'::dtor$120
0x140270F20	0x270F20	12	TransparentTextureDatabase	original/rendering/TransparentTextureDatabase.cpp	``dynamic initializer for 'levelTextures'''::`1'::dtor$121
0x140270F30	0x270F30	12	TransparentTextureDatabase	original/rendering/TransparentTextureDatabase.cpp	``dynamic initializer for 'levelTextures'''::`1'::dtor$122
0x140270F40	0x270F40	12	TransparentTextureDatabase	original/rendering/TransparentTextureDatabase.cpp	``dynamic initializer for 'levelTextures'''::`1'::dtor$123
0x140270F50	0x270F50	12	TransparentTextureDatabase	original/rendering/TransparentTextureDatabase.cpp	``dynamic initializer for 'levelTextures'''::`1'::dtor$124
0x140270F60	0x270F60	12	TransparentTextureDatabase	original/rendering/TransparentTextureDatabase.cpp	``dynamic initializer for 'levelTextures'''::`1'::dtor$125
0x140270F70	0x270F70	12	TransparentTextureDatabase	original/rendering/TransparentTextureDatabase.cpp	``dynamic initializer for 'levelTextures'''::`1'::dtor$126
0x140270F80	0x270F80	12	TransparentTextureDatabase	original/rendering/TransparentTextureDatabase.cpp	``dynamic initializer for 'levelTextures'''::`1'::dtor$127
0x140270F90	0x270F90	12	TransparentTextureDatabase	original/rendering/TransparentTextureDatabase.cpp	``dynamic initializer for 'levelTextures'''::`1'::dtor$128
0x140270FA0	0x270FA0	12	TransparentTextureDatabase	original/rendering/TransparentTextureDatabase.cpp	``dynamic initializer for 'levelTextures'''::`1'::dtor$129
0x140270FB0	0x270FB0	12	TransparentTextureDatabase	original/rendering/TransparentTextureDatabase.cpp	``dynamic initializer for 'levelTextures'''::`1'::dtor$130
0x140270FC0	0x270FC0	12	TransparentTextureDatabase	original/rendering/TransparentTextureDatabase.cpp	``dynamic initializer for 'levelTextures'''::`1'::dtor$131
0x140270FD0	0x270FD0	12	TransparentTextureDatabase	original/rendering/TransparentTextureDatabase.cpp	``dynamic initializer for 'levelTextures'''::`1'::dtor$132
0x140270FE0	0x270FE0	12	TransparentTextureDatabase	original/rendering/TransparentTextureDatabase.cpp	``dynamic initializer for 'levelTextures'''::`1'::dtor$133
0x140270FF0	0x270FF0	12	TransparentTextureDatabase	original/rendering/TransparentTextureDatabase.cpp	``dynamic initializer for 'levelTextures'''::`1'::dtor$134
0x140271000	0x271000	12	TransparentTextureDatabase	original/rendering/TransparentTextureDatabase.cpp	``dynamic initializer for 'levelTextures'''::`1'::dtor$135
0x140271010	0x271010	12	TransparentTextureDatabase	original/rendering/TransparentTextureDatabase.cpp	``dynamic initializer for 'levelTextures'''::`1'::dtor$136
0x140271020	0x271020	12	TransparentTextureDatabase	original/rendering/TransparentTextureDatabase.cpp	``dynamic initializer for 'levelTextures'''::`1'::dtor$137
0x140271030	0x271030	12	TransparentTextureDatabase	original/rendering/TransparentTextureDatabase.cpp	``dynamic initializer for 'levelTextures'''::`1'::dtor$138
0x140271040	0x271040	12	TransparentTextureDatabase	original/rendering/TransparentTextureDatabase.cpp	``dynamic initializer for 'levelTextures'''::`1'::dtor$139
0x140271050	0x271050	12	TransparentTextureDatabase	original/rendering/TransparentTextureDatabase.cpp	``dynamic initializer for 'levelTextures'''::`1'::dtor$140
0x140271060	0x271060	12	TransparentTextureDatabase	original/rendering/TransparentTextureDatabase.cpp	``dynamic initializer for 'levelTextures'''::`1'::dtor$141
0x140271070	0x271070	12	TransparentTextureDatabase	original/rendering/TransparentTextureDatabase.cpp	``dynamic initializer for 'levelTextures'''::`1'::dtor$142
0x140271080	0x271080	12	TransparentTextureDatabase	original/rendering/TransparentTextureDatabase.cpp	``dynamic initializer for 'levelTextures'''::`1'::dtor$143
0x140271090	0x271090	12	TransparentTextureDatabase	original/rendering/TransparentTextureDatabase.cpp	``dynamic initializer for 'levelTextures'''::`1'::dtor$144
0x1402710A0	0x2710A0	12	TransparentTextureDatabase	original/rendering/TransparentTextureDatabase.cpp	``dynamic initializer for 'levelTextures'''::`1'::dtor$145
0x1402710B0	0x2710B0	12	TransparentTextureDatabase	original/rendering/TransparentTextureDatabase.cpp	``dynamic initializer for 'levelTextures'''::`1'::dtor$146
0x1402710C0	0x2710C0	12	TransparentTextureDatabase	original/rendering/TransparentTextureDatabase.cpp	``dynamic initializer for 'levelTextures'''::`1'::dtor$147
0x1402710D0	0x2710D0	12	TransparentTextureDatabase	original/rendering/TransparentTextureDatabase.cpp	``dynamic initializer for 'levelTextures'''::`1'::dtor$148
0x1402710E0	0x2710E0	45	TransparentTextureDatabase	original/rendering/TransparentTextureDatabase.cpp	``dynamic initializer for 'levelTextures'''::`1'::dtor$150
0x140271110	0x271110	12	TransparentTextureDatabase	original/rendering/TransparentTextureDatabase.cpp	``dynamic initializer for 'levelTextures'''::`1'::dtor$151
0x140271120	0x271120	12	TransparentTextureDatabase	original/rendering/TransparentTextureDatabase.cpp	``dynamic initializer for 'levelTextures'''::`1'::dtor$152
0x140271130	0x271130	12	TransparentTextureDatabase	original/rendering/TransparentTextureDatabase.cpp	``dynamic initializer for 'levelTextures'''::`1'::dtor$153
0x140271140	0x271140	12	TransparentTextureDatabase	original/rendering/TransparentTextureDatabase.cpp	``dynamic initializer for 'levelTextures'''::`1'::dtor$154
0x140271150	0x271150	12	TransparentTextureDatabase	original/rendering/TransparentTextureDatabase.cpp	``dynamic initializer for 'levelTextures'''::`1'::dtor$155
0x140271160	0x271160	12	TransparentTextureDatabase	original/rendering/TransparentTextureDatabase.cpp	``dynamic initializer for 'levelTextures'''::`1'::dtor$156
0x140271170	0x271170	12	TransparentTextureDatabase	original/rendering/TransparentTextureDatabase.cpp	``dynamic initializer for 'levelTextures'''::`1'::dtor$157
0x140271180	0x271180	12	TransparentTextureDatabase	original/rendering/TransparentTextureDatabase.cpp	``dynamic initializer for 'levelTextures'''::`1'::dtor$158
0x140271190	0x271190	12	TransparentTextureDatabase	original/rendering/TransparentTextureDatabase.cpp	``dynamic initializer for 'levelTextures'''::`1'::dtor$159
0x1402711A0	0x2711A0	12	TransparentTextureDatabase	original/rendering/TransparentTextureDatabase.cpp	``dynamic initializer for 'levelTextures'''::`1'::dtor$160
0x1402711B0	0x2711B0	12	TransparentTextureDatabase	original/rendering/TransparentTextureDatabase.cpp	``dynamic initializer for 'levelTextures'''::`1'::dtor$161
0x1402711C0	0x2711C0	12	TransparentTextureDatabase	original/rendering/TransparentTextureDatabase.cpp	``dynamic initializer for 'levelTextures'''::`1'::dtor$162
0x1402711D0	0x2711D0	12	TransparentTextureDatabase	original/rendering/TransparentTextureDatabase.cpp	``dynamic initializer for 'levelTextures'''::`1'::dtor$163
0x1402711E0	0x2711E0	12	TransparentTextureDatabase	original/rendering/TransparentTextureDatabase.cpp	``dynamic initializer for 'levelTextures'''::`1'::dtor$164
0x1402711F0	0x2711F0	12	TransparentTextureDatabase	original/rendering/TransparentTextureDatabase.cpp	``dynamic initializer for 'levelTextures'''::`1'::dtor$165
0x140271200	0x271200	12	TransparentTextureDatabase	original/rendering/TransparentTextureDatabase.cpp	``dynamic initializer for 'levelTextures'''::`1'::dtor$166
0x140271210	0x271210	12	TransparentTextureDatabase	original/rendering/TransparentTextureDatabase.cpp	``dynamic initializer for 'levelTextures'''::`1'::dtor$167
0x140271220	0x271220	12	TransparentTextureDatabase	original/rendering/TransparentTextureDatabase.cpp	``dynamic initializer for 'levelTextures'''::`1'::dtor$168
0x140271230	0x271230	12	TransparentTextureDatabase	original/rendering/TransparentTextureDatabase.cpp	``dynamic initializer for 'levelTextures'''::`1'::dtor$169
0x140271240	0x271240	45	TransparentTextureDatabase	original/rendering/TransparentTextureDatabase.cpp	``dynamic initializer for 'levelTextures'''::`1'::dtor$171
0x140271270	0x271270	12	TransparentTextureDatabase	original/rendering/TransparentTextureDatabase.cpp	``dynamic initializer for 'levelTextures'''::`1'::dtor$172
0x140271280	0x271280	12	TransparentTextureDatabase	original/rendering/TransparentTextureDatabase.cpp	``dynamic initializer for 'levelTextures'''::`1'::dtor$173
0x140271290	0x271290	12	TransparentTextureDatabase	original/rendering/TransparentTextureDatabase.cpp	``dynamic initializer for 'levelTextures'''::`1'::dtor$174
0x1402712A0	0x2712A0	12	TransparentTextureDatabase	original/rendering/TransparentTextureDatabase.cpp	``dynamic initializer for 'levelTextures'''::`1'::dtor$175
0x1402712B0	0x2712B0	12	TransparentTextureDatabase	original/rendering/TransparentTextureDatabase.cpp	``dynamic initializer for 'levelTextures'''::`1'::dtor$176
0x1402712C0	0x2712C0	12	TransparentTextureDatabase	original/rendering/TransparentTextureDatabase.cpp	``dynamic initializer for 'levelTextures'''::`1'::dtor$177
0x1402712D0	0x2712D0	12	TransparentTextureDatabase	original/rendering/TransparentTextureDatabase.cpp	``dynamic initializer for 'levelTextures'''::`1'::dtor$178
0x1402712E0	0x2712E0	12	TransparentTextureDatabase	original/rendering/TransparentTextureDatabase.cpp	``dynamic initializer for 'levelTextures'''::`1'::dtor$179
0x1402712F0	0x2712F0	12	TransparentTextureDatabase	original/rendering/TransparentTextureDatabase.cpp	``dynamic initializer for 'levelTextures'''::`1'::dtor$180
0x140271300	0x271300	12	TransparentTextureDatabase	original/rendering/TransparentTextureDatabase.cpp	``dynamic initializer for 'levelTextures'''::`1'::dtor$181
0x140271310	0x271310	12	TransparentTextureDatabase	original/rendering/TransparentTextureDatabase.cpp	``dynamic initializer for 'levelTextures'''::`1'::dtor$182
0x140271320	0x271320	12	TransparentTextureDatabase	original/rendering/TransparentTextureDatabase.cpp	``dynamic initializer for 'levelTextures'''::`1'::dtor$183
0x140271330	0x271330	12	TransparentTextureDatabase	original/rendering/TransparentTextureDatabase.cpp	``dynamic initializer for 'levelTextures'''::`1'::dtor$184
0x140271340	0x271340	12	TransparentTextureDatabase	original/rendering/TransparentTextureDatabase.cpp	``dynamic initializer for 'levelTextures'''::`1'::dtor$185
0x140271350	0x271350	12	TransparentTextureDatabase	original/rendering/TransparentTextureDatabase.cpp	``dynamic initializer for 'levelTextures'''::`1'::dtor$186
0x140271360	0x271360	42	TransparentTextureDatabase	original/rendering/TransparentTextureDatabase.cpp	``dynamic initializer for 'levelTextures'''::`1'::dtor$188
0x140271390	0x271390	12	TransparentTextureDatabase	original/rendering/TransparentTextureDatabase.cpp	``dynamic initializer for 'levelTextures'''::`1'::dtor$189
0x1402713A0	0x2713A0	12	TransparentTextureDatabase	original/rendering/TransparentTextureDatabase.cpp	``dynamic initializer for 'levelTextures'''::`1'::dtor$190
0x1402713B0	0x2713B0	45	TransparentTextureDatabase	original/rendering/TransparentTextureDatabase.cpp	``dynamic initializer for 'levelTextures'''::`1'::dtor$192
0x1402713E0	0x2713E0	12	TransparentTextureDatabase	original/rendering/TransparentTextureDatabase.cpp	``dynamic initializer for 'levelTextures'''::`1'::dtor$193
0x1402713F0	0x2713F0	12	TransparentTextureDatabase	original/rendering/TransparentTextureDatabase.cpp	``dynamic initializer for 'levelTextures'''::`1'::dtor$194
0x140271400	0x271400	12	TransparentTextureDatabase	original/rendering/TransparentTextureDatabase.cpp	``dynamic initializer for 'levelTextures'''::`1'::dtor$195
0x140271410	0x271410	12	TransparentTextureDatabase	original/rendering/TransparentTextureDatabase.cpp	``dynamic initializer for 'levelTextures'''::`1'::dtor$196
0x140271420	0x271420	12	TransparentTextureDatabase	original/rendering/TransparentTextureDatabase.cpp	``dynamic initializer for 'levelTextures'''::`1'::dtor$197
0x140271430	0x271430	12	TransparentTextureDatabase	original/rendering/TransparentTextureDatabase.cpp	``dynamic initializer for 'levelTextures'''::`1'::dtor$198
0x140271440	0x271440	12	TransparentTextureDatabase	original/rendering/TransparentTextureDatabase.cpp	``dynamic initializer for 'levelTextures'''::`1'::dtor$199
0x140271450	0x271450	12	TransparentTextureDatabase	original/rendering/TransparentTextureDatabase.cpp	``dynamic initializer for 'levelTextures'''::`1'::dtor$200
0x140271460	0x271460	12	TransparentTextureDatabase	original/rendering/TransparentTextureDatabase.cpp	``dynamic initializer for 'levelTextures'''::`1'::dtor$201
0x140271470	0x271470	12	TransparentTextureDatabase	original/rendering/TransparentTextureDatabase.cpp	``dynamic initializer for 'levelTextures'''::`1'::dtor$202
0x140271480	0x271480	12	TransparentTextureDatabase	original/rendering/TransparentTextureDatabase.cpp	``dynamic initializer for 'levelTextures'''::`1'::dtor$203
0x140271490	0x271490	12	TransparentTextureDatabase	original/rendering/TransparentTextureDatabase.cpp	``dynamic initializer for 'levelTextures'''::`1'::dtor$204
0x1402714A0	0x2714A0	42	TransparentTextureDatabase	original/rendering/TransparentTextureDatabase.cpp	``dynamic initializer for 'levelTextures'''::`1'::dtor$206
0x1402714D0	0x2714D0	12	TransparentTextureDatabase	original/rendering/TransparentTextureDatabase.cpp	``dynamic initializer for 'levelTextures'''::`1'::dtor$207
0x1402714E0	0x2714E0	12	TransparentTextureDatabase	original/rendering/TransparentTextureDatabase.cpp	``dynamic initializer for 'levelTextures'''::`1'::dtor$208
0x1402714F0	0x2714F0	12	TransparentTextureDatabase	original/rendering/TransparentTextureDatabase.cpp	``dynamic initializer for 'levelTextures'''::`1'::dtor$209
0x140271500	0x271500	12	TransparentTextureDatabase	original/rendering/TransparentTextureDatabase.cpp	``dynamic initializer for 'levelTextures'''::`1'::dtor$210
0x140271510	0x271510	12	TransparentTextureDatabase	original/rendering/TransparentTextureDatabase.cpp	``dynamic initializer for 'levelTextures'''::`1'::dtor$211
0x140271520	0x271520	12	TransparentTextureDatabase	original/rendering/TransparentTextureDatabase.cpp	``dynamic initializer for 'levelTextures'''::`1'::dtor$212
0x140271530	0x271530	12	TransparentTextureDatabase	original/rendering/TransparentTextureDatabase.cpp	``dynamic initializer for 'levelTextures'''::`1'::dtor$213
0x140271540	0x271540	45	TransparentTextureDatabase	original/rendering/TransparentTextureDatabase.cpp	``dynamic initializer for 'levelTextures'''::`1'::dtor$215
0x140271570	0x271570	12	TransparentTextureDatabase	original/rendering/TransparentTextureDatabase.cpp	``dynamic initializer for 'levelTextures'''::`1'::dtor$216
0x140271580	0x271580	12	TransparentTextureDatabase	original/rendering/TransparentTextureDatabase.cpp	``dynamic initializer for 'levelTextures'''::`1'::dtor$217
0x140271590	0x271590	12	TransparentTextureDatabase	original/rendering/TransparentTextureDatabase.cpp	``dynamic initializer for 'levelTextures'''::`1'::dtor$218
0x1402715A0	0x2715A0	12	TransparentTextureDatabase	original/rendering/TransparentTextureDatabase.cpp	``dynamic initializer for 'levelTextures'''::`1'::dtor$219
0x1402715B0	0x2715B0	12	TransparentTextureDatabase	original/rendering/TransparentTextureDatabase.cpp	``dynamic initializer for 'levelTextures'''::`1'::dtor$220
0x1402715C0	0x2715C0	12	TransparentTextureDatabase	original/rendering/TransparentTextureDatabase.cpp	``dynamic initializer for 'levelTextures'''::`1'::dtor$221
0x1402715D0	0x2715D0	12	TransparentTextureDatabase	original/rendering/TransparentTextureDatabase.cpp	``dynamic initializer for 'levelTextures'''::`1'::dtor$222
0x1402715E0	0x2715E0	12	TransparentTextureDatabase	original/rendering/TransparentTextureDatabase.cpp	``dynamic initializer for 'levelTextures'''::`1'::dtor$223
0x1402715F0	0x2715F0	12	TransparentTextureDatabase	original/rendering/TransparentTextureDatabase.cpp	``dynamic initializer for 'levelTextures'''::`1'::dtor$224
0x140271600	0x271600	12	TransparentTextureDatabase	original/rendering/TransparentTextureDatabase.cpp	``dynamic initializer for 'levelTextures'''::`1'::dtor$225
0x140271610	0x271610	12	TransparentTextureDatabase	original/rendering/TransparentTextureDatabase.cpp	``dynamic initializer for 'levelTextures'''::`1'::dtor$226
0x140271620	0x271620	12	TransparentTextureDatabase	original/rendering/TransparentTextureDatabase.cpp	``dynamic initializer for 'levelTextures'''::`1'::dtor$227
0x140271630	0x271630	12	TransparentTextureDatabase	original/rendering/TransparentTextureDatabase.cpp	``dynamic initializer for 'levelTextures'''::`1'::dtor$228
0x140271640	0x271640	12	TransparentTextureDatabase	original/rendering/TransparentTextureDatabase.cpp	``dynamic initializer for 'levelTextures'''::`1'::dtor$229
0x140271650	0x271650	12	TransparentTextureDatabase	original/rendering/TransparentTextureDatabase.cpp	``dynamic initializer for 'levelTextures'''::`1'::dtor$230
0x140271660	0x271660	12	TransparentTextureDatabase	original/rendering/TransparentTextureDatabase.cpp	``dynamic initializer for 'levelTextures'''::`1'::dtor$231
0x140271670	0x271670	12	TransparentTextureDatabase	original/rendering/TransparentTextureDatabase.cpp	``dynamic initializer for 'levelTextures'''::`1'::dtor$232
0x140271680	0x271680	12	TransparentTextureDatabase	original/rendering/TransparentTextureDatabase.cpp	``dynamic initializer for 'levelTextures'''::`1'::dtor$233
0x140271690	0x271690	12	TransparentTextureDatabase	original/rendering/TransparentTextureDatabase.cpp	``dynamic initializer for 'levelTextures'''::`1'::dtor$234
0x1402716A0	0x2716A0	12	TransparentTextureDatabase	original/rendering/TransparentTextureDatabase.cpp	``dynamic initializer for 'levelTextures'''::`1'::dtor$235
0x1402716B0	0x2716B0	12	TransparentTextureDatabase	original/rendering/TransparentTextureDatabase.cpp	``dynamic initializer for 'levelTextures'''::`1'::dtor$236
0x1402716C0	0x2716C0	12	TransparentTextureDatabase	original/rendering/TransparentTextureDatabase.cpp	``dynamic initializer for 'levelTextures'''::`1'::dtor$237
0x1402716D0	0x2716D0	12	TransparentTextureDatabase	original/rendering/TransparentTextureDatabase.cpp	``dynamic initializer for 'levelTextures'''::`1'::dtor$238
0x1402716E0	0x2716E0	12	TransparentTextureDatabase	original/rendering/TransparentTextureDatabase.cpp	``dynamic initializer for 'levelTextures'''::`1'::dtor$239
0x1402716F0	0x2716F0	12	TransparentTextureDatabase	original/rendering/TransparentTextureDatabase.cpp	``dynamic initializer for 'levelTextures'''::`1'::dtor$240
0x140271700	0x271700	12	TransparentTextureDatabase	original/rendering/TransparentTextureDatabase.cpp	``dynamic initializer for 'levelTextures'''::`1'::dtor$241
0x140271710	0x271710	12	TransparentTextureDatabase	original/rendering/TransparentTextureDatabase.cpp	``dynamic initializer for 'levelTextures'''::`1'::dtor$242
0x140271720	0x271720	42	TransparentTextureDatabase	original/rendering/TransparentTextureDatabase.cpp	``dynamic initializer for 'levelTextures'''::`1'::dtor$244
0x140271750	0x271750	12	TransparentTextureDatabase	original/rendering/TransparentTextureDatabase.cpp	``dynamic initializer for 'levelTextures'''::`1'::dtor$245
0x140271760	0x271760	45	TransparentTextureDatabase	original/rendering/TransparentTextureDatabase.cpp	``dynamic initializer for 'levelTextures'''::`1'::dtor$247
0x140271790	0x271790	12	TransparentTextureDatabase	original/rendering/TransparentTextureDatabase.cpp	``dynamic initializer for 'levelTextures'''::`1'::dtor$248
0x1402717A0	0x2717A0	45	TransparentTextureDatabase	original/rendering/TransparentTextureDatabase.cpp	``dynamic initializer for 'levelTextures'''::`1'::dtor$250
0x1402717D0	0x2717D0	12	TransparentTextureDatabase	original/rendering/TransparentTextureDatabase.cpp	``dynamic initializer for 'levelTextures'''::`1'::dtor$251
0x1402717E0	0x2717E0	12	TransparentTextureDatabase	original/rendering/TransparentTextureDatabase.cpp	``dynamic initializer for 'levelTextures'''::`1'::dtor$252
0x1402717F0	0x2717F0	12	TransparentTextureDatabase	original/rendering/TransparentTextureDatabase.cpp	``dynamic initializer for 'levelTextures'''::`1'::dtor$253
0x140271800	0x271800	12	TransparentTextureDatabase	original/rendering/TransparentTextureDatabase.cpp	``dynamic initializer for 'levelTextures'''::`1'::dtor$254
0x140271810	0x271810	45	TransparentTextureDatabase	original/rendering/TransparentTextureDatabase.cpp	``dynamic initializer for 'levelTextures'''::`1'::dtor$256
0x140271840	0x271840	12	TransparentTextureDatabase	original/rendering/TransparentTextureDatabase.cpp	``dynamic initializer for 'levelTextures'''::`1'::dtor$257
0x140271850	0x271850	45	TransparentTextureDatabase	original/rendering/TransparentTextureDatabase.cpp	``dynamic initializer for 'levelTextures'''::`1'::dtor$259
0x140271880	0x271880	12	TransparentTextureDatabase	original/rendering/TransparentTextureDatabase.cpp	``dynamic initializer for 'levelTextures'''::`1'::dtor$260
0x140271890	0x271890	12	TransparentTextureDatabase	original/rendering/TransparentTextureDatabase.cpp	``dynamic initializer for 'levelTextures'''::`1'::dtor$261
0x1402718A0	0x2718A0	12	TransparentTextureDatabase	original/rendering/TransparentTextureDatabase.cpp	``dynamic initializer for 'levelTextures'''::`1'::dtor$262
0x1402718B0	0x2718B0	12	TransparentTextureDatabase	original/rendering/TransparentTextureDatabase.cpp	``dynamic initializer for 'levelTextures'''::`1'::dtor$263
0x1402718C0	0x2718C0	12	TransparentTextureDatabase	original/rendering/TransparentTextureDatabase.cpp	``dynamic initializer for 'levelTextures'''::`1'::dtor$264
0x1402718D0	0x2718D0	45	TransparentTextureDatabase	original/rendering/TransparentTextureDatabase.cpp	``dynamic initializer for 'levelTextures'''::`1'::dtor$266
0x140271900	0x271900	12	TransparentTextureDatabase	original/rendering/TransparentTextureDatabase.cpp	``dynamic initializer for 'levelTextures'''::`1'::dtor$267
0x140279E80	0x279E80	127	TransparentTextureDatabase	original/rendering/TransparentTextureDatabase.cpp	`dynamic atexit destructor for 'glassTextures''
0x140279F00	0x279F00	28	TransparentTextureDatabase	original/rendering/TransparentTextureDatabase.cpp	`dynamic atexit destructor for 'levelTextures''
0x1400EE930	0xEE930	603	TransparentTextureDatabase	original/rendering/TransparentTextureDatabase.cpp	std::_Tree_val<std::_Tree_simple_types<std::basic_string<char,std::char_traits<char>,std::allocator<char> > > >::_Insert_node
0x1400EEB90	0xEEB90	270	TransparentTextureDatabase	original/rendering/TransparentTextureDatabase.cpp	isGlassTexture
0x1400EECA0	0xEECA0	242	TransparentTextureDatabase	original/rendering/TransparentTextureDatabase.cpp	isTextureTransparent
0x1400EEDA0	0xEEDA0	652	resources	original/resources.c	resource_getPath
0x1400EF030	0xEF030	126	resources	original/resources.c	resource_getPathWithExtension
0x1400EF0B0	0xEF0B0	55	resources	original/resources.c	resource_pathToLower
0x1400EF0F0	0xEF0F0	10	resources	original/resources.c	resource_updateloading
0x1400EF100	0xEF100	91	resources	original/resources.c	snprintf
0x1400EF160	0xEF160	704	sabre	original/sabre.c	sabre_AddEdge
0x1400EF420	0xEF420	2443	sabre	original/sabre.c	sabre_CatMullData
0x1400EFDB0	0xEFDB0	706	sabre	original/sabre.c	sabre_ConformSubEdgeData
0x1400F0080	0xF0080	376	sabre	original/sabre.c	sabre_gCreateSabre
0x1400F0200	0xF0200	11	sabre	original/sabre.c	sabre_gInitSabrePool
0x1400F0210	0xF0210	118	sabre	original/sabre.c	sabre_gRenderSabres
0x1400F0290	0xF0290	215	sabre	original/sabre.c	sabre_gSabreCatMullSpline
0x1400F0370	0xF0370	1669	sabre	original/sabre.c	sabre_gSabreHermiteInterpolation
0x1400F0A00	0xF0A00	118	sabre	original/sabre.c	sabre_gSpline
0x1400F0A80	0xF0A80	190	sabre	original/sabre.c	spline_gHermiteInterpolation
0x1400F0B40	0xF0B40	97	sbasic	original/sbasic.c	addline
0x1400F0BB0	0xF0BB0	274	sbasic	original/sbasic.c	arith
0x1400F0CD0	0xF0CD0	151	sbasic	original/sbasic.c	assignment
0x1400F0D70	0xF0D70	146	sbasic	original/sbasic.c	bas_joypad
0x1400F0E10	0xF0E10	181	sbasic	original/sbasic.c	bas_keyheld
0x1400F0ED0	0xF0ED0	181	sbasic	original/sbasic.c	bas_keypress
0x1400F0F90	0xF0F90	433	sbasic	original/sbasic.c	basic_AddLine
0x1400F1150	0xF1150	20	sbasic	original/sbasic.c	basic_Init
0x1400F1170	0xF1170	98	sbasic	original/sbasic.c	basic_List
0x1400F11E0	0xF11E0	365	sbasic	original/sbasic.c	basic_LoadProgram
0x1400F1350	0xF1350	98	sbasic	original/sbasic.c	basic_New
0x1400F13C0	0xF13C0	756	sbasic	original/sbasic.c	basic_PrepareToRun
0x1400F16C0	0xF16C0	122	sbasic	original/sbasic.c	basic_Run
0x1400F1740	0xF1740	424	sbasic	original/sbasic.c	basic_SaveProgram
0x1400F18F0	0xF18F0	419	sbasic	original/sbasic.c	consolesystem
0x1400F1AA0	0xF1AA0	3964	sbasic	original/sbasic.c	exec_command
0x1400F2A20	0xF2A20	510	sbasic	original/sbasic.c	exec_for
0x1400F2C20	0xF2C20	11	sbasic	original/sbasic.c	exec_gamecycle
0x1400F2C30	0xF2C30	186	sbasic	original/sbasic.c	exec_goto
0x1400F2CF0	0xF2CF0	501	sbasic	original/sbasic.c	exec_if
0x1400F2EF0	0xF2EF0	773	sbasic	original/sbasic.c	exec_rem
0x1400F3200	0xF3200	42	sbasic	original/sbasic.c	find_eol
0x1400F3230	0xF3230	102	sbasic	original/sbasic.c	find_label
0x1400F32A0	0xF32A0	68	sbasic	original/sbasic.c	find_var
0x1400F32F0	0xF32F0	87	sbasic	original/sbasic.c	for_complete
0x1400F3350	0xF3350	59	sbasic	original/sbasic.c	fpop
0x1400F3390	0xF3390	87	sbasic	original/sbasic.c	fpush
0x1400F33F0	0xF33F0	105	sbasic	original/sbasic.c	get_exp
0x1400F3460	0xF3460	118	sbasic	original/sbasic.c	get_next_label
0x1400F34E0	0xF34E0	784	sbasic	original/sbasic.c	get_token
0x1400F37F0	0xF37F0	253	sbasic	original/sbasic.c	gosub
0x1400F38F0	0xF38F0	59	sbasic	original/sbasic.c	gpop
0x1400F3930	0xF3930	58	sbasic	original/sbasic.c	gpush
0x1400F3970	0xF3970	74	sbasic	original/sbasic.c	greturn
0x1400F39C0	0xF39C0	158	sbasic	original/sbasic.c	input
0x1400F3A60	0xF3A60	59	sbasic	original/sbasic.c	isdelim
0x1400F3AA0	0xF3AA0	20	sbasic	original/sbasic.c	iswhite
0x1400F3AC0	0xF3AC0	31	sbasic	original/sbasic.c	label_init
0x1400F3AE0	0xF3AE0	150	sbasic	original/sbasic.c	level2
0x1400F3B80	0xF3B80	101	sbasic	original/sbasic.c	level3
0x1400F3BF0	0xF3BF0	306	sbasic	original/sbasic.c	level4
0x1400F3D30	0xF3D30	253	sbasic	original/sbasic.c	level5
0x1400F3E30	0xF3E30	211	sbasic	original/sbasic.c	level6
0x1400F3F10	0xF3F10	149	sbasic	original/sbasic.c	look_up
0x1400F3FB0	0xF3FB0	247	sbasic	original/sbasic.c	next
0x1400F40B0	0xF40B0	157	sbasic	original/sbasic.c	primitive
0x1400F4150	0xF4150	445	sbasic	original/sbasic.c	print
0x1400F4310	0xF4310	52	sbasic	original/sbasic.c	putback
0x1400F4350	0xF4350	428	sbasic	original/sbasic.c	robanim
0x1400F4500	0xF4500	387	sbasic	original/sbasic.c	robgraphic
0x1400F4690	0xF4690	273	sbasic	original/sbasic.c	robnode
0x1400F47B0	0xF47B0	1078	sbasic	original/sbasic.c	robprint
0x1400F4BF0	0xF4BF0	499	sbasic	original/sbasic.c	scan_labels
0x1400F4DF0	0xF4DF0	160	sbasic	original/sbasic.c	serror
0x1400F4E90	0xF4E90	21	sbasic	original/sbasic.c	unary
0x1400F4EB0	0xF4EB0	408	scene	original/scene.c	hurtplayer
0x1400F5050	0xF5050	1458	scene	original/scene.c	playerOffScreenArrow
0x1400F5610	0xF5610	3	scene	original/scene.c	scene_AspectCorrectMatrix
0x1400F5620	0xF5620	3	scene	original/scene.c	scene_DimScreen
0x1400F5630	0xF5630	8	scene	original/scene.c	scene_GetRawSceneMatrix
0x1400F5640	0xF5640	8	scene	original/scene.c	scene_GetSceneMatrix
0x1400F5650	0xF5650	8	scene	original/scene.c	scene_GetViewPos
0x1400F5660	0xF5660	349	scene	original/scene.c	scene_UpdateWorld2ScreenMatrix
0x1400F57C0	0xF57C0	170	scene	original/scene.c	scene_gCreateObject
0x1400F5870	0xF5870	90	scene	original/scene.c	scene_gGetNewSceneObject
0x1400F58D0	0xF58D0	67	scene	original/scene.c	scene_gGetSceneModelMatrix
0x1400F5920	0xF5920	115	scene	original/scene.c	scene_gGetSceneModelMatrixFV
0x1400F59A0	0xF59A0	33	scene	original/scene.c	scene_gGetSnapShotPosition
0x1400F59D0	0xF59D0	69	scene	original/scene.c	scene_gInitRoot
0x1400F5A20	0xF5A20	196	scene	original/scene.c	scene_gInitScenes
0x1400F5AF0	0xF5AF0	11	scene	original/scene.c	scene_gProject2Screen
0x1400F5B00	0xF5B00	22	scene	original/scene.c	scene_gSetSceneModelKeyFrame
0x1400F5B20	0xF5B20	128	scene	original/scene.c	scene_gSetSceneModelMatrix
0x1400F5BA0	0xF5BA0	137	scene	original/scene.c	scene_gSetSceneModelMatrixFV
0x1400F5C30	0xF5C30	134	scene	original/scene.c	scene_gSetSceneModelMatrixLV
0x1400F5CC0	0xF5CC0	3	scene	original/scene.c	scene_gSetStrobe
0x1400F5CD0	0xF5CD0	62	scene	original/scene.c	scene_gSetWorldPosition
0x1400F5D10	0xF5D10	1408	scene	original/scene.c	scene_middleRender
0x1400F6290	0xF6290	128	scene	original/scene.c	scene_postRender
0x1400F6310	0xF6310	3	scene	original/scene.c	scene_preRender
0x1400F6320	0xF6320	3	settings	original/settings.c	ai_InitModelData
0x1400F6330	0xF6330	3822	settings	original/settings.c	ai_InitPlayer
0x1400F7220	0xF7220	15	shaolin	original/shaolin.c	shaolin_AddKungfu
0x1400F7230	0xF7230	1511	shaolin	original/shaolin.c	shaolin_Attack
0x1400F7820	0xF7820	51	shaolin	original/shaolin.c	shaolin_CheckMove
0x1400F7860	0xF7860	721	shaolin	original/shaolin.c	shaolin_DoKungfu
0x1400F7B40	0xF7B40	28	shaolin	original/shaolin.c	shaolin_GetKungfu
0x1400F7B60	0xF7B60	58	shaolin	original/shaolin.c	shaolin_InitKungfu
0x1400F7BA0	0xF7BA0	20	shaolin	original/shaolin.c	shaolin_StartKungfu
0x1400F7BC0	0xF7BC0	438	slots	original/slots.c	sampleWalk
0x1400F7D80	0xF7D80	21	slots	original/slots.c	slot_levelstart
0x1400F7DA0	0xF7DA0	189	soundProcessor	original/soundtouch/soundProcessor.cpp	processSound
0x1400F7E60	0xF7E60	1608	sprite	original/sprite.c	_RenderSprite
0x1400F84B0	0xF84B0	801	sprite	original/sprite.c	drawCylinder
0x1400F87E0	0xF87E0	777	sprite	original/sprite.c	drawCylinderG
0x1400F8AF0	0xF8AF0	23	sprite	original/sprite.c	getScaleAdjustment
0x1400F8B10	0xF8B10	73	sprite	original/sprite.c	getScaleAdjustmentMM
0x1400F8B60	0xF8B60	436	sprite	original/sprite.c	setPivotPosition
0x1400F8D20	0xF8D20	552	sprite	original/sprite.c	setPivotPositionAndFixScale
0x1400F8F50	0xF8F50	552	sprite	original/sprite.c	setPivotPositionAndFixScaleMM
0x1400F9180	0xF9180	544	sprite	original/sprite.c	setPivotPositionMM
0x1400F93A0	0xF93A0	560	sprite	original/sprite.c	setPivotPositionMM_PSX
0x1400F95D0	0xF95D0	41	sprite	original/sprite.c	setPositionOffPivot
0x1400F9600	0xF9600	41	sprite	original/sprite.c	setPositionOffPivotMM
0x1400F9630	0xF9630	607	sprite	original/sprite.c	sprite_AddCallBack
0x1400F9890	0xF9890	56	sprite	original/sprite.c	sprite_AddProjectile
0x1400F98D0	0xF98D0	177	sprite	original/sprite.c	sprite_AddSpriteAtLoc
0x1400F9990	0xF9990	270	sprite	original/sprite.c	sprite_AddSpriteAtNode
0x1400F9AA0	0xF9AA0	1581	sprite	original/sprite.c	sprite_AddSpriteEffect
0x1400FA0D0	0xFA0D0	102	sprite	original/sprite.c	sprite_AddSpriteEffectAtNode
0x1400FA140	0xFA140	113	sprite	original/sprite.c	sprite_AllocRing
0x1400FA1C0	0xFA1C0	263	sprite	original/sprite.c	sprite_Center
0x1400FA2D0	0xFA2D0	18	sprite	original/sprite.c	sprite_ClearProjectilePool
0x1400FA2F0	0xFA2F0	190	sprite	original/sprite.c	sprite_CommentsCallBack
0x1400FA3B0	0xFA3B0	234	sprite	original/sprite.c	sprite_DisplaySprite
0x1400FA4A0	0xFA4A0	193	sprite	original/sprite.c	sprite_DisplayTpage
0x1400FA570	0xFA570	3	sprite	original/sprite.c	sprite_FireEmiter
0x1400FA580	0xFA580	633	sprite	original/sprite.c	sprite_FireRing
0x1400FA800	0xFA800	439	sprite	original/sprite.c	sprite_FireSphere
0x1400FA9C0	0xFA9C0	176	sprite	original/sprite.c	sprite_Flash
0x1400FAA70	0xFAA70	716	sprite	original/sprite.c	sprite_Get3DProjectile
0x1400FAD40	0xFAD40	381	sprite	original/sprite.c	sprite_Get3DShear
0x1400FAEC0	0xFAEC0	225	sprite	original/sprite.c	sprite_GetBaseNodeMarker
0x1400FAFB0	0xFAFB0	300	sprite	original/sprite.c	sprite_GetCommentsSprite
0x1400FB0E0	0xFB0E0	319	sprite	original/sprite.c	sprite_GetPointsSprite
0x1400FB220	0xFB220	204	sprite	original/sprite.c	sprite_GetSpotMarker
0x1400FB2F0	0xFB2F0	181	sprite	original/sprite.c	sprite_GetSuckSpritePos
0x1400FB3B0	0xFB3B0	148	sprite	original/sprite.c	sprite_GetTargetMarker
0x1400FB450	0xFB450	108	sprite	original/sprite.c	sprite_Glow
0x1400FB4C0	0xFB4C0	170	sprite	original/sprite.c	sprite_InitProjectilePool
0x1400FB570	0xFB570	43	sprite	original/sprite.c	sprite_InitSCBPool
0x1400FB5A0	0xFB5A0	51	sprite	original/sprite.c	sprite_LightMotion
0x1400FB5E0	0xFB5E0	221	sprite	original/sprite.c	sprite_Lock
0x1400FB6C0	0xFB6C0	49	sprite	original/sprite.c	sprite_LockNode
0x1400FB700	0xFB700	801	sprite	original/sprite.c	sprite_MainCallBack
0x1400FBA30	0xFBA30	233	sprite	original/sprite.c	sprite_Move3DSprite
0x1400FBB20	0xFBB20	366	sprite	original/sprite.c	sprite_OrbitNode
0x1400FBC90	0xFBC90	305	sprite	original/sprite.c	sprite_PointsCallBack
0x1400FBDD0	0xFBDD0	120	sprite	original/sprite.c	sprite_RemoveProjectile
0x1400FBE50	0xFBE50	582	sprite	original/sprite.c	sprite_RingCallBack
0x1400FC0A0	0xFC0A0	843	sprite	original/sprite.c	sprite_Rotate3DSprite
0x1400FC3F0	0xFC3F0	281	sprite	original/sprite.c	sprite_SCBDraw
0x1400FC510	0xFC510	109	sprite	original/sprite.c	sprite_Set2DSCBPos
0x1400FC580	0xFC580	102	sprite	original/sprite.c	sprite_SetColorCycle
0x1400FC5F0	0xFC5F0	12	sprite	original/sprite.c	sprite_SetProjectile
0x1400FC600	0xFC600	105	sprite	original/sprite.c	sprite_SetSpriteEffect
0x1400FC670	0xFC670	155	sprite	original/sprite.c	sprite_SetTrajectory
0x1400FC710	0xFC710	288	sprite	original/sprite.c	sprite_SmallPointsCallBack
0x1400FC830	0xFC830	166	sprite	original/sprite.c	sprite_Sparks
0x1400FC8E0	0xFC8E0	199	sprite	original/sprite.c	sprite_Spot
0x1400FC9B0	0xFC9B0	119	sprite	original/sprite.c	sprite_SpriteMotion
0x1400FCA30	0xFCA30	714	sprite	original/sprite.c	sprite_SpriteRotScale
0x1400FCD00	0xFCD00	1015	sprite	original/sprite.c	sprite_SpriteWork
0x1400FD100	0xFD100	3	sprite	original/sprite.c	sprite_SwapData
0x1400FD110	0xFD110	266	sprite	original/sprite.c	sprite_TrackNode
0x1400FD220	0xFD220	83	sprite	original/sprite.c	sprite_ViewPoint
0x1400FD280	0xFD280	119	sprite	original/sprite.c	sprite_gAllocPCB
0x1400FD300	0xFD300	125	sprite	original/sprite.c	sprite_gAllocSCB
0x1400FD380	0xFD380	276	sprite	original/sprite.c	sprite_gAllocSprite
0x1400FD4A0	0xFD4A0	23	sprite	original/sprite.c	sprite_gFreeSCB
0x1400FD4C0	0xFD4C0	51	sprite	original/sprite.c	sprite_gFreeSprite
0x1400FD500	0xFD500	14	sprite	original/sprite.c	sprite_gHideSCB
0x1400FD510	0xFD510	18	sprite	original/sprite.c	sprite_gHideSprite
0x1400FD530	0xFD530	77	sprite	original/sprite.c	sprite_gInitSprites
0x1400FD580	0xFD580	172	sprite	original/sprite.c	sprite_gMoveSCBPosition
0x1400FD630	0xFD630	306	sprite	original/sprite.c	sprite_gMoveSpritePosition
0x1400FD770	0xFD770	296	sprite	original/sprite.c	sprite_gSetBillBrd
0x1400FD8A0	0xFD8A0	31	sprite	original/sprite.c	sprite_gSetLineColor
0x1400FD8C0	0xFD8C0	84	sprite	original/sprite.c	sprite_gSetLinePosition
0x1400FD920	0xFD920	24	sprite	original/sprite.c	sprite_gSetRGB
0x1400FD940	0xFD940	163	sprite	original/sprite.c	sprite_gSetSCBPosition
0x1400FD9F0	0xFD9F0	39	sprite	original/sprite.c	sprite_gSetSpriteCenter
0x1400FDA20	0xFDA20	239	sprite	original/sprite.c	sprite_gSetSpritePosition
0x1400FDB10	0xFDB10	31	sprite	original/sprite.c	sprite_gSetSpriteRGB
0x1400FDB30	0xFDB30	5	sprite	original/sprite.c	sprite_gUnHideSCB
0x1400FDB40	0xFDB40	9	sprite	original/sprite.c	sprite_gUnHideSprite
0x1400FDB50	0xFDB50	3	stubs	original/stubs.c	LoadBackdrop
0x1400FDB60	0xFDB60	3	stubs	original/stubs.c	PlotBackdrop
0x1400FDB70	0xFDB70	3	stubs	original/stubs.c	SetBackdropBrightness
0x1400FDB80	0xFDB80	3	stubs	original/stubs.c	_DisplayIcon
0x1400FDB90	0xFDB90	3	stubs	original/stubs.c	cd_gInitMusic
0x1400FDBA0	0xFDBA0	3	stubs	original/stubs.c	cd_gPause
0x1400FDBB0	0xFDBB0	3	stubs	original/stubs.c	cd_gPlay
0x1400FDBC0	0xFDBC0	3	stubs	original/stubs.c	cd_gPlayTrack
0x1400FDBD0	0xFDBD0	3	stubs	original/stubs.c	cd_gStop
0x1400FDBE0	0xFDBE0	3	stubs	original/stubs.c	psx_DrawBlur
0x1400FDBF0	0xFDBF0	3	stubs	original/stubs.c	sound_Debug
0x1400FDC00	0xFDC00	36	support	original/support.c	Random
0x1400FDC30	0xFDC30	91	support	original/support.c	f12Random
0x1400FDC90	0xFDC90	289	text	original/text.c	LoadFont
0x1400FDDC0	0xFDDC0	371	text	original/text.c	SDLTextWrite
0x1400FDF40	0xFDF40	430	text	original/text.c	SDLTextWriteScale
0x1400FE0F0	0xFE0F0	401	text	original/text.c	SDLTextWriteScale3D
0x1400FE290	0xFE290	445	text	original/text.c	SDLTextWriteScaleDepth
0x1400FE450	0xFE450	430	text	original/text.c	SDLTextWriteScaleMM
0x1400FE600	0xFE600	445	text	original/text.c	SDLTextWriteScaleMMDepth
0x1400FE7C0	0xFE7C0	177	text	original/text.c	Text_gWrite
0x1400FE880	0xFE880	638	text	original/text.c	Text_gWriteSub
0x1400FEB00	0xFEB00	32	text	original/text.c	UpdateCurrentlyLoadedFont
0x1400FEB20	0xFEB20	3	text	original/text.c	UpdateMenus
0x1400FEB30	0xFEB30	62	text	original/text.c	iDrawChar
0x1400FEB70	0xFEB70	70	text	original/text.c	iDrawIcon
0x1400FEBC0	0xFEBC0	299	text	original/text.c	iDrawString
0x1400FECF0	0xFECF0	273	text	original/text.c	itextWrite
0x1400FEE10	0xFEE10	881	text	original/text.c	menuBox
0x1400FF190	0xFF190	983	text	original/text.c	menuBoxMM
0x1400FF570	0xFF570	71	text	original/text.c	menuBoxTest
0x1400FF5C0	0xFF5C0	577	text	original/text.c	menuDrawGroup
0x1400FF810	0xFF810	610	text	original/text.c	menuDrawGroupClip
0x1400FFA80	0xFFA80	692	text	original/text.c	menuDrawGroupClipDepth
0x1400FFD40	0xFFD40	3	text	original/text.c	menuDrawGroupScale
0x1400FFD50	0xFFD50	115	text	original/text.c	psxDrawChar
0x1400FFDD0	0xFFDD0	84	text	original/text.c	psxDrawFlip
0x1400FFE30	0xFFE30	687	text	original/text.c	psxDrawTexture
0x1401000E0	0x1000E0	85	text	original/text.c	psxDrawTexture2
0x140100140	0x100140	100	text	original/text.c	psxDrawTexture2Depth
0x1401001B0	0x1001B0	899	text	original/text.c	psxDrawTextureClip
0x140100540	0x100540	860	text	original/text.c	psxDrawTextureClipDepth
0x1401008A0	0x1008A0	683	text	original/text.c	psxDrawTextureDepth
0x140100B50	0x100B50	84	text	original/text.c	psxDrawZFlip
0x140100BB0	0x100BB0	75	text	original/text.c	psxDrawZTexture
0x140100C00	0x100C00	380	text	original/text.c	psxStringOut
0x140100D80	0x100D80	3	text	original/text.c	setAreaBox
0x140100D90	0x100D90	3	text	original/text.c	showRcount
0x140100DA0	0x100DA0	321	text	original/text.c	textWrite
0x140100EF0	0x100EF0	342	text	original/text.c	textWriteColor
0x140101050	0x101050	286	text	original/text.c	textWriteScale
0x140101170	0x101170	182	text	original/text.c	text_gGetLength
0x140101230	0x101230	51	text	original/text.c	text_gInitialise
0x140101270	0x101270	203	text	original/text.c	winDrawBackground
0x140101340	0x101340	912	text	original/text.c	winDrawFlip
0x1401016D0	0x1016D0	641	text	original/text.c	winDrawTexture
0x140101960	0x101960	892	text	original/text.c	winDrawZFlip
0x140101CE0	0x101CE0	719	text	original/text.c	winDrawZTexture
0x140101FB0	0x101FB0	164	texture	original/texture.c	texture_Flush
0x140102060	0x102060	19	texture	original/texture.c	texture_FreeMaterial
0x140102080	0x102080	134	texture	original/texture.c	texture_GetMaterial
0x140102110	0x102110	82	texture	original/texture.c	texture_Name
0x140102170	0x102170	32	textutil	original/textutil.cpp	std::_Fnv1a_append_value<unsigned short>
0x140102190	0x102190	42	textutil	original/textutil.cpp	std::_Hash_representation<unsigned short>
0x1401021C0	0x1021C0	795	textutil	original/textutil.cpp	std::_Hash<std::_Umap_traits<std::pair<int,unsigned short>,std::tuple<int,int,int,int,int>,std::_Uhash_compare<std::pair<int,unsigned short>,pair_hash,std::equal_to<std::pair<int,unsigned short> > >,std::allocator<std::pair<std::pair<int,unsigned short> const ,std::tuple<int,int,int,int,int> > >,0> >::_Try_emplace<std::pair<int,unsigned short> >
0x140271920	0x271920	12	textutil	original/textutil.cpp	`std::_Hash<std::_Umap_traits<std::pair<int,unsigned short>,std::tuple<int,int,int,int,int>,std::_Uhash_compare<std::pair<int,unsigned short>,pair_hash,std::equal_to<std::pair<int,unsigned short> > >,std::allocator<std::pair<std::pair<int,unsigned short> const ,std::tuple<int,int,int,int,int> > >,0> >::_Try_emplace<std::pair<int,unsigned short> >'::`1'::dtor$1
0x140271910	0x271910	12	textutil	original/textutil.cpp	`std::_Hash<std::_Umap_traits<std::pair<int,unsigned short>,std::tuple<int,int,int,int,int>,std::_Uhash_compare<std::pair<int,unsigned short>,pair_hash,std::equal_to<std::pair<int,unsigned short> > >,std::allocator<std::pair<std::pair<int,unsigned short> const ,std::tuple<int,int,int,int,int> > >,0> >::_Try_emplace<std::pair<int,unsigned short> >'::`1'::dtor$0
0x1401024E0	0x1024E0	132	textutil	original/textutil.cpp	std::fill<std::_List_unchecked_iterator<std::_List_val<std::_List_simple_types<std::pair<std::pair<int,unsigned short> const ,std::tuple<int,int,int,int,int> > > > > *,std::_List_unchecked_iterator<std::_List_val<std::_List_simple_types<std::pair<std::pair<int,unsigned short> const ,std::tuple<int,int,int,int,int> > > > > >
0x140102570	0x102570	32	textutil	original/textutil.cpp	std::uninitialized_fill<std::_List_unchecked_iterator<std::_List_val<std::_List_simple_types<std::pair<std::pair<int,unsigned short> const ,std::tuple<int,int,int,int,int> > > > > *,std::_List_unchecked_iterator<std::_List_val<std::_List_simple_types<std::pair<std::pair<int,unsigned short> const ,std::tuple<int,int,int,int,int> > > > > >
0x140102590	0x102590	20	textutil	original/textutil.cpp	std::_Alloc_construct_ptr<std::allocator<std::_List_node<std::pair<std::pair<int,unsigned short> const ,std::tuple<int,int,int,int,int> >,void *> > >::~_Alloc_construct_ptr<std::allocator<std::_List_node<std::pair<std::pair<int,unsigned short> const ,std::tuple<int,int,int,int,int> >,void *> > >
0x1401025B0	0x1025B0	163	textutil	original/textutil.cpp	std::_Hash<std::_Umap_traits<std::pair<int,unsigned short>,std::tuple<int,int,int,int,int>,std::_Uhash_compare<std::pair<int,unsigned short>,pair_hash,std::equal_to<std::pair<int,unsigned short> > >,std::allocator<std::pair<std::pair<int,unsigned short> const ,std::tuple<int,int,int,int,int> > >,0> >::~_Hash<std::_Umap_traits<std::pair<int,unsigned short>,std::tuple<int,int,int,int,int>,std::_Uhash_compare<std::pair<int,unsigned short>,pair_hash,std::equal_to<std::pair<int,unsigned short> > >,std::allocator<std::pair<std::pair<int,unsigned short> const ,std::tuple<int,int,int,int,int> > >,0> >
0x140102660	0x102660	91	textutil	original/textutil.cpp	std::_Hash_vec<std::allocator<std::_List_unchecked_iterator<std::_List_val<std::_List_simple_types<std::pair<std::pair<int,unsigned short> const ,std::tuple<int,int,int,int,int> > > > > > >::~_Hash_vec<std::allocator<std::_List_unchecked_iterator<std::_List_val<std::_List_simple_types<std::pair<std::pair<int,unsigned short> const ,std::tuple<int,int,int,int,int> > > > > > >
0x1401026C0	0x1026C0	20	textutil	original/textutil.cpp	std::_List_node_emplace_op2<std::allocator<std::_List_node<std::pair<std::pair<int,unsigned short> const ,std::tuple<int,int,int,int,int> >,void *> > >::~_List_node_emplace_op2<std::allocator<std::_List_node<std::pair<std::pair<int,unsigned short> const ,std::tuple<int,int,int,int,int> >,void *> > >
0x1401026E0	0x1026E0	92	textutil	original/textutil.cpp	std::list<std::pair<std::pair<int,unsigned short> const ,std::tuple<int,int,int,int,int> >,std::allocator<std::pair<std::pair<int,unsigned short> const ,std::tuple<int,int,int,int,int> > > >::~list<std::pair<std::pair<int,unsigned short> const ,std::tuple<int,int,int,int,int> >,std::allocator<std::pair<std::pair<int,unsigned short> const ,std::tuple<int,int,int,int,int> > > >
0x140003740	0x3740	119	textutil	original/textutil.cpp	`dynamic initializer for 'glyphMetricsCache''
0x140271930	0x271930	16	textutil	original/textutil.cpp	``dynamic initializer for 'glyphMetricsCache'''::`1'::dtor$1
0x140271940	0x271940	16	textutil	original/textutil.cpp	``dynamic initializer for 'glyphMetricsCache'''::`1'::dtor$2
0x140279F20	0x279F20	12	textutil	original/textutil.cpp	`dynamic atexit destructor for 'glyphMetricsCache''
0x140102740	0x102740	314	textutil	original/textutil.cpp	std::_Hash_vec<std::allocator<std::_List_unchecked_iterator<std::_List_val<std::_List_simple_types<std::pair<std::pair<int,unsigned short> const ,std::tuple<int,int,int,int,int> > > > > > >::_Assign_grow
0x140102880	0x102880	545	textutil	original/textutil.cpp	std::_Hash<std::_Umap_traits<std::pair<int,unsigned short>,std::tuple<int,int,int,int,int>,std::_Uhash_compare<std::pair<int,unsigned short>,pair_hash,std::equal_to<std::pair<int,unsigned short> > >,std::allocator<std::pair<std::pair<int,unsigned short> const ,std::tuple<int,int,int,int,int> > >,0> >::_Forced_rehash
0x140102AB0	0x102AB0	130	textutil	original/textutil.cpp	std::_Hash<std::_Umap_traits<std::pair<int,unsigned short>,std::tuple<int,int,int,int,int>,std::_Uhash_compare<std::pair<int,unsigned short>,pair_hash,std::equal_to<std::pair<int,unsigned short> > >,std::allocator<std::pair<std::pair<int,unsigned short> const ,std::tuple<int,int,int,int,int> > >,0> >::clear
0x140102B40	0x102B40	161	textutil	original/textutil.cpp	toLower
0x140102BF0	0x102BF0	12	textutil	original/textutil.cpp	ClearGlyphCache
0x140102C00	0x102C00	428	textutil	original/textutil.cpp	ConvertToUTF16
0x140271950	0x271950	12	textutil	original/textutil.cpp	ConvertToUTF16$dtor$0
0x140271960	0x271960	89	textutil	original/textutil.cpp	ConvertToUTF16$catch$6
0x140102DB0	0x102DB0	864	textutil	original/textutil.cpp	SizeText
0x140103110	0x103110	3	timer	original/timer.c	timer_GpuCallback
0x140103120	0x103120	3	timer	original/timer.c	timer_SuperVbl
0x140103130	0x103130	15	timer	original/timer.c	timer_VBlankCallback
0x140103140	0x103140	44	timer	original/timer.c	timer_gCheckSystemTimer
0x140103170	0x103170	39	timer	original/timer.c	timer_gGetRoundTimer
0x1401031A0	0x1031A0	3	timer	original/timer.c	timer_gInitSystemTimer
0x1401031B0	0x1031B0	52	timer	original/timer.c	timer_gSetRoundTimer
0x1401031F0	0x1031F0	3	tpanim	original/tpanim.c	tpanim_AnimateSCBTexture
0x140103200	0x103200	50	tpanim	original/tpanim.c	tpanim_RegisterTextureUV
0x140103240	0x103240	11	tpanim	original/tpanim.c	tpanim_ResetTextureUVIndex
0x140103250	0x103250	15	tpanim	original/tpanim.c	tpanim_gAnimatePalette
0x140103260	0x103260	169	unpack	original/unpack.c	flushbits
0x140103310	0x103310	332	unpack	original/unpack.c	huffgetword
0x140103460	0x103460	869	unpack	original/unpack.c	unpack_grabsvectors_raw
0x1401037D0	0x1037D0	211	unpack	original/unpack.c	unpack_grabsvectors_s
0x1401038B0	0x1038B0	22	unpack	original/unpack.c	unpack_init
0x1401038D0	0x1038D0	84	unpack	original/unpack.c	unpack_initcontext
0x140103930	0x103930	60	unpack	original/unpack.c	unpack_seekcontext
0x140103970	0x103970	100	vectors	original/vectors.c	InvertMatrix
0x1401039E0	0x1039E0	212	vectors	original/vectors.c	vec_AreaTriangle
0x140103AC0	0x103AC0	422	vectors	original/vectors.c	vec_DistPoint2Line
0x140103C70	0x103C70	28	vectors	original/vectors.c	vec_Distance2DLV
0x140103C90	0x103C90	43	vectors	original/vectors.c	vec_DistanceLV
0x140103CC0	0x103CC0	81	vectors	original/vectors.c	vec_DistanceSV
0x140103D20	0x103D20	78	vectors	original/vectors.c	vec_DistanceSVLV
0x140103D70	0x103D70	41	vectors	original/vectors.c	vec_IdentMatrix
0x140103DA0	0x103DA0	224	vectors	original/vectors.c	vec_InvRotVectorLV
0x140103E80	0x103E80	26	vectors	original/vectors.c	vec_LengthLV
0x140103EA0	0x103EA0	68	vectors	original/vectors.c	vec_LinearCombine
0x140103EF0	0x103EF0	164	vectors	original/vectors.c	vec_PointNearSegment
0x140103FA0	0x103FA0	119	vectors	original/vectors.c	vec_Polar2Rect
0x140104020	0x104020	100	vectors	original/vectors.c	vec_QuickDistanceLV
0x140104090	0x104090	68	vectors	original/vectors.c	vec_QuickRangeCheck
0x1401040E0	0x1040E0	85	vectors	original/vectors.c	vec_QuickRangeCheckFV
0x140104140	0x104140	52	vectors	original/vectors.c	vec_RangeCheck
0x140104180	0x104180	93	vectors	original/vectors.c	vec_RotFromNormal
0x1401041E0	0x1041E0	111	vectors	original/vectors.c	vec_RotFromNormalF
0x140104250	0x104250	98	vectors	original/vectors.c	vec_RotFromNormalS
0x1401042C0	0x1042C0	125	vectors	original/vectors.c	vec_RotVectorLV
0x140104340	0x104340	123	vectors	original/vectors.c	vec_RotVectorY
0x1401043C0	0x1043C0	41	vectors	original/vectors.c	vec_ScaleVector
0x1401043F0	0x1043F0	140	vectors	original/vectors.c	vec_VectorNormalLV
0x140104480	0x104480	140	vectors	original/vectors.c	vec_VectorNormalSV
0x140104510	0x104510	203	vectors	original/vectors.c	vec_gDefinePlane
0x1401045E0	0x1045E0	45	vectors	original/vectors.c	vec_gDefinePlaneNormal
0x140104610	0x104610	166	vectors	original/vectors.c	vec_gProject2Plane
0x1401046C0	0x1046C0	229	vectors	original/vectors.c	vec_gProject2PlaneF12
0x1401047B0	0x1047B0	243	vehicle	original/vehicle.c	StopNearestFan
0x1401048B0	0x1048B0	479	vehicle	original/vehicle.c	ai_AAT
0x140104A90	0x104A90	153	vehicle	original/vehicle.c	ai_Blades
0x140104B30	0x104B30	2034	vehicle	original/vehicle.c	ai_Stap
0x140105330	0x105330	3887	vehicle	original/vehicle.c	ai_Tank
0x140106260	0x106260	64	vehicle	original/vehicle.c	centreturret
0x1401062A0	0x1062A0	31	theoraplay	original/video/theoraplay.c	ConvertVideoFrame420ToIYUV
0x1401062C0	0x1062C0	1867	theoraplay	original/video/theoraplay.c	ConvertVideoFrame420ToRGB
0x140106A10	0x106A10	1867	theoraplay	original/video/theoraplay.c	ConvertVideoFrame420ToRGBA
0x140107160	0x107160	453	theoraplay	original/video/theoraplay.c	ConvertVideoFrame420ToYUVPlanar
0x140107330	0x107330	31	theoraplay	original/video/theoraplay.c	ConvertVideoFrame420ToYV12
0x140107350	0x107350	31	theoraplay	original/video/theoraplay.c	IoFopenClose
0x140107370	0x107370	75	theoraplay	original/video/theoraplay.c	IoFopenRead
0x1401073C0	0x1073C0	68	theoraplay	original/video/theoraplay.c	THEORAPLAY_availableAudio
0x140107410	0x107410	68	theoraplay	original/video/theoraplay.c	THEORAPLAY_availableVideo
0x140107460	0x107460	68	theoraplay	original/video/theoraplay.c	THEORAPLAY_decodingError
0x1401074B0	0x1074B0	36	theoraplay	original/video/theoraplay.c	THEORAPLAY_freeAudio
0x1401074E0	0x1074E0	36	theoraplay	original/video/theoraplay.c	THEORAPLAY_freeVideo
0x140107510	0x107510	93	theoraplay	original/video/theoraplay.c	THEORAPLAY_getAudio
0x140107570	0x107570	92	theoraplay	original/video/theoraplay.c	THEORAPLAY_getVideo
0x1401075D0	0x1075D0	68	theoraplay	original/video/theoraplay.c	THEORAPLAY_hasAudioStream
0x140107620	0x107620	68	theoraplay	original/video/theoraplay.c	THEORAPLAY_hasVideoStream
0x140107670	0x107670	84	theoraplay	original/video/theoraplay.c	THEORAPLAY_isDecoding
0x1401076D0	0x1076D0	68	theoraplay	original/video/theoraplay.c	THEORAPLAY_isInitialized
0x140107720	0x107720	294	theoraplay	original/video/theoraplay.c	THEORAPLAY_startDecode
0x140107850	0x107850	405	theoraplay	original/video/theoraplay.c	THEORAPLAY_startDecodeFile
0x1401079F0	0x1079F0	197	theoraplay	original/video/theoraplay.c	THEORAPLAY_stopDecode
0x140107AC0	0x107AC0	3070	theoraplay	original/video/theoraplay.c	WorkerThread
0x1401086C0	0x1086C0	16	theoraplay	original/video/theoraplay.c	WorkerThreadEntry
0x1401086D0	0x1086D0	66	vram	original/vram.c	vram_GetPageCoord
0x140108720	0x108720	256	vram	original/vram.c	vram_GetPaletteRange
0x140108820	0x108820	68	vram	original/vram.c	vram_GetSubPageCoord
0x140108870	0x108870	289	vram	original/vram.c	vram_GlobalPaletteScale
0x1401089A0	0x1089A0	176	vram	original/vram.c	vram_MakeTranslucent8Palette
0x140108A50	0x108A50	369	vram	original/vram.c	vram_NormalizePalette
0x140108BD0	0x108BD0	115	weasel	original/weasel.c	weasel_DumpFlags
0x140108C50	0x108C50	1816	weasel	original/weasel.c	weasel_EditAnim
0x140109370	0x109370	932	weasel	original/weasel.c	weasel_EditBasic
0x140109720	0x109720	884	weasel	original/weasel.c	weasel_EditCombat
0x140109AA0	0x109AA0	1462	weasel	original/weasel.c	weasel_EditCombo
0x14010A060	0x10A060	956	weasel	original/weasel.c	weasel_EditEffects
0x14010A420	0x10A420	500	weasel	original/weasel.c	weasel_EditFlags
0x14010A620	0x10A620	820	weasel	original/weasel.c	weasel_EditFrames
0x14010A960	0x10A960	568	weasel	original/weasel.c	weasel_EditMechanics
0x14010ABA0	0x10ABA0	511	weasel	original/weasel.c	weasel_EditNode
0x14010ADA0	0x10ADA0	3	weasel	original/weasel.c	weasel_LevelBars
0x14010ADB0	0x10ADB0	332	wHook	original/wHook.cpp	std::vector<unsigned int,std::allocator<unsigned int> >::_Assign_counted_range<unsigned int *>
0x14010AF00	0x10AF00	334	wHook	original/wHook.cpp	std::vector<std::_Tgt_state_t<char const *>::_Grp_t,std::allocator<std::_Tgt_state_t<char const *>::_Grp_t> >::_Assign_counted_range<std::_Tgt_state_t<char const *>::_Grp_t *>
0x14010B050	0x10B050	143	wHook	original/wHook.cpp	std::_Cmp_chrange<char const *,char const *,std::_Cmp_collate<std::regex_traits<char> > >
0x14010B0E0	0x10B0E0	47	wHook	original/wHook.cpp	std::_Cmp_chrange<char const *,char const *,std::_Cmp_cs<std::regex_traits<char> > >
0x14010B110	0x10B110	147	wHook	original/wHook.cpp	std::_Cmp_chrange<char const *,char const *,std::_Cmp_icase<std::regex_traits<char> > >
0x14010B1B0	0x10B1B0	294	wHook	original/wHook.cpp	std::_Compare<char const *,char const *,std::regex_traits<char> >
0x14010B2E0	0x10B2E0	303	wHook	original/wHook.cpp	std::basic_string<char16_t,std::char_traits<char16_t>,std::allocator<char16_t> >::_Construct<1,char16_t const *>
0x14010B410	0x10B410	250	wHook	original/wHook.cpp	std::filesystem::_Convert_Source_to_wide<char [256],std::filesystem::_Normal_conversion>
0x1402719C0	0x2719C0	38	wHook	original/wHook.cpp	`std::filesystem::_Convert_Source_to_wide<char [256],std::filesystem::_Normal_conversion>'::`1'::dtor$2
0x14010B510	0x10B510	240	wHook	original/wHook.cpp	std::filesystem::_Convert_stringoid_to_wide<std::filesystem::_Normal_conversion>
0x1402719F0	0x2719F0	38	wHook	original/wHook.cpp	`std::filesystem::_Convert_stringoid_to_wide<std::filesystem::_Normal_conversion>'::`1'::dtor$1
0x14010B600	0x10B600	227	wHook	original/wHook.cpp	std::filesystem::_Convert_wide_to_narrow_replace_chars<std::char_traits<char>,std::allocator<char> >
0x140271A20	0x271A20	38	wHook	original/wHook.cpp	`std::filesystem::_Convert_wide_to_narrow_replace_chars<std::char_traits<char>,std::allocator<char> >'::`1'::dtor$0
0x14010B6F0	0x10B6F0	23	wHook	original/wHook.cpp	std::_Copy_backward_memmove<RESOLUTION *,RESOLUTION *>
0x14010B710	0x10B710	48	wHook	original/wHook.cpp	std::_Copy_memmove<char *,char *>
0x14010B740	0x10B740	48	wHook	original/wHook.cpp	std::_Copy_memmove<unsigned short *,unsigned short *>
0x14010B770	0x10B770	48	wHook	original/wHook.cpp	std::_Copy_memmove<CD3DApplication::FBX_MESH * *,CD3DApplication::FBX_MESH * *>
0x14010B7A0	0x10B7A0	48	wHook	original/wHook.cpp	std::_Copy_memmove<std::_Tgt_state_t<char const *>::_Grp_t *,std::_Tgt_state_t<char const *>::_Grp_t *>
0x14010B7D0	0x10B7D0	48	wHook	original/wHook.cpp	std::_Copy_memmove<std::_Loop_vals_t *,std::_Loop_vals_t *>
0x14010B800	0x10B800	48	wHook	original/wHook.cpp	std::_Copy_memmove<std::sub_match<char const *> *,std::sub_match<char const *> *>
0x14010B830	0x10B830	48	wHook	original/wHook.cpp	std::_Copy_memmove<char const *,char *>
0x14010B860	0x10B860	48	wHook	original/wHook.cpp	std::_Copy_memmove<unsigned int const *,unsigned int *>
0x14010B890	0x10B890	50	wHook	original/wHook.cpp	std::_Copy_memmove_n<unsigned int *,unsigned int *>
0x14010B8D0	0x10B8D0	49	wHook	original/wHook.cpp	std::_Copy_memmove_n<std::_Tgt_state_t<char const *>::_Grp_t *,std::_Tgt_state_t<char const *>::_Grp_t *>
0x14010B910	0x10B910	1074	wHook	original/wHook.cpp	std::_Copy_vbool<std::_Vb_iterator<std::_Wrap_alloc<std::allocator<unsigned int> > >,std::_Vb_iterator<std::_Wrap_alloc<std::allocator<unsigned int> > > >
0x14010BD50	0x10BD50	49	wHook	original/wHook.cpp	std::_Destroy_range<std::allocator<CD3DApplication::SubMeshSet> >
0x14010BD90	0x10BD90	415	wHook	original/wHook.cpp	std::vector<CD3DApplication::FBX_MESH *,std::allocator<CD3DApplication::FBX_MESH *> >::_Emplace_reallocate<CD3DApplication::FBX_MESH * const &>
0x140271A50	0x271A50	40	wHook	original/wHook.cpp	`std::vector<CD3DApplication::FBX_MESH *,std::allocator<CD3DApplication::FBX_MESH *> >::_Emplace_reallocate<CD3DApplication::FBX_MESH * const &>'::`1'::catch$0
0x14010BF30	0x10BF30	592	wHook	original/wHook.cpp	std::vector<CD3DApplication::SubMeshSet,std::allocator<CD3DApplication::SubMeshSet> >::_Emplace_reallocate<CD3DApplication::SubMeshSet const &>
0x140271A80	0x271A80	70	wHook	original/wHook.cpp	`std::vector<CD3DApplication::SubMeshSet,std::allocator<CD3DApplication::SubMeshSet> >::_Emplace_reallocate<CD3DApplication::SubMeshSet const &>'::`1'::catch$0
0x14010C180	0x10C180	540	wHook	original/wHook.cpp	std::vector<Vertex,std::allocator<Vertex> >::_Emplace_reallocate<Vertex const &>
0x140271AD0	0x271AD0	43	wHook	original/wHook.cpp	`std::vector<Vertex,std::allocator<Vertex> >::_Emplace_reallocate<Vertex const &>'::`1'::catch$0
0x14010C3A0	0x10C3A0	411	wHook	original/wHook.cpp	std::vector<unsigned short,std::allocator<unsigned short> >::_Emplace_reallocate<unsigned short>
0x140271B00	0x271B00	40	wHook	original/wHook.cpp	`std::vector<unsigned short,std::allocator<unsigned short> >::_Emplace_reallocate<unsigned short>'::`1'::catch$0
0x14010C540	0x10C540	85	wHook	original/wHook.cpp	std::_Tree_val<std::_Tree_simple_types<std::pair<unsigned short const ,unsigned int> > >::_Erase_tree<std::allocator<std::_Tree_node<std::pair<unsigned short const ,unsigned int>,void *> > >
0x14010C5A0	0x10C5A0	15	wHook	original/wHook.cpp	std::_Fill_zero_memset<unsigned int *>
0x14010C5B0	0x10C5B0	204	wHook	original/wHook.cpp	std::_Hash<std::_Umap_traits<std::basic_string<char,std::char_traits<char>,std::allocator<char> >,_Material *,std::_Uhash_compare<std::basic_string<char,std::char_traits<char>,std::allocator<char> >,std::hash<std::basic_string<char,std::char_traits<char>,std::allocator<char> > >,std::equal_to<std::basic_string<char,std::char_traits<char>,std::allocator<char> > > >,std::allocator<std::pair<std::basic_string<char,std::char_traits<char>,std::allocator<char> > const ,_Material *> >,0> >::_Find_last<std::basic_string<char,std::char_traits<char>,std::allocator<char> > >
0x14010C680	0x10C680	195	wHook	original/wHook.cpp	std::_Tree<std::_Tmap_traits<std::basic_string<char,std::char_traits<char>,std::allocator<char> >,_Material *,std::less<std::basic_string<char,std::char_traits<char>,std::allocator<char> > >,std::allocator<std::pair<std::basic_string<char,std::char_traits<char>,std::allocator<char> > const ,_Material *> >,0> >::_Find_lower_bound<std::basic_string<char,std::char_traits<char>,std::allocator<char> > >
0x14010C750	0x10C750	1223	wHook	original/wHook.cpp	std::_Format_default<char const *,std::allocator<std::sub_match<char const *> >,char const *,std::back_insert_iterator<std::basic_string<char,std::char_traits<char>,std::allocator<char> > > >
0x14010CC20	0x10CC20	550	wHook	original/wHook.cpp	std::_Format_sed<char const *,std::allocator<std::sub_match<char const *> >,char const *,std::back_insert_iterator<std::basic_string<char,std::char_traits<char>,std::allocator<char> > > >
0x14010CE50	0x10CE50	108	wHook	original/wHook.cpp	std::_List_node<std::pair<std::basic_string<char,std::char_traits<char>,std::allocator<char> > const ,_Material *>,void *>::_Freenode<std::allocator<std::_List_node<std::pair<std::basic_string<char,std::char_traits<char>,std::allocator<char> > const ,_Material *>,void *> > >
0x14010CEC0	0x10CEC0	8	wHook	original/wHook.cpp	std::_Immortalize_memcpy_image<std::_Generic_error_category>
0x14010CED0	0x10CED0	8	wHook	original/wHook.cpp	std::_Immortalize_memcpy_image<std::_System_error_category>
0x14010CEE0	0x10CEE0	7	wHook	original/wHook.cpp	std::_Is_all_bits_zero<unsigned int>
0x14010CEF0	0x10CEF0	137	wHook	original/wHook.cpp	std::_Lookup_coll<char const *,char>
0x14010CF80	0x10CF80	1495	wHook	original/wHook.cpp	std::_Lookup_equiv<char,std::regex_traits<char> >
0x140271B30	0x271B30	12	wHook	original/wHook.cpp	`std::_Lookup_equiv<char,std::regex_traits<char> >'::`1'::dtor$0
0x140271B40	0x271B40	12	wHook	original/wHook.cpp	`std::_Lookup_equiv<char,std::regex_traits<char> >'::`1'::dtor$1
0x140271B50	0x271B50	41	wHook	original/wHook.cpp	`std::_Lookup_equiv<char,std::regex_traits<char> >'::`1'::dtor$4
0x140271B80	0x271B80	12	wHook	original/wHook.cpp	`std::_Lookup_equiv<char,std::regex_traits<char> >'::`1'::dtor$5
0x14010D560	0x10D560	55	wHook	original/wHook.cpp	std::_Lookup_range<char>
0x14010D5A0	0x10D5A0	549	wHook	original/wHook.cpp	std::_Matcher<char const *,char,std::regex_traits<char>,char const *>::_Match<std::allocator<std::sub_match<char const *> > >
0x14010D7D0	0x10D7D0	125	wHook	original/wHook.cpp	std::_Med3_unchecked<RESOLUTION *,bool (__cdecl*)(RESOLUTION const &,RESOLUTION const &)>
0x14010D850	0x10D850	572	wHook	original/wHook.cpp	std::_Partition_by_median_guess_unchecked<RESOLUTION *,bool (__cdecl*)(RESOLUTION const &,RESOLUTION const &)>
0x14010DA90	0x10DA90	255	wHook	original/wHook.cpp	std::_Pop_heap_hole_by_index<RESOLUTION *,RESOLUTION,bool (__cdecl*)(RESOLUTION const &,RESOLUTION const &)>
0x14010DB90	0x10DB90	365	wHook	original/wHook.cpp	std::basic_string<char,std::char_traits<char>,std::allocator<char> >::_Reallocate_grow_by<<lambda_319d5e083f45f90dcdce5dce53cbb275>,char>
0x14010DD00	0x10DD00	331	wHook	original/wHook.cpp	std::basic_string<char,std::char_traits<char>,std::allocator<char> >::_Reallocate_grow_by<<lambda_9013ee9e23efe4882b67eff5b0ecf103> >
0x14010DE50	0x10DE50	449	wHook	original/wHook.cpp	std::basic_string<wchar_t,std::char_traits<wchar_t>,std::allocator<wchar_t> >::_Reallocate_grow_by<<lambda_a3050a43f3157934f354774ab3dd2e02>,unsigned __int64,wchar_t>
0x14010E020	0x10E020	395	wHook	original/wHook.cpp	std::basic_string<char,std::char_traits<char>,std::allocator<char> >::_Reallocate_grow_by<<lambda_e1befb086ad3257e3f042a63030725f7>,unsigned __int64,char>
0x14010E1B0	0x10E1B0	515	wHook	original/wHook.cpp	std::basic_string<char16_t,std::char_traits<char16_t>,std::allocator<char16_t> >::_Reallocate_grow_by<<lambda_e749a49405295b58ff21f3ec583d0a05>,unsigned __int64,char16_t const *,unsigned __int64>
0x14010E3C0	0x10E3C0	733	wHook	original/wHook.cpp	std::_Regex_replace1<std::back_insert_iterator<std::basic_string<char,std::char_traits<char>,std::allocator<char> > >,char const *,std::regex_traits<char>,char,std::char_traits<char>,std::allocator<char> >
0x140271B90	0x271B90	12	wHook	original/wHook.cpp	`std::_Regex_replace1<std::back_insert_iterator<std::basic_string<char,std::char_traits<char>,std::allocator<char> > >,char const *,std::regex_traits<char>,char,std::char_traits<char>,std::allocator<char> >'::`1'::dtor$0
0x14010E6A0	0x10E6A0	516	wHook	original/wHook.cpp	std::_Regex_search2<char const *,std::allocator<std::sub_match<char const *> >,char,std::regex_traits<char>,char const *>
0x140271BA0	0x271BA0	12	wHook	original/wHook.cpp	`std::_Regex_search2<char const *,std::allocator<std::sub_match<char const *> >,char,std::regex_traits<char>,char const *>'::`1'::dtor$0
0x14010E8B0	0x10E8B0	2188	wHook	original/wHook.cpp	std::basic_regex<char,std::regex_traits<char> >::_Reset<char const *>
0x140271BD0	0x271BD0	12	wHook	original/wHook.cpp	`std::basic_regex<char,std::regex_traits<char> >::_Reset<char const *>'::`1'::dtor$2
0x140271BC0	0x271BC0	16	wHook	original/wHook.cpp	`std::basic_regex<char,std::regex_traits<char> >::_Reset<char const *>'::`1'::dtor$1
0x140271BB0	0x271BB0	12	wHook	original/wHook.cpp	`std::basic_regex<char,std::regex_traits<char> >::_Reset<char const *>'::`1'::dtor$0
0x140271BE0	0x271BE0	12	wHook	original/wHook.cpp	`std::basic_regex<char,std::regex_traits<char> >::_Reset<char const *>'::`1'::dtor$6
0x14010F140	0x10F140	402	wHook	original/wHook.cpp	std::vector<unsigned int,std::allocator<unsigned int> >::_Resize_reallocate<unsigned int>
0x140271BF0	0x271BF0	40	wHook	original/wHook.cpp	`std::vector<unsigned int,std::allocator<unsigned int> >::_Resize_reallocate<unsigned int>'::`1'::catch$0
0x14010F2E0	0x10F2E0	353	wHook	original/wHook.cpp	std::vector<std::_Tgt_state_t<char const *>::_Grp_t,std::allocator<std::_Tgt_state_t<char const *>::_Grp_t> >::_Resize_reallocate<std::_Value_init_tag>
0x140271C20	0x271C20	40	wHook	original/wHook.cpp	`std::vector<std::_Tgt_state_t<char const *>::_Grp_t,std::allocator<std::_Tgt_state_t<char const *>::_Grp_t> >::_Resize_reallocate<std::_Value_init_tag>'::`1'::catch$0
0x14010F450	0x10F450	353	wHook	original/wHook.cpp	std::vector<std::_Loop_vals_t,std::allocator<std::_Loop_vals_t> >::_Resize_reallocate<std::_Value_init_tag>
0x140271C50	0x271C50	40	wHook	original/wHook.cpp	`std::vector<std::_Loop_vals_t,std::allocator<std::_Loop_vals_t> >::_Resize_reallocate<std::_Value_init_tag>'::`1'::catch$0
0x14010F5C0	0x10F5C0	471	wHook	original/wHook.cpp	std::vector<std::sub_match<char const *>,std::allocator<std::sub_match<char const *> > >::_Resize_reallocate<std::_Value_init_tag>
0x140271C80	0x271C80	40	wHook	original/wHook.cpp	`std::vector<std::sub_match<char const *>,std::allocator<std::sub_match<char const *> > >::_Resize_reallocate<std::_Value_init_tag>'::`1'::catch$0
0x14010F7A0	0x10F7A0	738	wHook	original/wHook.cpp	std::_Sort_unchecked<RESOLUTION *,bool (__cdecl*)(RESOLUTION const &,RESOLUTION const &)>
0x14010FA90	0x10FA90	33	wHook	original/wHook.cpp	std::filesystem::_Stringoid_from_Source<char [256]>
0x14010FAC0	0x10FAC0	108	wHook	original/wHook.cpp	std::_To_absolute_time<__int64,std::ratio<1,1000> >
0x14010FB30	0x10FB30	737	wHook	original/wHook.cpp	std::_Hash<std::_Umap_traits<std::basic_string<char,std::char_traits<char>,std::allocator<char> >,_Material *,std::_Uhash_compare<std::basic_string<char,std::char_traits<char>,std::allocator<char> >,std::hash<std::basic_string<char,std::char_traits<char>,std::allocator<char> > >,std::equal_to<std::basic_string<char,std::char_traits<char>,std::allocator<char> > > >,std::allocator<std::pair<std::basic_string<char,std::char_traits<char>,std::allocator<char> > const ,_Material *> >,0> >::_Try_emplace<std::basic_string<char,std::char_traits<char>,std::allocator<char> > const &>
0x140271CC0	0x271CC0	12	wHook	original/wHook.cpp	`std::_Hash<std::_Umap_traits<std::basic_string<char,std::char_traits<char>,std::allocator<char> >,_Material *,std::_Uhash_compare<std::basic_string<char,std::char_traits<char>,std::allocator<char> >,std::hash<std::basic_string<char,std::char_traits<char>,std::allocator<char> > >,std::equal_to<std::basic_string<char,std::char_traits<char>,std::allocator<char> > > >,std::allocator<std::pair<std::basic_string<char,std::char_traits<char>,std::allocator<char> > const ,_Material *> >,0> >::_Try_emplace<std::basic_string<char,std::char_traits<char>,std::allocator<char> > const &>'::`1'::dtor$1
0x140271CB0	0x271CB0	12	wHook	original/wHook.cpp	`std::_Hash<std::_Umap_traits<std::basic_string<char,std::char_traits<char>,std::allocator<char> >,_Material *,std::_Uhash_compare<std::basic_string<char,std::char_traits<char>,std::allocator<char> >,std::hash<std::basic_string<char,std::char_traits<char>,std::allocator<char> > >,std::equal_to<std::basic_string<char,std::char_traits<char>,std::allocator<char> > > >,std::allocator<std::pair<std::basic_string<char,std::char_traits<char>,std::allocator<char> > const ,_Material *> >,0> >::_Try_emplace<std::basic_string<char,std::char_traits<char>,std::allocator<char> > const &>'::`1'::dtor$0
0x14010FE20	0x10FE20	144	wHook	original/wHook.cpp	std::_Uninitialized_move<CD3DApplication::SubMeshSet *,std::allocator<CD3DApplication::SubMeshSet> >
0x14010FEB0	0x10FEB0	5	wHook	original/wHook.cpp	__std_find_trivial<char const ,unsigned char>
0x14010FEC0	0x10FEC0	132	wHook	original/wHook.cpp	std::fill<std::_List_unchecked_iterator<std::_List_val<std::_List_simple_types<std::pair<std::basic_string<char,std::char_traits<char>,std::allocator<char> > const ,_Material *> > > > *,std::_List_unchecked_iterator<std::_List_val<std::_List_simple_types<std::pair<std::basic_string<char,std::char_traits<char>,std::allocator<char> > const ,_Material *> > > > >
0x14010FF50	0x10FF50	322	wHook	original/wHook.cpp	std::_Regex_traits<char>::lookup_classname<char const *>
0x1401100A0	0x1100A0	65	wHook	original/wHook.cpp	std::regex_replace<std::back_insert_iterator<std::basic_string<char,std::char_traits<char>,std::allocator<char> > >,std::_String_const_iterator<std::_String_val<std::_Simple_types<char> > >,std::regex_traits<char>,char,std::char_traits<char>,std::allocator<char> >
0x1401100F0	0x1100F0	279	wHook	original/wHook.cpp	std::regex_replace<std::regex_traits<char>,char,std::char_traits<char>,std::allocator<char> >
0x140271CD0	0x271CD0	38	wHook	original/wHook.cpp	`std::regex_replace<std::regex_traits<char>,char,std::char_traits<char>,std::allocator<char> >'::`1'::dtor$0
0x140271D00	0x271D00	12	wHook	original/wHook.cpp	`std::regex_replace<std::regex_traits<char>,char,std::char_traits<char>,std::allocator<char> >'::`1'::dtor$1
0x140110210	0x110210	353	wHook	original/wHook.cpp	std::this_thread::sleep_for<__int64,std::ratio<1,1000> >
0x140110380	0x110380	313	wHook	original/wHook.cpp	std::this_thread::sleep_until<std::chrono::steady_clock,std::chrono::duration<__int64,std::ratio<1,1000000000> > >
0x1401104C0	0x1104C0	576	wHook	original/wHook.cpp	std::_Regex_traits<char>::transform_primary<char *>
0x140271D10	0x271D10	38	wHook	original/wHook.cpp	`std::_Regex_traits<char>::transform_primary<char *>'::`1'::dtor$0
0x140271D40	0x271D40	12	wHook	original/wHook.cpp	`std::_Regex_traits<char>::transform_primary<char *>'::`1'::dtor$1
0x140110700	0x110700	576	wHook	original/wHook.cpp	std::_Regex_traits<char>::transform_primary<char const *>
0x140271D50	0x271D50	38	wHook	original/wHook.cpp	`std::_Regex_traits<char>::transform_primary<char const *>'::`1'::dtor$0
0x140271D80	0x271D80	12	wHook	original/wHook.cpp	`std::_Regex_traits<char>::transform_primary<char const *>'::`1'::dtor$1
0x140110940	0x110940	587	wHook	original/wHook.cpp	std::_Regex_traits<char>::transform_primary<std::_String_iterator<std::_String_val<std::_Simple_types<char> > > >
0x140271D90	0x271D90	38	wHook	original/wHook.cpp	`std::_Regex_traits<char>::transform_primary<std::_String_iterator<std::_String_val<std::_Simple_types<char> > > >'::`1'::dtor$0
0x140271DC0	0x271DC0	12	wHook	original/wHook.cpp	`std::_Regex_traits<char>::transform_primary<std::_String_iterator<std::_String_val<std::_Simple_types<char> > > >'::`1'::dtor$1
0x140110B90	0x110B90	270	wHook	original/wHook.cpp	std::use_facet<std::collate<char> >
0x140271DD0	0x271DD0	12	wHook	original/wHook.cpp	`std::use_facet<std::collate<char> >'::`1'::dtor$0
0x140271DE0	0x271DE0	12	wHook	original/wHook.cpp	`std::use_facet<std::collate<char> >'::`1'::dtor$1
0x140110CA0	0x110CA0	175	wHook	original/wHook.cpp	std::_Bt_state_t<char const *>::_Bt_state_t<char const *>
0x140110D50	0x110D50	145	wHook	original/wHook.cpp	std::_Builder<char const *,char,std::regex_traits<char> >::_Builder<char const *,char,std::regex_traits<char> >
0x140110DF0	0x110DF0	312	wHook	original/wHook.cpp	std::_Matcher<char const *,char,std::regex_traits<char>,char const *>::_Matcher<char const *,char,std::regex_traits<char>,char const *>
0x140271DF0	0x271DF0	12	wHook	original/wHook.cpp	`std::_Matcher<char const *,char,std::regex_traits<char>,char const *>::_Matcher<char const *,char,std::regex_traits<char>,char const *>'::`1'::dtor$0
0x140271E00	0x271E00	16	wHook	original/wHook.cpp	`std::_Matcher<char const *,char,std::regex_traits<char>,char const *>::_Matcher<char const *,char,std::regex_traits<char>,char const *>'::`1'::dtor$1
0x140271E10	0x271E10	19	wHook	original/wHook.cpp	`std::_Matcher<char const *,char,std::regex_traits<char>,char const *>::_Matcher<char const *,char,std::regex_traits<char>,char const *>'::`1'::dtor$2
0x140110F30	0x110F30	347	wHook	original/wHook.cpp	std::_Parser<char const *,char,std::regex_traits<char> >::_Parser<char const *,char,std::regex_traits<char> >
0x140271E40	0x271E40	12	wHook	original/wHook.cpp	`std::_Parser<char const *,char,std::regex_traits<char> >::_Parser<char const *,char,std::regex_traits<char> >'::`1'::dtor$1
0x140271E30	0x271E30	16	wHook	original/wHook.cpp	`std::_Parser<char const *,char,std::regex_traits<char> >::_Parser<char const *,char,std::regex_traits<char> >'::`1'::dtor$0
0x140111090	0x111090	403	wHook	original/wHook.cpp	std::basic_regex<char,std::regex_traits<char> >::basic_regex<char,std::regex_traits<char> >
0x140271E60	0x271E60	16	wHook	original/wHook.cpp	`std::basic_regex<char,std::regex_traits<char> >::basic_regex<char,std::regex_traits<char> >'::`1'::dtor$2
0x140271E70	0x271E70	12	wHook	original/wHook.cpp	`std::basic_regex<char,std::regex_traits<char> >::basic_regex<char,std::regex_traits<char> >'::`1'::dtor$4
0x140271E80	0x271E80	12	wHook	original/wHook.cpp	`std::basic_regex<char,std::regex_traits<char> >::basic_regex<char,std::regex_traits<char> >'::`1'::dtor$5
0x140271E50	0x271E50	16	wHook	original/wHook.cpp	`std::basic_regex<char,std::regex_traits<char> >::basic_regex<char,std::regex_traits<char> >'::`1'::dtor$0
0x140111230	0x111230	299	wHook	original/wHook.cpp	std::basic_string<wchar_t,std::char_traits<wchar_t>,std::allocator<wchar_t> >::basic_string<wchar_t,std::char_traits<wchar_t>,std::allocator<wchar_t> >
0x140111360	0x111360	379	wHook	original/wHook.cpp	CD3DApplication::SubMeshSet::SubMeshSet
0x140271E90	0x271E90	16	wHook	original/wHook.cpp	`CD3DApplication::SubMeshSet::SubMeshSet'::`1'::dtor$0
0x1401114E0	0x1114E0	4	wHook	original/wHook.cpp	_D3DTLVERTEX::_D3DTLVERTEX
0x1401114F0	0x1114F0	4	wHook	original/wHook.cpp	_linked_poly::_linked_poly
0x140111500	0x111500	576	wHook	original/wHook.cpp	el_chavo::el_chavo
0x140271EA0	0x271EA0	12	wHook	original/wHook.cpp	`el_chavo::el_chavo'::`1'::dtor$0
0x140111740	0x111740	134	wHook	original/wHook.cpp	std::filesystem::filesystem_error::filesystem_error
0x140271EB0	0x271EB0	12	wHook	original/wHook.cpp	`std::filesystem::filesystem_error::filesystem_error'::`1'::dtor$0
0x140271EC0	0x271EC0	16	wHook	original/wHook.cpp	`std::filesystem::filesystem_error::filesystem_error'::`1'::dtor$1
0x140271ED0	0x271ED0	16	wHook	original/wHook.cpp	`std::filesystem::filesystem_error::filesystem_error'::`1'::dtor$2
0x1401117D0	0x1117D0	302	wHook	original/wHook.cpp	std::filesystem::filesystem_error::filesystem_error
0x140271EE0	0x271EE0	12	wHook	original/wHook.cpp	`std::filesystem::filesystem_error::filesystem_error'::`1'::dtor$0
0x140271EF0	0x271EF0	16	wHook	original/wHook.cpp	`std::filesystem::filesystem_error::filesystem_error'::`1'::dtor$1
0x140271F00	0x271F00	16	wHook	original/wHook.cpp	`std::filesystem::filesystem_error::filesystem_error'::`1'::dtor$2
0x140271F10	0x271F10	12	wHook	original/wHook.cpp	`std::filesystem::filesystem_error::filesystem_error'::`1'::dtor$3
0x140111900	0x111900	231	wHook	original/wHook.cpp	std::system_error::system_error
0x1401119F0	0x1119F0	20	wHook	original/wHook.cpp	std::_Alloc_construct_ptr<std::allocator<std::_List_node<std::pair<std::basic_string<char,std::char_traits<char>,std::allocator<char> > const ,_Material *>,void *> > >::~_Alloc_construct_ptr<std::allocator<std::_List_node<std::pair<std::basic_string<char,std::char_traits<char>,std::allocator<char> > const ,_Material *>,void *> > >
0x140111A10	0x111A10	20	wHook	original/wHook.cpp	std::_Alloc_construct_ptr<std::allocator<std::_Tree_node<std::pair<std::basic_string<char,std::char_traits<char>,std::allocator<char> > const ,_Material *>,void *> > >::~_Alloc_construct_ptr<std::allocator<std::_Tree_node<std::pair<std::basic_string<char,std::char_traits<char>,std::allocator<char> > const ,_Material *>,void *> > >
0x140111A30	0x111A30	93	wHook	original/wHook.cpp	std::_Bt_state_t<char const *>::~_Bt_state_t<char const *>
0x140111A90	0x111A90	133	wHook	original/wHook.cpp	std::_List_node_emplace_op2<std::allocator<std::_List_node<std::pair<std::basic_string<char,std::char_traits<char>,std::allocator<char> > const ,_Material *>,void *> > >::~_List_node_emplace_op2<std::allocator<std::_List_node<std::pair<std::basic_string<char,std::char_traits<char>,std::allocator<char> > const ,_Material *>,void *> > >
0x140111B20	0x111B20	124	wHook	original/wHook.cpp	std::_Matcher<char const *,char,std::regex_traits<char>,char const *>::~_Matcher<char const *,char,std::regex_traits<char>,char const *>
0x140111BA0	0x111BA0	93	wHook	original/wHook.cpp	std::_Parser<char const *,char,std::regex_traits<char> >::~_Parser<char const *,char,std::regex_traits<char> >
0x140111C00	0x111C00	172	wHook	original/wHook.cpp	std::_Tgt_state_t<char const *>::~_Tgt_state_t<char const *>
0x140111CB0	0x111CB0	95	wHook	original/wHook.cpp	std::_Tidy_guard<std::_Builder<char const *,char,std::regex_traits<char> > >::~_Tidy_guard<std::_Builder<char const *,char,std::regex_traits<char> > >
0x140111D10	0x111D10	20	wHook	original/wHook.cpp	std::_Tree_temp_node_alloc<std::allocator<std::_Tree_node<std::pair<std::basic_string<char,std::char_traits<char>,std::allocator<char> > const ,_Material *>,void *> > >::~_Tree_temp_node_alloc<std::allocator<std::_Tree_node<std::pair<std::basic_string<char,std::char_traits<char>,std::allocator<char> > const ,_Material *>,void *> > >
0x140111D30	0x111D30	91	wHook	original/wHook.cpp	std::_Vb_val<std::allocator<bool> >::~_Vb_val<std::allocator<bool> >
0x140111D90	0x111D90	5	wHook	original/wHook.cpp	std::basic_string<wchar_t,std::char_traits<wchar_t>,std::allocator<wchar_t> >::~basic_string<wchar_t,std::char_traits<wchar_t>,std::allocator<wchar_t> >
0x140111DA0	0x111DA0	44	wHook	original/wHook.cpp	std::collate<char>::~collate<char>
0x140111DD0	0x111DD0	92	wHook	original/wHook.cpp	std::map<unsigned short,unsigned int,std::less<unsigned short>,std::allocator<std::pair<unsigned short const ,unsigned int> > >::~map<unsigned short,unsigned int,std::less<unsigned short>,std::allocator<std::pair<unsigned short const ,unsigned int> > >
0x140111E30	0x111E30	9	wHook	original/wHook.cpp	std::match_results<char const *,std::allocator<std::sub_match<char const *> > >::~match_results<char const *,std::allocator<std::sub_match<char const *> > >
0x140111E40	0x111E40	47	wHook	original/wHook.cpp	std::regex_traits<char>::~regex_traits<char>
0x140111E70	0x111E70	20	wHook	original/wHook.cpp	std::unique_ptr<std::_Node_assert,std::default_delete<std::_Node_assert> >::~unique_ptr<std::_Node_assert,std::default_delete<std::_Node_assert> >
0x140111E90	0x111E90	87	wHook	original/wHook.cpp	std::vector<char,std::allocator<char> >::~vector<char,std::allocator<char> >
0x140111EF0	0x111EF0	93	wHook	original/wHook.cpp	std::vector<unsigned short,std::allocator<unsigned short> >::~vector<unsigned short,std::allocator<unsigned short> >
0x140111F50	0x111F50	173	wHook	original/wHook.cpp	std::vector<CD3DApplication::SubMeshSet,std::allocator<CD3DApplication::SubMeshSet> >::~vector<CD3DApplication::SubMeshSet,std::allocator<CD3DApplication::SubMeshSet> >
0x140112000	0x112000	91	wHook	original/wHook.cpp	std::vector<std::_Loop_vals_t,std::allocator<std::_Loop_vals_t> >::~vector<std::_Loop_vals_t,std::allocator<std::_Loop_vals_t> >
0x140112060	0x112060	122	wHook	original/wHook.cpp	std::vector<std::sub_match<char const *>,std::allocator<std::sub_match<char const *> > >::~vector<std::sub_match<char const *>,std::allocator<std::sub_match<char const *> > >
0x1401120E0	0x1120E0	91	wHook	original/wHook.cpp	std::vector<bool,std::allocator<bool> >::~vector<bool,std::allocator<bool> >
0x140112140	0x112140	104	wHook	original/wHook.cpp	CD3DApplication::SubMeshSet::~SubMeshSet
0x1401121B0	0x1121B0	11	wHook	original/wHook.cpp	std::_Node_base::~_Node_base
0x1401121C0	0x1121C0	8	wHook	original/wHook.cpp	std::_System_error_message::~_System_error_message
0x1401121D0	0x1121D0	15	wHook	original/wHook.cpp	el_chavo::~el_chavo
0x1401121E0	0x1121E0	138	wHook	original/wHook.cpp	std::filesystem::filesystem_error::~filesystem_error
0x140112270	0x112270	5	wHook	original/wHook.cpp	std::filesystem::path::~path
0x140112280	0x112280	19	wHook	original/wHook.cpp	std::runtime_error::~runtime_error
0x1401122A0	0x1122A0	131	wHook	original/wHook.cpp	std::_Tgt_state_t<char const *>::operator=
0x140112330	0x112330	19	wHook	original/wHook.cpp	std::basic_string<char,std::char_traits<char>,std::allocator<char> >::operator[]
0x140112350	0x112350	233	wHook	original/wHook.cpp	std::map<std::basic_string<char,std::char_traits<char>,std::allocator<char> >,_Material *,std::less<std::basic_string<char,std::char_traits<char>,std::allocator<char> > >,std::allocator<std::pair<std::basic_string<char,std::char_traits<char>,std::allocator<char> > const ,_Material *> > >::operator[]
0x140271F30	0x271F30	12	wHook	original/wHook.cpp	`std::map<std::basic_string<char,std::char_traits<char>,std::allocator<char> >,_Material *,std::less<std::basic_string<char,std::char_traits<char>,std::allocator<char> > >,std::allocator<std::pair<std::basic_string<char,std::char_traits<char>,std::allocator<char> > const ,_Material *> > >::operator[]'::`1'::dtor$2
0x140271F20	0x271F20	12	wHook	original/wHook.cpp	`std::map<std::basic_string<char,std::char_traits<char>,std::allocator<char> >,_Material *,std::less<std::basic_string<char,std::char_traits<char>,std::allocator<char> > >,std::allocator<std::pair<std::basic_string<char,std::char_traits<char>,std::allocator<char> > const ,_Material *> > >::operator[]'::`1'::dtor$1
0x140112440	0x112440	111	wHook	original/wHook.cpp	std::_Vb_iterator<std::_Wrap_alloc<std::allocator<unsigned int> > >::operator+
0x1401124B0	0x1124B0	263	wHook	original/wHook.cpp	std::_Node_class<char,std::regex_traits<char> >::`scalar deleting destructor'
0x1401125C0	0x1125C0	66	wHook	original/wHook.cpp	std::_Node_str<char>::`scalar deleting destructor'
0x140112610	0x112610	76	wHook	original/wHook.cpp	std::collate<char>::`scalar deleting destructor'
0x140112660	0x112660	33	wHook	original/wHook.cpp	std::_Generic_error_category::`scalar deleting destructor'
0x140112690	0x112690	129	wHook	original/wHook.cpp	std::_Node_assert::`scalar deleting destructor'
0x140112720	0x112720	43	wHook	original/wHook.cpp	std::_Node_back::`scalar deleting destructor'
0x140112750	0x112750	43	wHook	original/wHook.cpp	std::_Node_base::`scalar deleting destructor'
0x140112780	0x112780	43	wHook	original/wHook.cpp	std::_Node_capture::`scalar deleting destructor'
0x1401127B0	0x1127B0	43	wHook	original/wHook.cpp	std::_Node_end_group::`scalar deleting destructor'
0x1401127E0	0x1127E0	43	wHook	original/wHook.cpp	std::_Node_end_rep::`scalar deleting destructor'
0x140112810	0x112810	43	wHook	original/wHook.cpp	std::_Node_endif::`scalar deleting destructor'
0x140112840	0x112840	188	wHook	original/wHook.cpp	std::_Node_if::`scalar deleting destructor'
0x140112900	0x112900	43	wHook	original/wHook.cpp	std::_Node_rep::`scalar deleting destructor'
0x140112930	0x112930	43	wHook	original/wHook.cpp	std::_Root_node::`scalar deleting destructor'
0x140112960	0x112960	33	wHook	original/wHook.cpp	std::_System_error_category::`scalar deleting destructor'
0x140112990	0x112990	172	wHook	original/wHook.cpp	std::filesystem::filesystem_error::`scalar deleting destructor'
0x1400037C0	0x37C0	32	wHook	original/wHook.cpp	`dynamic initializer for 'chavo''
0x1400037E0	0x37E0	21	wHook	original/wHook.cpp	`dynamic initializer for 'framelast''
0x140003800	0x3800	21	wHook	original/wHook.cpp	`dynamic initializer for 'framenow''
0x140279F30	0x279F30	26	wHook	original/wHook.cpp	`dynamic atexit destructor for 'chavo''
0x140112A40	0x112A40	1227	wHook	original/wHook.cpp	el_chavo::ApplyCulling
0x140112F10	0x112F10	169	wHook	original/wHook.cpp	el_chavo::ApplyLevelTransformation
0x140112FC0	0x112FC0	142	wHook	original/wHook.cpp	el_chavo::ApplyProjection
0x140113050	0x113050	614	wHook	original/wHook.cpp	el_chavo::ApplyProjectionPolyArray
0x1401132C0	0x1132C0	307	wHook	original/wHook.cpp	el_chavo::CleanupFBXData
0x140113400	0x113400	21	wHook	original/wHook.cpp	el_chavo::DeleteDeviceObjects
0x140113420	0x113420	3	wHook	original/wHook.cpp	el_chavo::DrawLine2d
0x140113430	0x113430	108	wHook	original/wHook.cpp	el_chavo::DrawLine
0x1401134A0	0x1134A0	212	wHook	original/wHook.cpp	el_chavo::DrawSphere
0x140113580	0x113580	4125	wHook	original/wHook.cpp	el_chavo::DrawUITextUTF16
0x140271F40	0x271F40	12	wHook	original/wHook.cpp	`el_chavo::DrawUITextUTF16'::`1'::dtor$0
0x140271F50	0x271F50	12	wHook	original/wHook.cpp	`el_chavo::DrawUITextUTF16'::`1'::dtor$1
0x140271F60	0x271F60	12	wHook	original/wHook.cpp	`el_chavo::DrawUITextUTF16'::`1'::dtor$3
0x1401145A0	0x1145A0	4261	wHook	original/wHook.cpp	el_chavo::DrawUITextUTF16Depth
0x140271F70	0x271F70	12	wHook	original/wHook.cpp	`el_chavo::DrawUITextUTF16Depth'::`1'::dtor$0
0x140271F80	0x271F80	12	wHook	original/wHook.cpp	`el_chavo::DrawUITextUTF16Depth'::`1'::dtor$1
0x140271F90	0x271F90	12	wHook	original/wHook.cpp	`el_chavo::DrawUITextUTF16Depth'::`1'::dtor$3
0x140115650	0x115650	2103	wHook	original/wHook.cpp	el_chavo::DrawUITextUTF16_3D
0x140271FA0	0x271FA0	12	wHook	original/wHook.cpp	`el_chavo::DrawUITextUTF16_3D'::`1'::dtor$0
0x140271FB0	0x271FB0	12	wHook	original/wHook.cpp	`el_chavo::DrawUITextUTF16_3D'::`1'::dtor$1
0x140115E90	0x115E90	5208	wHook	original/wHook.cpp	el_chavo::EndPoly
0x140271FC0	0x271FC0	12	wHook	original/wHook.cpp	`el_chavo::EndPoly'::`1'::dtor$0
0x140271FD0	0x271FD0	12	wHook	original/wHook.cpp	`el_chavo::EndPoly'::`1'::dtor$1
0x140271FE0	0x271FE0	12	wHook	original/wHook.cpp	`el_chavo::EndPoly'::`1'::dtor$2
0x140271FF0	0x271FF0	12	wHook	original/wHook.cpp	`el_chavo::EndPoly'::`1'::dtor$3
0x1401172F0	0x1172F0	28	wHook	original/wHook.cpp	el_chavo::FinalCleanup
0x140117310	0x117310	560	wHook	original/wHook.cpp	GetAchNameFromIndex
0x140117540	0x117540	99	wHook	original/wHook.cpp	el_chavo::InitDeviceObjects
0x1401175B0	0x1175B0	6700	wHook	original/wHook.cpp	el_chavo::InitFBXLevelData
0x140272000	0x272000	12	wHook	original/wHook.cpp	`el_chavo::InitFBXLevelData'::`1'::dtor$0
0x140272010	0x272010	47	wHook	original/wHook.cpp	`el_chavo::InitFBXLevelData'::`1'::dtor$2
0x140272040	0x272040	12	wHook	original/wHook.cpp	`el_chavo::InitFBXLevelData'::`1'::dtor$3
0x140272050	0x272050	12	wHook	original/wHook.cpp	`el_chavo::InitFBXLevelData'::`1'::dtor$4
0x140272060	0x272060	12	wHook	original/wHook.cpp	`el_chavo::InitFBXLevelData'::`1'::dtor$5
0x140272070	0x272070	12	wHook	original/wHook.cpp	`el_chavo::InitFBXLevelData'::`1'::dtor$6
0x140272080	0x272080	12	wHook	original/wHook.cpp	`el_chavo::InitFBXLevelData'::`1'::dtor$7
0x140272090	0x272090	12	wHook	original/wHook.cpp	`el_chavo::InitFBXLevelData'::`1'::dtor$8
0x1402720A0	0x2720A0	12	wHook	original/wHook.cpp	`el_chavo::InitFBXLevelData'::`1'::dtor$9
0x1402720B0	0x2720B0	47	wHook	original/wHook.cpp	`el_chavo::InitFBXLevelData'::`1'::dtor$11
0x1402720E0	0x2720E0	12	wHook	original/wHook.cpp	`el_chavo::InitFBXLevelData'::`1'::dtor$12
0x1402720F0	0x2720F0	12	wHook	original/wHook.cpp	`el_chavo::InitFBXLevelData'::`1'::dtor$13
0x140272100	0x272100	12	wHook	original/wHook.cpp	`el_chavo::InitFBXLevelData'::`1'::dtor$14
0x140272110	0x272110	12	wHook	original/wHook.cpp	`el_chavo::InitFBXLevelData'::`1'::dtor$15
0x140272120	0x272120	12	wHook	original/wHook.cpp	`el_chavo::InitFBXLevelData'::`1'::dtor$16
0x140272130	0x272130	12	wHook	original/wHook.cpp	`el_chavo::InitFBXLevelData'::`1'::dtor$17
0x140118FE0	0x118FE0	3	wHook	original/wHook.cpp	el_chavo::InitFBXTextureData
0x140118FF0	0x118FF0	65	wHook	original/wHook.cpp	el_chavo::InitTransPolys
0x140119040	0x119040	42	wHook	original/wHook.cpp	IsNullTerminated
0x140119070	0x119070	289	wHook	original/wHook.cpp	el_chavo::LoadTexture
0x1401191A0	0x1191A0	220	wHook	original/wHook.cpp	ModifyFilename
0x140119280	0x119280	5529	wHook	original/wHook.cpp	el_chavo::NoScaleEndPoly
0x140272140	0x272140	12	wHook	original/wHook.cpp	`el_chavo::NoScaleEndPoly'::`1'::dtor$0
0x140272150	0x272150	12	wHook	original/wHook.cpp	`el_chavo::NoScaleEndPoly'::`1'::dtor$1
0x140272160	0x272160	12	wHook	original/wHook.cpp	`el_chavo::NoScaleEndPoly'::`1'::dtor$2
0x140272170	0x272170	12	wHook	original/wHook.cpp	`el_chavo::NoScaleEndPoly'::`1'::dtor$3
0x14011A820	0x11A820	56	wHook	original/wHook.cpp	el_chavo::OnKeyUp
0x14011A860	0x11A860	3	wHook	original/wHook.cpp	el_chavo::OneTimeSceneInit
0x14011A870	0x11A870	38	wHook	original/wHook.cpp	el_chavo::PlotTransPolys
0x14011A8A0	0x11A8A0	99	wHook	original/wHook.cpp	SetFilenameExtension
0x14011A910	0x11A910	399	wHook	original/wHook.cpp	el_chavo::SetVert
0x14011AAA0	0x11AAA0	187	wHook	original/wHook.cpp	el_chavo::StartPoly
0x14011AB60	0x11AB60	388	wHook	original/wHook.cpp	UpdateValidResolutions
0x14011ACF0	0x11ACF0	138	wHook	original/wHook.cpp	std::_Builder<char const *,char,std::regex_traits<char> >::_Add_backreference
0x14011AD80	0x11AD80	10	wHook	original/wHook.cpp	std::_Builder<char const *,char,std::regex_traits<char> >::_Add_bol
0x14011AD90	0x11AD90	287	wHook	original/wHook.cpp	std::_Builder<char const *,char,std::regex_traits<char> >::_Add_char
0x14011AEB0	0x11AEB0	177	wHook	original/wHook.cpp	std::_Builder<char const *,char,std::regex_traits<char> >::_Add_char_to_array
0x14011AF70	0x11AF70	131	wHook	original/wHook.cpp	std::_Builder<char const *,char,std::regex_traits<char> >::_Add_char_to_bitmap
0x14011B000	0x11B000	131	wHook	original/wHook.cpp	std::_Builder<char const *,char,std::regex_traits<char> >::_Add_char_to_class
0x14011B090	0x11B090	146	wHook	original/wHook.cpp	std::_Builder<char const *,char,std::regex_traits<char> >::_Add_class
0x14011B130	0x11B130	27	wHook	original/wHook.cpp	std::_Builder<char const *,char,std::regex_traits<char> >::_Add_coll
0x14011B150	0x11B150	10	wHook	original/wHook.cpp	std::_Builder<char const *,char,std::regex_traits<char> >::_Add_dot
0x14011B160	0x11B160	230	wHook	original/wHook.cpp	std::_Builder<char const *,char,std::regex_traits<char> >::_Add_elts
0x14011B250	0x11B250	10	wHook	original/wHook.cpp	std::_Builder<char const *,char,std::regex_traits<char> >::_Add_eol
0x14011B260	0x11B260	394	wHook	original/wHook.cpp	std::_Builder<char const *,char,std::regex_traits<char> >::_Add_equiv
0x140272180	0x272180	12	wHook	original/wHook.cpp	`std::_Builder<char const *,char,std::regex_traits<char> >::_Add_equiv'::`1'::dtor$0
0x14011B3F0	0x11B3F0	216	wHook	original/wHook.cpp	std::_Builder<char const *,char,std::regex_traits<char> >::_Add_named_class
0x14011B4D0	0x11B4D0	404	wHook	original/wHook.cpp	std::_Builder<char const *,char,std::regex_traits<char> >::_Add_range
0x14011B670	0x11B670	809	wHook	original/wHook.cpp	std::_Builder<char const *,char,std::regex_traits<char> >::_Add_rep
0x14011B9A0	0x11B9A0	130	wHook	original/wHook.cpp	std::_Builder<char const *,char,std::regex_traits<char> >::_Add_str_node
0x14011BA30	0x11BA30	10	wHook	original/wHook.cpp	std::_Builder<char const *,char,std::regex_traits<char> >::_Add_wbound
0x14011BA40	0x11BA40	1587	wHook	original/wHook.cpp	std::_Parser<char const *,char,std::regex_traits<char> >::_Alternative
0x14011C080	0x11C080	384	wHook	original/wHook.cpp	std::_Parser<char const *,char,std::regex_traits<char> >::_AtomEscape
0x14011C200	0x11C200	24	wHook	original/wHook.cpp	std::_Builder<char const *,char,std::regex_traits<char> >::_Beg_expr
0x14011C220	0x11C220	53	wHook	original/wHook.cpp	std::_Builder<char const *,char,std::regex_traits<char> >::_Beg_expr
0x14011C260	0x11C260	209	wHook	original/wHook.cpp	std::_Builder<char const *,char,std::regex_traits<char> >::_Begin_assert_group
0x140272190	0x272190	12	wHook	original/wHook.cpp	`std::_Builder<char const *,char,std::regex_traits<char> >::_Begin_assert_group'::`1'::dtor$0
0x14011C340	0x11C340	141	wHook	original/wHook.cpp	std::_Builder<char const *,char,std::regex_traits<char> >::_Begin_capture_group
0x14011C3D0	0x11C3D0	10	wHook	original/wHook.cpp	std::_Builder<char const *,char,std::regex_traits<char> >::_Begin_group
0x14011C3E0	0x11C3E0	242	wHook	original/wHook.cpp	std::_Builder<char const *,char,std::regex_traits<char> >::_Begin_if
0x14011C4E0	0x11C4E0	168	wHook	original/wHook.cpp	std::_Matcher<char const *,char,std::regex_traits<char>,char const *>::_Better_match
0x14011C590	0x11C590	138	wHook	original/wHook.cpp	std::vector<Vertex,std::allocator<Vertex> >::_Buy_nonzero
0x14011C620	0x11C620	135	wHook	original/wHook.cpp	std::vector<unsigned int,std::allocator<unsigned int> >::_Buy_raw
0x14011C6B0	0x11C6B0	134	wHook	original/wHook.cpp	std::vector<std::_Tgt_state_t<char const *>::_Grp_t,std::allocator<std::_Tgt_state_t<char const *>::_Grp_t> >::_Buy_raw
0x14011C740	0x11C740	224	wHook	original/wHook.cpp	std::_Calculate_loop_simplicity
0x14011C820	0x11C820	234	wHook	original/wHook.cpp	std::_Builder<char const *,char,std::regex_traits<char> >::_Char_to_elts
0x14011C910	0x11C910	270	wHook	original/wHook.cpp	std::_Parser<char const *,char,std::regex_traits<char> >::_CharacterClass
0x14011CA20	0x11CA20	168	wHook	original/wHook.cpp	std::_Parser<char const *,char,std::regex_traits<char> >::_CharacterClassEscape
0x14011CAD0	0x11CAD0	1088	wHook	original/wHook.cpp	std::_Parser<char const *,char,std::regex_traits<char> >::_CharacterEscape
0x14011CF10	0x11CF10	522	wHook	original/wHook.cpp	std::_Parser<char const *,char,std::regex_traits<char> >::_ClassAtom
0x14011D120	0x11D120	132	wHook	original/wHook.cpp	std::_Parser<char const *,char,std::regex_traits<char> >::_ClassEscape
0x14011D1B0	0x11D1B0	348	wHook	original/wHook.cpp	std::_Parser<char const *,char,std::regex_traits<char> >::_ClassRanges
0x14011D310	0x11D310	145	wHook	original/wHook.cpp	std::_Parser<char const *,char,std::regex_traits<char> >::_Compile
0x1402721A0	0x2721A0	12	wHook	original/wHook.cpp	`std::_Parser<char const *,char,std::regex_traits<char> >::_Compile'::`1'::dtor$0
0x14011D3B0	0x11D3B0	240	wHook	original/wHook.cpp	std::_Parser<char const *,char,std::regex_traits<char> >::_DecimalDigits
0x14011D4A0	0x11D4A0	604	wHook	original/wHook.cpp	std::_Parser<char const *,char,std::regex_traits<char> >::_Disjunction
0x14011D700	0x11D700	230	wHook	original/wHook.cpp	std::_Parser<char const *,char,std::regex_traits<char> >::_Do_assert_group
0x1402721B0	0x2721B0	12	wHook	original/wHook.cpp	`std::_Parser<char const *,char,std::regex_traits<char> >::_Do_assert_group'::`1'::dtor$0
0x14011D7F0	0x11D7F0	123	wHook	original/wHook.cpp	std::_Parser<char const *,char,std::regex_traits<char> >::_Do_capture_group
0x14011D870	0x11D870	386	wHook	original/wHook.cpp	std::_Matcher<char const *,char,std::regex_traits<char>,char const *>::_Do_class
0x14011DA00	0x11DA00	279	wHook	original/wHook.cpp	std::_Parser<char const *,char,std::regex_traits<char> >::_Do_digits
0x14011DB20	0x11DB20	414	wHook	original/wHook.cpp	std::_Parser<char const *,char,std::regex_traits<char> >::_Do_ex_class
0x14011DCC0	0x11DCC0	78	wHook	original/wHook.cpp	std::_Parser<char const *,char,std::regex_traits<char> >::_Do_ffn
0x14011DD10	0x11DD10	35	wHook	original/wHook.cpp	std::_Parser<char const *,char,std::regex_traits<char> >::_Do_ffnx
0x14011DD40	0x11DD40	1069	wHook	original/wHook.cpp	std::_Matcher<char const *,char,std::regex_traits<char>,char const *>::_Do_if
0x1402721E0	0x2721E0	12	wHook	original/wHook.cpp	`std::_Matcher<char const *,char,std::regex_traits<char>,char const *>::_Do_if'::`1'::dtor$2
0x1402721C0	0x2721C0	12	wHook	original/wHook.cpp	`std::_Matcher<char const *,char,std::regex_traits<char>,char const *>::_Do_if'::`1'::dtor$0
0x1402721F0	0x2721F0	12	wHook	original/wHook.cpp	`std::_Matcher<char const *,char,std::regex_traits<char>,char const *>::_Do_if'::`1'::dtor$9
0x1402721D0	0x2721D0	12	wHook	original/wHook.cpp	`std::_Matcher<char const *,char,std::regex_traits<char>,char const *>::_Do_if'::`1'::dtor$1
0x14011E170	0x11E170	70	wHook	original/wHook.cpp	std::_Parser<char const *,char,std::regex_traits<char> >::_Do_noncapture_group
0x14011E1C0	0x11E1C0	1063	wHook	original/wHook.cpp	std::_Matcher<char const *,char,std::regex_traits<char>,char const *>::_Do_rep0
0x140272230	0x272230	12	wHook	original/wHook.cpp	`std::_Matcher<char const *,char,std::regex_traits<char>,char const *>::_Do_rep0'::`1'::dtor$9
0x140272200	0x272200	12	wHook	original/wHook.cpp	`std::_Matcher<char const *,char,std::regex_traits<char>,char const *>::_Do_rep0'::`1'::dtor$0
0x140272220	0x272220	12	wHook	original/wHook.cpp	`std::_Matcher<char const *,char,std::regex_traits<char>,char const *>::_Do_rep0'::`1'::dtor$2
0x140272210	0x272210	12	wHook	original/wHook.cpp	`std::_Matcher<char const *,char,std::regex_traits<char>,char const *>::_Do_rep0'::`1'::dtor$1
0x14011E5F0	0x11E5F0	759	wHook	original/wHook.cpp	std::_Matcher<char const *,char,std::regex_traits<char>,char const *>::_Do_rep
0x140272250	0x272250	12	wHook	original/wHook.cpp	`std::_Matcher<char const *,char,std::regex_traits<char>,char const *>::_Do_rep'::`1'::dtor$1
0x140272240	0x272240	12	wHook	original/wHook.cpp	`std::_Matcher<char const *,char,std::regex_traits<char>,char const *>::_Do_rep'::`1'::dtor$0
0x14011E8F0	0x11E8F0	172	wHook	original/wHook.cpp	std::_Builder<char const *,char,std::regex_traits<char> >::_Else_if
0x14011E9A0	0x11E9A0	36	wHook	original/wHook.cpp	std::_Builder<char const *,char,std::regex_traits<char> >::_End_assert_group
0x14011E9D0	0x11E9D0	177	wHook	original/wHook.cpp	std::_Builder<char const *,char,std::regex_traits<char> >::_End_group
0x14011EA90	0x11EA90	28	wHook	original/wHook.cpp	std::_Builder<char const *,char,std::regex_traits<char> >::_End_pattern
0x14011EAB0	0x11EAB0	12	wHook	original/wHook.cpp	std::_Parser<char const *,char,std::regex_traits<char> >::_Error
0x14011EAC0	0x11EAC0	106	wHook	original/wHook.cpp	std::_Parser<char const *,char,std::regex_traits<char> >::_Expect
0x14011EB30	0x11EB30	861	wHook	original/wHook.cpp	std::_Hash<std::_Umap_traits<std::basic_string<char,std::char_traits<char>,std::allocator<char> >,_Material *,std::_Uhash_compare<std::basic_string<char,std::char_traits<char>,std::allocator<char> >,std::hash<std::basic_string<char,std::char_traits<char>,std::allocator<char> > >,std::equal_to<std::basic_string<char,std::char_traits<char>,std::allocator<char> > > >,std::allocator<std::pair<std::basic_string<char,std::char_traits<char>,std::allocator<char> > const ,_Material *> >,0> >::_Forced_rehash
0x14011EE90	0x11EE90	4	wHook	original/wHook.cpp	std::_Builder<char const *,char,std::regex_traits<char> >::_Get_bmax
0x14011EEA0	0x11EEA0	7	wHook	original/wHook.cpp	std::_Matcher<char const *,char,std::regex_traits<char>,char const *>::_Get_ncap
0x14011EEB0	0x11EEB0	4	wHook	original/wHook.cpp	std::_Builder<char const *,char,std::regex_traits<char> >::_Get_tmax
0x14011EEC0	0x11EEC0	516	wHook	original/wHook.cpp	std::collate<char>::_Getcat
0x140272260	0x272260	32	wHook	original/wHook.cpp	`std::collate<char>::_Getcat'::`1'::dtor$0
0x140272280	0x272280	41	wHook	original/wHook.cpp	`std::collate<char>::_Getcat'::`1'::dtor$1
0x1402722B0	0x2722B0	12	wHook	original/wHook.cpp	`std::collate<char>::_Getcat'::`1'::dtor$3
0x1402722C0	0x2722C0	16	wHook	original/wHook.cpp	`std::collate<char>::_Getcat'::`1'::dtor$4
0x1402722D0	0x2722D0	16	wHook	original/wHook.cpp	`std::collate<char>::_Getcat'::`1'::dtor$5
0x1402722E0	0x2722E0	16	wHook	original/wHook.cpp	`std::collate<char>::_Getcat'::`1'::dtor$6
0x1402722F0	0x2722F0	16	wHook	original/wHook.cpp	`std::collate<char>::_Getcat'::`1'::dtor$7
0x140272300	0x272300	16	wHook	original/wHook.cpp	`std::collate<char>::_Getcat'::`1'::dtor$8
0x140272310	0x272310	16	wHook	original/wHook.cpp	`std::collate<char>::_Getcat'::`1'::dtor$9
0x14011F0D0	0x11F0D0	5	wHook	original/wHook.cpp	std::_Builder<char const *,char,std::regex_traits<char> >::_Getmark
0x14011F0E0	0x11F0E0	239	wHook	original/wHook.cpp	std::_Parser<char const *,char,std::regex_traits<char> >::_HexDigits
0x14011F1D0	0x11F1D0	392	wHook	original/wHook.cpp	std::_Parser<char const *,char,std::regex_traits<char> >::_IdentityEscape
0x14011F360	0x11F360	25	wHook	original/wHook.cpp	std::_Builder<char const *,char,std::regex_traits<char> >::_Insert_node
0x14011F380	0x11F380	603	wHook	original/wHook.cpp	std::_Tree_val<std::_Tree_simple_types<std::pair<std::basic_string<char,std::char_traits<char>,std::allocator<char> > const ,_Material *> > >::_Insert_node
0x14011F5E0	0x11F5E0	553	wHook	original/wHook.cpp	std::vector<bool,std::allocator<bool> >::_Insert_x
0x14011F810	0x11F810	288	wHook	original/wHook.cpp	std::_Parser<char const *,char,std::regex_traits<char> >::_IsIdentityEscape
0x14011F930	0x11F930	55	wHook	original/wHook.cpp	std::_Parser<char const *,char,std::regex_traits<char> >::_Is_esc
0x14011F970	0x11F970	115	wHook	original/wHook.cpp	std::_Matcher<char const *,char,std::regex_traits<char>,char const *>::_Is_wbound
0x14011F9F0	0x11F9F0	53	wHook	original/wHook.cpp	std::_Builder<char const *,char,std::regex_traits<char> >::_Link_node
0x14011FA30	0x11FA30	17	wHook	original/wHook.cpp	std::_Make_ec
0x14011FA50	0x11FA50	9	wHook	original/wHook.cpp	std::_Builder<char const *,char,std::regex_traits<char> >::_Mark_final
0x14011FA60	0x11FA60	1576	wHook	original/wHook.cpp	std::_Matcher<char const *,char,std::regex_traits<char>,char const *>::_Match_pat
0x140272320	0x272320	12	wHook	original/wHook.cpp	`std::_Matcher<char const *,char,std::regex_traits<char>,char const *>::_Match_pat'::`1'::dtor$0
0x140120090	0x120090	9	wHook	original/wHook.cpp	std::_Builder<char const *,char,std::regex_traits<char> >::_Negate
0x1401200A0	0x1200A0	134	wHook	original/wHook.cpp	std::_Builder<char const *,char,std::regex_traits<char> >::_New_node
0x140120130	0x120130	80	wHook	original/wHook.cpp	std::_Parser<char const *,char,std::regex_traits<char> >::_Next
0x140120180	0x120180	212	wHook	original/wHook.cpp	std::_Parser<char const *,char,std::regex_traits<char> >::_OctalDigits
0x140120260	0x120260	743	wHook	original/wHook.cpp	std::filesystem::filesystem_error::_Pretty_message
0x140272330	0x272330	38	wHook	original/wHook.cpp	`std::filesystem::filesystem_error::_Pretty_message'::`1'::dtor$0
0x140272360	0x272360	12	wHook	original/wHook.cpp	`std::filesystem::filesystem_error::_Pretty_message'::`1'::dtor$1
0x140272370	0x272370	12	wHook	original/wHook.cpp	`std::filesystem::filesystem_error::_Pretty_message'::`1'::dtor$2
0x140120550	0x120550	411	wHook	original/wHook.cpp	std::_Parser<char const *,char,std::regex_traits<char> >::_Quantifier
0x1401206F0	0x1206F0	191	wHook	original/wHook.cpp	std::match_results<char const *,std::allocator<std::sub_match<char const *> > >::_Resize
0x1401207B0	0x1207B0	8	wHook	original/wHook.cpp	std::_Builder<char const *,char,std::regex_traits<char> >::_Setlong
0x1401207C0	0x1207C0	736	wHook	original/wHook.cpp	std::_Matcher<char const *,char,std::regex_traits<char>,char const *>::_Skip
0x140120AA0	0x120AA0	85	wHook	original/wHook.cpp	std::filesystem::_Throw_fs_error
0x140272380	0x272380	12	wHook	original/wHook.cpp	`std::filesystem::_Throw_fs_error'::`1'::dtor$0
0x140120B00	0x120B00	102	wHook	original/wHook.cpp	std::filesystem::_Throw_fs_error
0x140272390	0x272390	12	wHook	original/wHook.cpp	`std::filesystem::_Throw_fs_error'::`1'::dtor$0
0x140120B70	0x120B70	57	wHook	original/wHook.cpp	std::_Throw_system_error
0x140120BB0	0x120BB0	57	wHook	original/wHook.cpp	std::_Throw_system_error_from_std_win_error
0x140120BF0	0x120BF0	98	wHook	original/wHook.cpp	std::_Builder<char const *,char,std::regex_traits<char> >::_Tidy
0x140120C60	0x120C60	125	wHook	original/wHook.cpp	std::basic_regex<char,std::regex_traits<char> >::_Tidy
0x140120CE0	0x120CE0	118	wHook	original/wHook.cpp	std::vector<Vertex,std::allocator<Vertex> >::_Tidy
0x140120D60	0x120D60	97	wHook	original/wHook.cpp	std::basic_string<char16_t,std::char_traits<char16_t>,std::allocator<char16_t> >::_Tidy_deallocate
0x140120DD0	0x120DD0	97	wHook	original/wHook.cpp	std::basic_string<wchar_t,std::char_traits<wchar_t>,std::allocator<wchar_t> >::_Tidy_deallocate
0x140120E40	0x120E40	516	wHook	original/wHook.cpp	std::_Parser<char const *,char,std::regex_traits<char> >::_Trans
0x140121050	0x121050	108	wHook	original/wHook.cpp	std::vector<bool,std::allocator<bool> >::_Trim
0x1401210C0	0x1210C0	348	wHook	original/wHook.cpp	std::_Parser<char const *,char,std::regex_traits<char> >::_Wrapped_disjunction
0x140121220	0x121220	17	wHook	original/wHook.cpp	std::vector<bool,std::allocator<bool> >::_Xlen
0x140121240	0x121240	17	wHook	original/wHook.cpp	std::vector<char,std::allocator<char> >::_Xlength
0x140121260	0x121260	17	wHook	original/wHook.cpp	std::vector<unsigned short,std::allocator<unsigned short> >::_Xlength
0x140121280	0x121280	17	wHook	original/wHook.cpp	std::vector<CD3DApplication::FBX_MESH *,std::allocator<CD3DApplication::FBX_MESH *> >::_Xlength
0x1401212A0	0x1212A0	17	wHook	original/wHook.cpp	std::vector<CD3DApplication::SubMeshSet,std::allocator<CD3DApplication::SubMeshSet> >::_Xlength
0x1401212C0	0x1212C0	17	wHook	original/wHook.cpp	std::vector<std::_Tgt_state_t<char const *>::_Grp_t,std::allocator<std::_Tgt_state_t<char const *>::_Grp_t> >::_Xlength
0x1401212E0	0x1212E0	17	wHook	original/wHook.cpp	std::vector<std::_Loop_vals_t,std::allocator<std::_Loop_vals_t> >::_Xlength
0x140121300	0x121300	17	wHook	original/wHook.cpp	std::vector<std::sub_match<char const *>,std::allocator<std::sub_match<char const *> > >::_Xlength
0x140121320	0x121320	17	wHook	original/wHook.cpp	std::_String_val<std::_Simple_types<char16_t> >::_Xran
0x140121340	0x121340	62	wHook	original/wHook.cpp	std::allocator<unsigned short>::deallocate
0x140121380	0x121380	66	wHook	original/wHook.cpp	std::allocator<CD3DApplication::FBX_MESH *>::deallocate
0x1401213D0	0x1213D0	62	wHook	original/wHook.cpp	std::allocator<CD3DApplication::SubMeshSet>::deallocate
0x140121410	0x121410	65	wHook	original/wHook.cpp	std::allocator<std::_Tgt_state_t<char const *>::_Grp_t>::deallocate
0x140121460	0x121460	65	wHook	original/wHook.cpp	std::allocator<std::_Loop_vals_t>::deallocate
0x1401214B0	0x1214B0	66	wHook	original/wHook.cpp	std::allocator<std::sub_match<char const *> >::deallocate
0x140121500	0x121500	114	wHook	original/wHook.cpp	std::_System_error_category::default_error_condition
0x140121580	0x121580	73	wHook	original/wHook.cpp	std::collate<char>::do_compare
0x1401215D0	0x1215D0	53	wHook	original/wHook.cpp	std::collate<char>::do_hash
0x140121610	0x121610	415	wHook	original/wHook.cpp	std::collate<char>::do_transform
0x1402723A0	0x2723A0	38	wHook	original/wHook.cpp	`std::collate<char>::do_transform'::`1'::dtor$0
0x1401217B0	0x1217B0	500	wHook	original/wHook.cpp	std::vector<bool,std::allocator<bool> >::erase
0x1401219B0	0x1219B0	295	wHook	original/wHook.cpp	std::basic_string<char16_t,std::char_traits<char16_t>,std::allocator<char16_t> >::insert
0x140121AE0	0x121AE0	17	wHook	original/wHook.cpp	std::make_error_code
0x140121B00	0x121B00	78	wHook	original/wHook.cpp	std::_Generic_error_category::message
0x140121B50	0x121B50	151	wHook	original/wHook.cpp	std::_System_error_category::message
0x1402723D0	0x2723D0	12	wHook	original/wHook.cpp	`std::_System_error_category::message'::`1'::dtor$0
0x140121BF0	0x121BF0	8	wHook	original/wHook.cpp	std::_Generic_error_category::name
0x140121C00	0x121C00	8	wHook	original/wHook.cpp	std::_System_error_category::name
0x140121C10	0x121C10	366	wHook	original/wHook.cpp	std::locale::name
0x140121D80	0x121D80	216	wHook	original/wHook.cpp	std::chrono::steady_clock::now
0x140121E60	0x121E60	189	wHook	original/wHook.cpp	el_chavo::renderLoadProgress
0x140121F20	0x121F20	852	wHook	original/wHook.cpp	el_chavo::renderVideoFrame
0x1402723E0	0x2723E0	12	wHook	original/wHook.cpp	`el_chavo::renderVideoFrame'::`1'::dtor$0
0x140122280	0x122280	147	wHook	original/wHook.cpp	std::basic_string<char,std::char_traits<char>,std::allocator<char> >::resize
0x140122320	0x122320	137	wHook	original/wHook.cpp	std::basic_string<wchar_t,std::char_traits<wchar_t>,std::allocator<wchar_t> >::resize
0x1401223B0	0x1223B0	642	wHook	original/wHook.cpp	std::vector<bool,std::allocator<bool> >::resize
0x140122640	0x122640	16	wHook	original/wHook.cpp	resolutionComparison
0x140122650	0x122650	165	wHook	original/wHook.cpp	std::_Regex_traits<char>::translate
0x140122700	0x122700	15	wHook	original/wHook.cpp	std::filesystem::filesystem_error::what
0x140122710	0x122710	330	wHook	original/wHook.cpp	CleanupLevelData
0x140122860	0x122860	59	wHook	original/wHook.cpp	ClearWindow
0x1401228A0	0x1228A0	26	wHook	original/wHook.cpp	CtrlKeyDown
0x1401228C0	0x1228C0	35	wHook	original/wHook.cpp	DrawTile
0x1401228F0	0x1228F0	3	wHook	original/wHook.cpp	DrawUIRect
0x140122900	0x122900	25	wHook	original/wHook.cpp	GetWindowSize
0x140122920	0x122920	15	wHook	original/wHook.cpp	KeyHeld
0x140122930	0x122930	15	wHook	original/wHook.cpp	KeyPressed
0x140122940	0x122940	15	wHook	original/wHook.cpp	KeyReleased
0x140122950	0x122950	7	wHook	original/wHook.cpp	LastKey
0x140122960	0x122960	1273	wHook	original/wHook.cpp	LoadGameData
0x140122E60	0x122E60	2152	wHook	original/wHook.cpp	LoadOptionsData
0x1401236D0	0x1236D0	11	wHook	original/wHook.cpp	MarkFontAtlasForRefresh
0x1401236E0	0x1236E0	150	wHook	original/wHook.cpp	OutputTextXY
0x140123780	0x123780	4600	wHook	original/wHook.cpp	PlayVideo
0x140124980	0x124980	3	wHook	original/wHook.cpp	PresentWindow
0x140124990	0x124990	22	wHook	original/wHook.cpp	RefreshFontAtlas
0x1401249B0	0x1249B0	161	wHook	original/wHook.cpp	RenderUIText
0x140124A60	0x124A60	223	wHook	original/wHook.cpp	RenderUITexture
0x140124B40	0x124B40	21	wHook	original/wHook.cpp	SDL_ResetClipRect
0x140124B60	0x124B60	79	wHook	original/wHook.cpp	SDL_SetClip
0x140124BB0	0x124BB0	1228	wHook	original/wHook.cpp	SaveGameData
0x140125080	0x125080	1241	wHook	original/wHook.cpp	SaveSettingsData
0x140125560	0x125560	20	wHook	original/wHook.cpp	SetInMenu
0x140125580	0x125580	26	wHook	original/wHook.cpp	ShiftKeyDown
0x1401255A0	0x1255A0	20	wHook	original/wHook.cpp	UpdateResolution
0x1401255C0	0x1255C0	497	wHook	original/wHook.cpp	WaitVBlank
0x1401257C0	0x1257C0	590	wHook	original/wHook.cpp	WinMain
0x140125A10	0x125A10	3	wHook	original/wHook.cpp	WriteToOutputFile
0x140125A20	0x125A20	221	wHook	original/wHook.cpp	_ApplyLevelTransformation
0x140125B00	0x125B00	108	wHook	original/wHook.cpp	_ApplyProjection
0x140125B70	0x125B70	81	wHook	original/wHook.cpp	_ClearTextureCache
0x140125BD0	0x125BD0	309	wHook	original/wHook.cpp	_DrawTexture
0x140125D10	0x125D10	339	wHook	original/wHook.cpp	_DrawTextureClipped
0x140125E70	0x125E70	53	wHook	original/wHook.cpp	_DrawUITextUTF16
0x140125EB0	0x125EB0	71	wHook	original/wHook.cpp	_DrawUITextUTF16Depth
0x140125F00	0x125F00	63	wHook	original/wHook.cpp	_DrawUITextUTF16_3D
0x140125F40	0x125F40	12	wHook	original/wHook.cpp	_EndPoly
0x140125F50	0x125F50	891	wHook	original/wHook.cpp	_FreeTexture
0x1401262D0	0x1262D0	15	wHook	original/wHook.cpp	_InitFBXLevelData
0x1401262E0	0x1262E0	1001	wHook	original/wHook.cpp	_LoadTexture
0x1401266D0	0x1266D0	12	wHook	original/wHook.cpp	_NoScaleEndPoly
0x1401266E0	0x1266E0	70	wHook	original/wHook.cpp	_SetVert
0x140126730	0x126730	17	wHook	original/wHook.cpp	_StartPoly
0x140126750	0x126750	3	wHook	original/wHook.cpp	_StoreDescriptorHeapOffsetsEnd
0x140126760	0x126760	3	wHook	original/wHook.cpp	_StoreDescriptorHeapOffsetsStart
0x140126770	0x126770	1584	wHook	original/wHook.cpp	_TryLoadTexture
0x140126DA0	0x126DA0	71	wHook	original/wHook.cpp	__EndRender
0x140126DF0	0x126DF0	23	wHook	original/wHook.cpp	__HandleWindow
0x140126E10	0x126E10	3	wHook	original/wHook.cpp	__InitSystem
0x140126E20	0x126E20	136	wHook	original/wHook.cpp	__PCTrace
0x140126EB0	0x126EB0	236	wHook	original/wHook.cpp	__RenderLoad
0x140126FA0	0x126FA0	71	wHook	original/wHook.cpp	__StartRender
0x140126FF0	0x126FF0	699	wHook	original/wHook.cpp	audio_callback
0x1401272B0	0x1272B0	5	wHook	original/wHook.cpp	clearzerobss
0x1401272C0	0x1272C0	652	wHook	original/wHook.cpp	cliptoscreen
0x140127550	0x127550	23	wHook	original/wHook.cpp	console_TextureListCommand
0x140127570	0x127570	141	wHook	original/wHook.cpp	dbgprintf
0x140127600	0x127600	764	wHook	original/wHook.cpp	debug_box
0x140127900	0x127900	100	wHook	original/wHook.cpp	debug_drawline
0x140127970	0x127970	156	wHook	original/wHook.cpp	debug_drawpoint
0x140127A10	0x127A10	35	wHook	original/wHook.cpp	debug_drawpoint2d
0x140127A40	0x127A40	200	wHook	original/wHook.cpp	debug_drawsphere
0x140127B10	0x127B10	3	wHook	original/wHook.cpp	debug_line2d
0x140127B20	0x127B20	18	wHook	original/wHook.cpp	debug_printf
0x140127B40	0x127B40	161	wHook	original/wHook.cpp	debug_printf1
0x140127BF0	0x127BF0	125	wHook	original/wHook.cpp	debug_vectoroffset
0x140127C70	0x127C70	21	wHook	original/wHook.cpp	deserializeGameStruct
0x140127C90	0x127C90	33	wHook	original/wHook.cpp	deserializeOptionStruct
0x140127CC0	0x127CC0	166	wHook	original/wHook.cpp	frontEndPoly
0x140127D70	0x127D70	165	wHook	original/wHook.cpp	getDefaultResolutionIndex
0x140127E20	0x127E20	3	wHook	original/wHook.cpp	initXAstuff
0x140127E30	0x127E30	1400	wHook	original/wHook.cpp	platform_completeAchievement
0x1401283B0	0x1283B0	14	wHook	original/wHook.cpp	platform_getCompleteAchievement
0x1401283C0	0x1283C0	280	wHook	original/wHook.cpp	platform_getSystemLanguage
0x1401284E0	0x1284E0	84	wHook	original/wHook.cpp	platform_openURL
0x140128540	0x128540	42	wHook	original/wHook.cpp	platform_update
0x140128570	0x128570	3	wHook	original/wHook.cpp	seecull
0x140128580	0x128580	60	wHook	original/wHook.cpp	serializeGameStruct
0x1401285C0	0x1285C0	68	wHook	original/wHook.cpp	serializeOptionsStruct
0x140128610	0x128610	3	wHook	original/wHook.cpp	texture_GarbageCollect
0x140128620	0x128620	12	wHook	original/wHook.cpp	whook_RestoreTextures
0x140128630	0x128630	164	IO	original/win32/IO.c	file_AppendFile
0x1401286E0	0x1286E0	8	IO	original/win32/IO.c	file_CLOSE
0x1401286F0	0x1286F0	63	IO	original/win32/IO.c	file_GETSIZE
0x140128730	0x128730	78	IO	original/win32/IO.c	file_OPEN
0x140128780	0x128780	212	IO	original/win32/IO.c	file_READ
0x140128860	0x128860	3	IO	original/win32/IO.c	file_ReadPC
0x140128870	0x128870	22	IO	original/win32/IO.c	file_SEEK
0x140128890	0x128890	164	IO	original/win32/IO.c	file_WriteFile
0x140128940	0x128940	3	IO	original/win32/IO.c	file_gInitialise
0x140128950	0x128950	8	IO	original/win32/IO.c	io_file_LoadFile
0x140128960	0x128960	32	IO	original/win32/IO.c	io_file_LoadFile2Pool
0x140128980	0x128980	1142	jonnywin	original/win32/jonnywin.c	RotTransPersMany10bit
0x140128E00	0x128E00	230	jonnywin	original/win32/jonnywin.c	RotTransPersManyFV
0x140128EF0	0x128EF0	113	jonnywin	original/win32/jonnywin.c	SetupTransformMatrix
0x140128F70	0x128F70	190	jonnywin	original/win32/jonnywin.c	SetupWorldmeshMatrix
0x140129030	0x129030	1029	nodes	original/win32/nodes.c	_RenderNode
0x140129440	0x129440	138	nodes	original/win32/nodes.c	_RenderPackets
0x1401294D0	0x1294D0	257	nodes	original/win32/nodes.c	render_CreateRenderPacket
0x1401295E0	0x1295E0	882	nodes	original/win32/nodes.c	render_RenderModel
0x140129960	0x129960	2854	nodes	original/win32/nodes.c	render_RenderNode
0x14012A490	0x12A490	572	nodes	original/win32/nodes.c	render_RenderScene
0x14012A6D0	0x12A6D0	49	sound	original/win32/sound.c	ExtractFileNameFromPath
0x14012A710	0x12A710	101	sound	original/win32/sound.c	add_looped_sound_to_update
0x14012A780	0x12A780	37	sound	original/win32/sound.c	convert_svector_to_vector
0x14012A7B0	0x12A7B0	432	sound	original/win32/sound.c	get_sound_volume
0x14012A960	0x12A960	12	sound	original/win32/sound.c	mute_looped_sounds
0x14012A970	0x12A970	3	sound	original/win32/sound.c	setCDXAvol
0x14012A980	0x12A980	153	sound	original/win32/sound.c	sound_FreeBank
0x14012AA20	0x12AA20	6	sound	original/win32/sound.c	sound_GetIndex
0x14012AA30	0x12AA30	3	sound	original/win32/sound.c	sound_GetSoundIndex
0x14012AA40	0x12AA40	39	sound	original/win32/sound.c	sound_GetSoundName
0x14012AA70	0x12AA70	801	sound	original/win32/sound.c	sound_Init
0x14012ADA0	0x12ADA0	3	sound	original/win32/sound.c	sound_IsPlaying
0x14012ADB0	0x12ADB0	420	sound	original/win32/sound.c	sound_LoadBank
0x14012AF60	0x12AF60	73	sound	original/win32/sound.c	sound_NumInBank
0x14012AFB0	0x12AFB0	5	sound	original/win32/sound.c	sound_Pause
0x14012AFC0	0x12AFC0	131	sound	original/win32/sound.c	sound_Play
0x14012B050	0x12B050	5	sound	original/win32/sound.c	sound_PlayController
0x14012B060	0x12B060	171	sound	original/win32/sound.c	sound_PlayFV
0x14012B110	0x12B110	16	sound	original/win32/sound.c	sound_PlaySV
0x14012B120	0x12B120	3	sound	original/win32/sound.c	sound_Resume
0x14012B130	0x12B130	3	sound	original/win32/sound.c	sound_SetFrequency
0x14012B140	0x12B140	8	sound	original/win32/sound.c	sound_SetLoopingFadeTime
0x14012B150	0x12B150	3	sound	original/win32/sound.c	sound_SetPosition
0x14012B160	0x12B160	5	sound	original/win32/sound.c	sound_StopAll
0x14012B170	0x12B170	588	sound	original/win32/sound.c	sound_StopSound
0x14012B3C0	0x12B3C0	3	sound	original/win32/sound.c	sound_UnLoadBank
0x14012B3D0	0x12B3D0	3	sound	original/win32/sound.c	sound_UpdateAll
0x14012B3E0	0x12B3E0	1040	sound	original/win32/sound.c	sound_playSfx
0x14012B7F0	0x12B7F0	60	sound	original/win32/sound.c	stop_all_looped_sounds
0x14012B830	0x12B830	12	sound	original/win32/sound.c	unmute_looped_sounds
0x14012B840	0x12B840	747	sound	original/win32/sound.c	update_looped_sounds
0x14012BB30	0x12BB30	6	win_audio	original/win32/win_audio.c	kmAudio_IsAudioStarted
0x14012BB40	0x12BB40	3	win_audio	original/win32/win_audio.c	kmAudio_ShutDown
0x14012BB50	0x12BB50	6	win_audio	original/win32/win_audio.c	kmAudio_StartUp
0x14012BB60	0x12BB60	23	win_audioStream	original/win32/win_audioStream.c	kmAudioStream_ShutDown
0x14012BB80	0x12BB80	67	win_audioStream	original/win32/win_audioStream.c	kmAudioStream_StartUp
0x14012BBD0	0x12BBD0	36	win_audioStream	original/win32/win_audioStream.c	pauseXA
0x14012BC00	0x12BC00	270	win_audioStream	original/win32/win_audioStream.c	playXA
0x14012BD10	0x12BD10	95	win_audioStream	original/win32/win_audioStream.c	setChannelType
0x14012BD70	0x12BD70	5	win_audioStream	original/win32/win_audioStream.c	setMusicVol
0x14012BD80	0x12BD80	36	win_audioStream	original/win32/win_audioStream.c	stopXA
0x14012BDB0	0x12BDB0	36	win_audioStream	original/win32/win_audioStream.c	unpauseXA
0x14012BDE0	0x12BDE0	3	win_audioStream	original/win32/win_audioStream.c	updateXA
0x14012BDF0	0x12BDF0	3	win_moviePlayer	original/win32/win_moviePlayer.c	winMovie_Init
0x14012BE00	0x12BE00	40	win_moviePlayer	original/win32/win_moviePlayer.c	winMovie_Play
0x14012C070	0x12C070	356	wInput	original/wInput.c	AddControllerDevice
0x14012C1E0	0x12C1E0	45	wInput	original/wInput.c	AddInputDevice
0x14012C210	0x12C210	3	wInput	original/wInput.c	AddJoyDevice
0x14012C220	0x12C220	119	wInput	original/wInput.c	CleanupInput
0x14012C2A0	0x12C2A0	3	wInput	original/wInput.c	DirectDrawCreateEx
0x14012C2B0	0x12C2B0	3	wInput	original/wInput.c	DirectDrawEnumerateExA
0x14012C2C0	0x12C2C0	71	wInput	original/wInput.c	InitInput
0x14012C310	0x12C310	3	wInput	original/wInput.c	InitJoystickInput
0x14012C320	0x12C320	211	wInput	original/wInput.c	InitKeyboardInput
0x14012C400	0x12C400	3	wInput	original/wInput.c	P1Disconnected
0x14012C410	0x12C410	22	wInput	original/wInput.c	P2Disconnected
0x14012C430	0x12C430	33	wInput	original/wInput.c	PickInputDevice
0x14012C460	0x12C460	43	wInput	original/wInput.c	ReacquireInput
0x14012C490	0x12C490	2476	wInput	original/wInput.c	ReadJoystickInput
0x14012BE30	0x12BE30	571	wInput	original/wInput.c	ReadKeyboardInput
0x14012CE40	0x12CE40	82	wInput	original/wInput.c	SetDIDwordProperty
0x14012CEA0	0x12CEA0	145	wInput	original/wInput.c	UpdateJoyDevices
0x14012CF40	0x12CF40	12	wInput	original/wInput.c	WInput_IsKBM
0x14012CF50	0x12CF50	240	wInput	original/wInput.c	assignBackToP1
0x14012D040	0x12D040	592	wInput	original/wInput.c	checkP2Device
0x14012D290	0x12D290	371	wInput	original/wInput.c	checkStartDevice
0x14012D410	0x12D410	3	wInput	original/wInput.c	debugOut
0x14012D420	0x12D420	26	wInput	original/wInput.c	padbuttonpressed
0x14012D440	0x12D440	13	wInput	original/wInput.c	setMenuBindings
0x14012D450	0x12D450	106	wInput	original/wInput.c	vibration_start
0x14012D4C0	0x12D4C0	59	wInput	original/wInput.c	vibration_stop
0x14012D500	0x12D500	70	wRender	original/wRender.c	PopMatrix
0x14012D550	0x12D550	70	wRender	original/wRender.c	PushMatrix
0x14012D5A0	0x12D5A0	916	wRender	original/wRender.c	_CubeRender
0x14012D940	0x12D940	284	wRender	original/wRender.c	_Cull
0x14012DA60	0x12DA60	688	wRender	original/wRender.c	_FatRender
0x14012DD10	0x12DD10	199	wRender	original/wRender.c	_PerspectiveTransform
0x14012DDE0	0x12DDE0	1397	wRender	original/wRender.c	_RenderParticle
0x14012E360	0x12E360	869	wRender	original/wRender.c	_ThinRender
0x14012E6D0	0x12E6D0	3	wRender	original/wRender.c	__InitDisplay
0x14012E6E0	0x12E6E0	1305	wRender	original/wRender.c	gl_RenderNode
0x14012EC00	0x12EC00	3	wRender	original/wRender.c	psx_LoadBar
0x14012EC10	0x12EC10	17	zerobss	original/zerobss.cpp	__builtin_array_init_helper<_collide_info>
0x14012EC30	0x12EC30	21	zerobss	original/zerobss.cpp	__builtin_array_init_helper<_svector>
0x14012EC50	0x12EC50	20	zerobss	original/zerobss.cpp	__builtin_array_init_helper<playerObject>
0x14012EC70	0x12EC70	956	zerobss	original/zerobss.cpp	ZeroBSS
0x14012F030	0x12F030	3	zerobss	original/zerobss.cpp	ZeroBSS_ClearAll
0x14012F040	0x12F040	51	win_memcard	original/win32/win_memcard.c	cardfile
0x14012F080	0x12F080	3	win_memcard	original/win32/win_memcard.c	kmMemcard_Delete
0x14012F090	0x12F090	3	win_memcard	original/win32/win_memcard.c	kmMemcard_Exit
0x14012F0A0	0x12F0A0	3	win_memcard	original/win32/win_memcard.c	kmMemcard_Load
0x14012F0B0	0x12F0B0	3	win_memcard	original/win32/win_memcard.c	kmMemcard_Save
0x14012F0C0	0x12F0C0	3	win_memcard	original/win32/win_memcard.c	kmMemcard_Update
0x14012F0D0	0x12F0D0	57	win_memcard	original/win32/win_memcard.c	memcard_DeleteFile
0x14012F110	0x12F110	86	win_memcard	original/win32/win_memcard.c	memcard_FileExists
0x14012F170	0x12F170	210	win_memcard	original/win32/win_memcard.c	memcard_FindFirstFile
0x14012F250	0x12F250	200	win_memcard	original/win32/win_memcard.c	memcard_FindNextFile
0x14012F320	0x12F320	364	win_memcard	original/win32/win_memcard.c	memcard_LoadFile
0x14012F490	0x12F490	171	win_memcard	original/win32/win_memcard.c	memcard_SaveFile
0x14012F540	0x12F540	3	win_memcard	original/win32/win_memcard.c	memcard_off
0x14012F550	0x12F550	3	win_memcard	original/win32/win_memcard.c	memcard_on
